{
    "Version": "2.1.8.9",
    "Names": {
        "Africa\/Abidjan": "Abican",
        "Africa\/Accra": "Akkra",
        "Africa\/Addis_Ababa": "Əddis Əbəbə",
        "Africa\/Algiers": "Əlcəzair",
        "Africa\/Asmera": "Əsmərə",
        "Africa\/Bamako": "Bamako",
        "Africa\/Bangui": "Banqui",
        "Africa\/Banjul": "Bancul",
        "Africa\/Bissau": "Bissau",
        "Africa\/Blantyre": "Blantir",
        "Africa\/Brazzaville": "Brazzavil",
        "Africa\/Bujumbura": "Bujumbura",
        "Africa\/Cairo": "Qahirə",
        "Africa\/Casablanca": "Kasablanka",
        "Africa\/Ceuta": "Seuta",
        "Africa\/Conakry": "Konakri",
        "Africa\/Dakar": "Dakar",
        "Africa\/Dar_es_Salaam": "Dar es Salam",
        "Africa\/Djibouti": "Cibuti",
        "Africa\/Douala": "Duala",
        "Africa\/El_Aaiun": "Əl Əyun",
        "Africa\/Freetown": "Fritaun",
        "Africa\/Gaborone": "Qaboron",
        "Africa\/Harare": "Harare",
        "Africa\/Johannesburg": "Yohanesburq",
        "Africa\/Juba": "Juba",
        "Africa\/Kampala": "Kampala",
        "Africa\/Khartoum": "Xartum",
        "Africa\/Kigali": "Kiqali",
        "Africa\/Kinshasa": "Kinşasa",
        "Africa\/Lagos": "Laqos",
        "Africa\/Libreville": "Librevil",
        "Africa\/Lome": "Lome",
        "Africa\/Luanda": "Luanda",
        "Africa\/Lubumbashi": "Lubumbaşi",
        "Africa\/Lusaka": "Lusaka",
        "Africa\/Malabo": "Malabo",
        "Africa\/Maputo": "Maputo",
        "Africa\/Maseru": "Maseru",
        "Africa\/Mbabane": "Mbabane",
        "Africa\/Mogadishu": "Moqadişu",
        "Africa\/Monrovia": "Monrovia",
        "Africa\/Nairobi": "Nairobi",
        "Africa\/Ndjamena": "Ncamena",
        "Africa\/Niamey": "Niamey",
        "Africa\/Nouakchott": "Nouakşot",
        "Africa\/Ouagadougou": "Uqaduqu",
        "Africa\/Porto-Novo": "Porto-Novo",
        "Africa\/Sao_Tome": "San Tom",
        "Africa\/Tripoli": "Tripoli",
        "Africa\/Tunis": "Tunis",
        "Africa\/Windhoek": "Vindhuk",
        "America\/Adak": "Adak",
        "America\/Anchorage": "Ankorac",
        "America\/Anguilla": "Angilya",
        "America\/Antigua": "Antiqua",
        "America\/Araguaina": "Araguayna",
        "America\/Argentina\/La_Rioja": "Rioxa",
        "America\/Argentina\/Rio_Gallegos": "Rio Qalyeqos",
        "America\/Argentina\/Salta": "Salta",
        "America\/Argentina\/San_Juan": "San Xuan",
        "America\/Argentina\/San_Luis": "San Luis",
        "America\/Argentina\/Tucuman": "Tukuman",
        "America\/Argentina\/Ushuaia": "Uşuaya",
        "America\/Aruba": "Aruba",
        "America\/Asuncion": "Asunsion",
        "America\/Bahia": "Bahiya",
        "America\/Bahia_Banderas": "Bahia Banderas",
        "America\/Barbados": "Barbados",
        "America\/Belem": "Belem",
        "America\/Belize": "Beliz",
        "America\/Blanc-Sablon": "Blank-Sablon",
        "America\/Boa_Vista": "Boa Vista",
        "America\/Bogota": "Boqota",
        "America\/Boise": "Boyse",
        "America\/Buenos_Aires": "Buenos Ayres",
        "America\/Cambridge_Bay": "Kembric Körfəzi",
        "America\/Campo_Grande": "Kampo Qrande",
        "America\/Cancun": "Kankun",
        "America\/Caracas": "Karakas",
        "America\/Catamarca": "Katamarka",
        "America\/Cayenne": "Kayen",
        "America\/Cayman": "Kayman",
        "America\/Chicago": "Cikaqo",
        "America\/Chihuahua": "Çihuahua",
        "America\/Coral_Harbour": "Atikokan",
        "America\/Cordoba": "Kordoba",
        "America\/Costa_Rica": "Kosta Rika",
        "America\/Creston": "Kreston",
        "America\/Cuiaba": "Kuyaba",
        "America\/Curacao": "Kurasao",
        "America\/Danmarkshavn": "Danmarkşavn",
        "America\/Dawson": "Douson",
        "America\/Dawson_Creek": "Douson Krik",
        "America\/Denver": "Denver",
        "America\/Detroit": "Detroyt",
        "America\/Dominica": "Dominika",
        "America\/Edmonton": "Edmondton",
        "America\/Eirunepe": "İrunepe",
        "America\/El_Salvador": "Salvador",
        "America\/Fortaleza": "Fortaleza",
        "America\/Glace_Bay": "Qleys Körfəzi",
        "America\/Godthab": "Nuuk",
        "America\/Goose_Bay": "Quz Körfəzi",
        "America\/Grand_Turk": "Qrand Turk",
        "America\/Grenada": "Qrenada",
        "America\/Guadeloupe": "Qvadelupa",
        "America\/Guatemala": "Qvatemala",
        "America\/Guayaquil": "Quayakil",
        "America\/Guyana": "Qayana",
        "America\/Halifax": "Halifaks",
        "America\/Havana": "Havana",
        "America\/Hermosillo": "Hermosilo",
        "America\/Indiana\/Knox": "Noks",
        "America\/Indiana\/Marengo": "Marenqo",
        "America\/Indiana\/Petersburg": "Pitersburq",
        "America\/Indiana\/Tell_City": "Tell",
        "America\/Indiana\/Vevay": "Vivey",
        "America\/Indiana\/Vincennes": "Vinsen",
        "America\/Indiana\/Winamac": "Vinamak",
        "America\/Indianapolis": "İndianapolis",
        "America\/Inuvik": "İnuvik",
        "America\/Iqaluit": "İqaluit",
        "America\/Jamaica": "Yamayka",
        "America\/Jujuy": "Jujuy",
        "America\/Juneau": "Cuno",
        "America\/Kentucky\/Monticello": "Montiçello",
        "America\/Kralendijk": "Kralendik",
        "America\/La_Paz": "La Pas",
        "America\/Lima": "Lima",
        "America\/Los_Angeles": "Los Anceles",
        "America\/Louisville": "Luisvil",
        "America\/Lower_Princes": "Aşağı Prins Kvartalı",
        "America\/Maceio": "Maseyo",
        "America\/Managua": "Manaqua",
        "America\/Manaus": "Manaus",
        "America\/Marigot": "Mariqot",
        "America\/Martinique": "Martinik",
        "America\/Matamoros": "Matamoros",
        "America\/Mazatlan": "Mazaltan",
        "America\/Mendoza": "Mendoza",
        "America\/Menominee": "Menomini",
        "America\/Merida": "Merida",
        "America\/Metlakatla": "Metlakatla",
        "America\/Mexico_City": "Mexiko",
        "America\/Miquelon": "Mikelon",
        "America\/Moncton": "Monkton",
        "America\/Monterrey": "Monterey",
        "America\/Montevideo": "Montevideo",
        "America\/Montserrat": "Monserat",
        "America\/Nassau": "Nassau",
        "America\/New_York": "Nyu York",
        "America\/Nipigon": "Nipiqon",
        "America\/Nome": "Nom",
        "America\/Noronha": "Noronya",
        "America\/North_Dakota\/Beulah": "Beulah, Şimali Dakota",
        "America\/North_Dakota\/Center": "Mərkəz, Şimal Dakota",
        "America\/North_Dakota\/New_Salem": "Nyu Salem",
        "America\/Ojinaga": "Ocinaqa",
        "America\/Panama": "Panama",
        "America\/Pangnirtung": "Panqnirtanq",
        "America\/Paramaribo": "Paramaribo",
        "America\/Phoenix": "Feniks",
        "America\/Port-au-Prince": "Port-o-Prins",
        "America\/Port_of_Spain": "İspan Limanı",
        "America\/Porto_Velho": "Porto Velyo",
        "America\/Puerto_Rico": "Puerto Riko",
        "America\/Rainy_River": "Reyni Çayı",
        "America\/Rankin_Inlet": "Rankin Girişi",
        "America\/Recife": "Resif",
        "America\/Regina": "Recina",
        "America\/Resolute": "Rezolyut",
        "America\/Rio_Branco": "Rio Branko",
        "America\/Santa_Isabel": "Santa Isabel",
        "America\/Santarem": "Santarem",
        "America\/Santiago": "Santyaqo",
        "America\/Santo_Domingo": "Santo Dominqo",
        "America\/Sao_Paulo": "San Paulo",
        "America\/Scoresbysund": "Skoresbisund",
        "America\/Sitka": "Sitka",
        "America\/St_Barthelemy": "San Bartolomey",
        "America\/St_Johns": "Sent Cons",
        "America\/St_Kitts": "San Kits",
        "America\/St_Lucia": "San Lüsiya",
        "America\/St_Thomas": "San Tomas",
        "America\/St_Vincent": "San Vinsent",
        "America\/Swift_Current": "Svift Kurent",
        "America\/Tegucigalpa": "Tequsiqalpa",
        "America\/Thule": "Tul",
        "America\/Thunder_Bay": "İldırım Körfəzi",
        "America\/Tijuana": "Tixuana",
        "America\/Toronto": "Toronto",
        "America\/Tortola": "Tortola",
        "America\/Vancouver": "Vankuver",
        "America\/Whitehorse": "Uaythors",
        "America\/Winnipeg": "Vinipeq",
        "America\/Yakutat": "Yakutat",
        "America\/Yellowknife": "Yelounayf",
        "Antarctica\/Casey": "Keysi",
        "Antarctica\/Davis": "Deyvis",
        "Antarctica\/DumontDUrville": "Dumont d’Urvil",
        "Antarctica\/Macquarie": "Makuari",
        "Antarctica\/Mawson": "Mouson",
        "Antarctica\/McMurdo": "Mak Murdo",
        "Antarctica\/Palmer": "Palmer",
        "Antarctica\/Rothera": "Rothera",
        "Antarctica\/Syowa": "Syova",
        "Antarctica\/Troll": "Troll",
        "Antarctica\/Vostok": "Vostok",
        "Arctic\/Longyearbyen": "Lonqyir",
        "Asia\/Aden": "Aden",
        "Asia\/Almaty": "Almatı",
        "Asia\/Amman": "Amman",
        "Asia\/Anadyr": "Anadır",
        "Asia\/Aqtau": "Aktau",
        "Asia\/Aqtobe": "Aqtobe",
        "Asia\/Ashgabat": "Aşqabat",
        "Asia\/Baghdad": "Bağdad",
        "Asia\/Bahrain": "Bəhreyn",
        "Asia\/Baku": "Bakı",
        "Asia\/Bangkok": "Banqkok",
        "Asia\/Beirut": "Beyrut",
        "Asia\/Bishkek": "Bişkek",
        "Asia\/Brunei": "Brunei",
        "Asia\/Calcutta": "Kolkata",
        "Asia\/Choibalsan": "Çoybalsan",
        "Asia\/Chongqing": "Çonginq",
        "Asia\/Colombo": "Kolombo",
        "Asia\/Damascus": "Dəməşq",
        "Asia\/Dhaka": "Dəkkə",
        "Asia\/Dili": "Dili",
        "Asia\/Dubai": "Dubay",
        "Asia\/Dushanbe": "Düşənbə",
        "Asia\/Gaza": "Qəza",
        "Asia\/Harbin": "Harbin",
        "Asia\/Hebron": "Hebron",
        "Asia\/Hong_Kong": "Honq Konq",
        "Asia\/Hovd": "Hovd",
        "Asia\/Irkutsk": "İrkutsk",
        "Asia\/Jakarta": "Cakarta",
        "Asia\/Jayapura": "Cayapura",
        "Asia\/Jerusalem": "Yerusəlim",
        "Asia\/Kabul": "Kabil",
        "Asia\/Kamchatka": "Kamçatka",
        "Asia\/Karachi": "Karaçi",
        "Asia\/Kashgar": "Kaşqar",
        "Asia\/Katmandu": "Katmandu",
        "Asia\/Khandyga": "Xandıqa",
        "Asia\/Krasnoyarsk": "Krasnoyarsk",
        "Asia\/Kuala_Lumpur": "Kuala Lumpur",
        "Asia\/Kuching": "Kuçinq",
        "Asia\/Kuwait": "Küveyt",
        "Asia\/Macau": "Makao",
        "Asia\/Magadan": "Maqadan",
        "Asia\/Makassar": "Makasar",
        "Asia\/Manila": "Manila",
        "Asia\/Muscat": "Muskat",
        "Asia\/Nicosia": "Nikosia",
        "Asia\/Novokuznetsk": "Novokuznetsk",
        "Asia\/Novosibirsk": "Novosibirsk",
        "Asia\/Omsk": "Omsk",
        "Asia\/Oral": "Oral",
        "Asia\/Phnom_Penh": "Pnom Pen",
        "Asia\/Pontianak": "Pontianak",
        "Asia\/Pyongyang": "Pxenyan",
        "Asia\/Qatar": "Qatar",
        "Asia\/Qyzylorda": "Qızılorda",
        "Asia\/Rangoon": "Ranqun",
        "Asia\/Riyadh": "Riyad",
        "Asia\/Saigon": "Ho Şi Min",
        "Asia\/Sakhalin": "Saxalin",
        "Asia\/Samarkand": "Səmərqənd",
        "Asia\/Seoul": "Seul",
        "Asia\/Shanghai": "Şanxay",
        "Asia\/Singapore": "Sinqapur",
        "Asia\/Taipei": "Taipei",
        "Asia\/Tashkent": "Daşkənd",
        "Asia\/Tbilisi": "Tbilisi",
        "Asia\/Tehran": "Tehran",
        "Asia\/Thimphu": "Thimphu",
        "Asia\/Tokyo": "Tokyo",
        "Asia\/Ulaanbaatar": "Ulanbator",
        "Asia\/Urumqi": "Urumçi",
        "Asia\/Ust-Nera": "Ust-Nera",
        "Asia\/Vientiane": "Vyentyan",
        "Asia\/Vladivostok": "Vladivostok",
        "Asia\/Yakutsk": "Yakutsk",
        "Asia\/Yekaterinburg": "Yekaterinburq",
        "Asia\/Yerevan": "Yerevan",
        "Atlantic\/Azores": "Azor",
        "Atlantic\/Bermuda": "Bermuda",
        "Atlantic\/Canary": "Kanar",
        "Atlantic\/Cape_Verde": "Kape Verde",
        "Atlantic\/Faeroe": "Farer",
        "Atlantic\/Madeira": "Madeyra",
        "Atlantic\/Reykjavik": "Reykyavik",
        "Atlantic\/South_Georgia": "Cənubi Corciya",
        "Atlantic\/St_Helena": "Müqəddəs Yelena",
        "Atlantic\/Stanley": "Stenli",
        "Australia\/Adelaide": "Adelaida",
        "Australia\/Brisbane": "Brisbeyn",
        "Australia\/Broken_Hill": "Broken Hill",
        "Australia\/Currie": "Kuriye",
        "Australia\/Darwin": "Darvin",
        "Australia\/Eucla": "Yukla",
        "Australia\/Hobart": "Hobart",
        "Australia\/Lindeman": "Lindeman",
        "Australia\/Lord_Howe": "Lord Hau",
        "Australia\/Melbourne": "Melburn",
        "Australia\/Perth": "Perth",
        "Australia\/Sydney": "Sidney",
        "Etc\/Unknown": "Naməlum Şəhər",
        "Europe\/Amsterdam": "Amsterdam",
        "Europe\/Andorra": "Andorra",
        "Europe\/Athens": "Afina",
        "Europe\/Belgrade": "Belqrad",
        "Europe\/Berlin": "Berlin",
        "Europe\/Bratislava": "Bratislava",
        "Europe\/Brussels": "Brüssel",
        "Europe\/Bucharest": "Buxarest",
        "Europe\/Budapest": "Budapeşt",
        "Europe\/Busingen": "Busingen",
        "Europe\/Chisinau": "Kişinyov",
        "Europe\/Copenhagen": "Kopenhagen",
        "Europe\/Dublin": "Dublin",
        "Europe\/Gibraltar": "Gibraltar",
        "Europe\/Guernsey": "Gernzey",
        "Europe\/Helsinki": "Helsinki",
        "Europe\/Isle_of_Man": "Men Adası",
        "Europe\/Istanbul": "Istanbul",
        "Europe\/Jersey": "Cersi",
        "Europe\/Kaliningrad": "Kalininqrad",
        "Europe\/Kiev": "Kiyev",
        "Europe\/Lisbon": "Lissabon",
        "Europe\/Ljubljana": "Lyublyana",
        "Europe\/London": "London",
        "Europe\/Luxembourg": "Lüksemburq",
        "Europe\/Madrid": "Madrid",
        "Europe\/Malta": "Malta",
        "Europe\/Mariehamn": "Mariham",
        "Europe\/Minsk": "Minsk",
        "Europe\/Monaco": "Monako",
        "Europe\/Moscow": "Moskva",
        "Europe\/Oslo": "Oslo",
        "Europe\/Paris": "Paris",
        "Europe\/Podgorica": "Podqoritsa",
        "Europe\/Prague": "Praqa",
        "Europe\/Riga": "Riqa",
        "Europe\/Rome": "Roma",
        "Europe\/Samara": "Samara",
        "Europe\/San_Marino": "San Marino",
        "Europe\/Sarajevo": "Sarayevo",
        "Europe\/Simferopol": "Simferopol",
        "Europe\/Skopje": "Skopye",
        "Europe\/Sofia": "Sofia",
        "Europe\/Stockholm": "Stokholm",
        "Europe\/Tallinn": "Tallin",
        "Europe\/Tirane": "Tirana",
        "Europe\/Uzhgorod": "Ujgorod",
        "Europe\/Vaduz": "Vaduts",
        "Europe\/Vatican": "Vatikan",
        "Europe\/Vienna": "Vyana",
        "Europe\/Vilnius": "Vilnyus",
        "Europe\/Volgograd": "Volqoqrad",
        "Europe\/Warsaw": "Varşava",
        "Europe\/Zagreb": "Zaqreb",
        "Europe\/Zaporozhye": "Zaporojye",
        "Europe\/Zurich": "Sürix",
        "Indian\/Antananarivo": "Antananarivo",
        "Indian\/Chagos": "Çaqos",
        "Indian\/Christmas": "Milad",
        "Indian\/Cocos": "Kokos",
        "Indian\/Comoro": "Komoro",
        "Indian\/Kerguelen": "Kergelen",
        "Indian\/Mahe": "Mahe",
        "Indian\/Maldives": "Maldiv",
        "Indian\/Mauritius": "Mavriki",
        "Indian\/Mayotte": "Mayot",
        "Indian\/Reunion": "Reunion",
        "Pacific\/Apia": "Apia",
        "Pacific\/Auckland": "Aukland",
        "Pacific\/Chatham": "Çatam",
        "Pacific\/Easter": "Pasxa",
        "Pacific\/Efate": "Efate",
        "Pacific\/Enderbury": "Enderböri",
        "Pacific\/Fakaofo": "Fakaofo",
        "Pacific\/Fiji": "Fici",
        "Pacific\/Funafuti": "Funafuti",
        "Pacific\/Galapagos": "Qalapaqos",
        "Pacific\/Gambier": "Qambiyer",
        "Pacific\/Guadalcanal": "Quadalkanal",
        "Pacific\/Guam": "Quam",
        "Pacific\/Honolulu": "Honolulu",
        "Pacific\/Johnston": "Conston",
        "Pacific\/Kiritimati": "Kirimati",
        "Pacific\/Kosrae": "Kosraye",
        "Pacific\/Kwajalein": "Kvajaleyn",
        "Pacific\/Majuro": "Macuro",
        "Pacific\/Marquesas": "Markesas",
        "Pacific\/Midway": "Midvey",
        "Pacific\/Nauru": "Nauru",
        "Pacific\/Niue": "Niue",
        "Pacific\/Norfolk": "Norfolk",
        "Pacific\/Noumea": "Noumea",
        "Pacific\/Pago_Pago": "Paqo Paqo",
        "Pacific\/Palau": "Palau",
        "Pacific\/Pitcairn": "Pitkern",
        "Pacific\/Ponape": "Pohnpei",
        "Pacific\/Port_Moresby": "Port Moresbi",
        "Pacific\/Rarotonga": "Rarotonqa",
        "Pacific\/Saipan": "Saipan",
        "Pacific\/Tahiti": "Tahiti",
        "Pacific\/Tarawa": "Tarava",
        "Pacific\/Tongatapu": "Tonqapatu",
        "Pacific\/Truk": "Çuuk",
        "Pacific\/Wake": "Veyk",
        "Pacific\/Wallis": "Uollis"
    }
}
