{
    "Version": "2.1.8.9",
    "Names": {
        "Africa\/Abidjan": "আবিদজান",
        "Africa\/Accra": "আক্রা",
        "Africa\/Addis_Ababa": "আদ্দিস আবাবা",
        "Africa\/Algiers": "আলজিয়ার্স",
        "Africa\/Asmera": "অ্যাসমারাহু",
        "Africa\/Bamako": "বাম্যাকো",
        "Africa\/Bangui": "বাঙ্গুল",
        "Africa\/Banjul": "বাঞ্জুল",
        "Africa\/Bissau": "বিসোউ",
        "Africa\/Blantyre": "ব্ল্যানটায়ের",
        "Africa\/Brazzaville": "ব্রাজউহভিল",
        "Africa\/Bujumbura": "বুজুমবুরহু",
        "Africa\/Cairo": "কায়রো",
        "Africa\/Casablanca": "কাসাব্লাঙ্কা",
        "Africa\/Ceuta": "সেউটা",
        "Africa\/Conakry": "কনাক্রি",
        "Africa\/Dakar": "ডাকার",
        "Africa\/Dar_es_Salaam": "দার এস সালাম",
        "Africa\/Djibouti": "জিবুটি",
        "Africa\/Douala": "ডোয়ালা",
        "Africa\/El_Aaiun": "এল আহইউন",
        "Africa\/Freetown": "ফ্রীটাউন",
        "Africa\/Gaborone": "গ্যাবুরনি",
        "Africa\/Harare": "হারারে",
        "Africa\/Johannesburg": "জোহানেসবার্গ",
        "Africa\/Juba": "জুবা",
        "Africa\/Kampala": "কামপালা",
        "Africa\/Khartoum": "খার্তুম",
        "Africa\/Kigali": "কিগালি",
        "Africa\/Kinshasa": "কিনশাসা",
        "Africa\/Lagos": "লাগোস",
        "Africa\/Libreville": "লিব্রুভিল",
        "Africa\/Lome": "লোমায়",
        "Africa\/Luanda": "লোয়ান্ডা",
        "Africa\/Lubumbashi": "লুবুম্বাশি",
        "Africa\/Lusaka": "লুসাকা",
        "Africa\/Malabo": "মালাবো",
        "Africa\/Maputo": "মাপুতো",
        "Africa\/Maseru": "মাহসুরু",
        "Africa\/Mbabane": "অমবাবান",
        "Africa\/Mogadishu": "মাওগাদিসু",
        "Africa\/Monrovia": "মনরোভিয়া",
        "Africa\/Nairobi": "নাইরোবি",
        "Africa\/Ndjamena": "এনজমেনা",
        "Africa\/Niamey": "নিয়ামে",
        "Africa\/Nouakchott": "নোয়াকশট",
        "Africa\/Ouagadougou": "ওয়াহগুডোগু",
        "Africa\/Porto-Novo": "পোর্টো-নোভো",
        "Africa\/Sao_Tome": "সাও টোম",
        "Africa\/Tripoli": "ত্রিপোলি",
        "Africa\/Tunis": "টিউনিস",
        "Africa\/Windhoek": "উইনধোক",
        "America\/Adak": "আডাক",
        "America\/Anchorage": "এনকোরেজ",
        "America\/Anguilla": "অ্যাঙ্গুইলা",
        "America\/Antigua": "অ্যান্টিগুয়াগা",
        "America\/Araguaina": "আরাগুয়াইনা",
        "America\/Argentina\/La_Rioja": "লা রিওহা",
        "America\/Argentina\/Rio_Gallegos": "রিও গায়েগোস",
        "America\/Argentina\/Salta": "স্যালটা",
        "America\/Argentina\/San_Juan": "সান হুয়ান",
        "America\/Argentina\/San_Luis": "সান লুইস",
        "America\/Argentina\/Tucuman": "টুকুমান",
        "America\/Argentina\/Ushuaia": "উশুয়াইয়া",
        "America\/Aruba": "এরুবা",
        "America\/Asuncion": "আসুনসিয়ন",
        "America\/Bahia": "বাহিয়া",
        "America\/Bahia_Banderas": "বাহিয়া বানড্রাস",
        "America\/Barbados": "বার্বাডোজ",
        "America\/Belem": "বেলেম",
        "America\/Belize": "বেলিজ",
        "America\/Blanc-Sablon": "ব্লাঙ্ক-সাব্লোন",
        "America\/Boa_Vista": "বোয়া ভিস্তা",
        "America\/Bogota": "বোগোটা",
        "America\/Boise": "বয়জি",
        "America\/Buenos_Aires": "বুয়েনোস আয়েরেস",
        "America\/Cambridge_Bay": "কেমব্রিজ বে",
        "America\/Campo_Grande": "কাম্পো গ্রান্ডে",
        "America\/Cancun": "ক্যানকুন",
        "America\/Caracas": "ক্যারাকাস",
        "America\/Catamarca": "ক্যাটামার্কা",
        "America\/Cayenne": "কাহেন",
        "America\/Cayman": "কামেন",
        "America\/Chicago": "শিকাগো",
        "America\/Chihuahua": "চিহুয়াহুয়া",
        "America\/Coral_Harbour": "কোরাল হার্বার",
        "America\/Cordoba": "কর্ডোবা",
        "America\/Costa_Rica": "কোস্টারিকা",
        "America\/Creston": "ক্রিস্টান",
        "America\/Cuiaba": "কুইয়াবা",
        "America\/Curacao": "কুরাসাও",
        "America\/Danmarkshavn": "ডানমার্কশ্যাভন",
        "America\/Dawson": "ডসোন",
        "America\/Dawson_Creek": "ডসোন ক্রিক",
        "America\/Denver": "ডেনভার",
        "America\/Detroit": "ডেট্রোইট",
        "America\/Dominica": "ডোমিনিকা",
        "America\/Edmonton": "এডমন্টোন",
        "America\/Eirunepe": "আইরুনেপে",
        "America\/El_Salvador": "এল সালভাদোর",
        "America\/Fortaleza": "ফোর্টালেজা",
        "America\/Glace_Bay": "গ্লাস বে",
        "America\/Godthab": "নুক",
        "America\/Goose_Bay": "গুস বে",
        "America\/Grand_Turk": "গ্র্যান্ড তুর্ক",
        "America\/Grenada": "গ্রেনাডা",
        "America\/Guadeloupe": "গুয়াদেলোপ",
        "America\/Guatemala": "গুয়াতেমালা",
        "America\/Guayaquil": "গোয়াইয়াকিল",
        "America\/Guyana": "গায়ানা",
        "America\/Halifax": "হ্যালিফ্যাক্স",
        "America\/Havana": "হাভানা",
        "America\/Hermosillo": "হারমোসিল্লো",
        "America\/Indiana\/Knox": "নক্স, ইন্ডিয়ানা",
        "America\/Indiana\/Marengo": "মারেঙ্গো, ইন্ডিয়ানা",
        "America\/Indiana\/Petersburg": "পিটারর্সবার্গ, ইন্ডিয়ানা",
        "America\/Indiana\/Tell_City": "টেলসিটি, ইন্ডিয়ানা",
        "America\/Indiana\/Vevay": "ভেভেয়, ইন্ডিয়ানা",
        "America\/Indiana\/Vincennes": "ভিনসেন্নেস, ইন্ডিয়ানা",
        "America\/Indiana\/Winamac": "উইনাম্যাক, ইন্ডিয়ানা",
        "America\/Indianapolis": "ইন্ডিয়ানাপোলিস",
        "America\/Inuvik": "ইনুভ্যাক",
        "America\/Iqaluit": "ইকুয়ালুইট",
        "America\/Jamaica": "জামাইকা",
        "America\/Jujuy": "হুহুই",
        "America\/Juneau": "জুনো",
        "America\/Kentucky\/Monticello": "মন্টিচেলো, কেন্টাকি",
        "America\/Kralendijk": "ক্রেলেন্ডাজিক",
        "America\/La_Paz": "লা পাজ",
        "America\/Lima": "লিমা",
        "America\/Los_Angeles": "লস এ্যাঞ্জেলেস",
        "America\/Louisville": "লুইসভিল",
        "America\/Lower_Princes": "লোয়ার প্রিন্সেস কোয়ার্টার",
        "America\/Maceio": "মাসেয়ো",
        "America\/Managua": "মানাগুয়া",
        "America\/Manaus": "মানাউস",
        "America\/Marigot": "মারিগো",
        "America\/Martinique": "মারটিনিক",
        "America\/Matamoros": "মাতামোরস",
        "America\/Mazatlan": "মাজাটলান",
        "America\/Mendoza": "মেন্ডোজা",
        "America\/Menominee": "মেনোমিনি",
        "America\/Merida": "মেরিডা",
        "America\/Metlakatla": "ম্যাকওয়ারি",
        "America\/Mexico_City": "মেক্সিকো সিটি",
        "America\/Miquelon": "মিকুলন",
        "America\/Moncton": "মঙ্কটোন",
        "America\/Monterrey": "মন্টেরি",
        "America\/Montevideo": "মন্টেভিডিও",
        "America\/Montserrat": "মন্তসেরাত",
        "America\/Nassau": "নাসাউ",
        "America\/New_York": "নিউইয়র্ক",
        "America\/Nipigon": "নিপিগোন",
        "America\/Nome": "নোম",
        "America\/Noronha": "নরোন্‌হা",
        "America\/North_Dakota\/Beulah": "বেউলা, উত্তর ডাকোটা",
        "America\/North_Dakota\/Center": "মধ্য, উত্তর ডাকোটা",
        "America\/North_Dakota\/New_Salem": "নিউ সালেম, উত্তর ডাকোটা",
        "America\/Ojinaga": "ওজিঙ্গা",
        "America\/Panama": "পানামা",
        "America\/Pangnirtung": "প্যাঙ্গনির্টুং",
        "America\/Paramaribo": "প্যারামেরিবো",
        "America\/Phoenix": "ফিনিক্স",
        "America\/Port-au-Prince": "পোর্ট-অহ-প্রিন্স",
        "America\/Port_of_Spain": "পোর্ট অফ স্পেন",
        "America\/Porto_Velho": "পোর্তো ভেল্‌হো",
        "America\/Puerto_Rico": "পুয়েরতো রিকো",
        "America\/Rainy_River": "রেইনি রিভার",
        "America\/Rankin_Inlet": "র‌্যাঙ্কিন ইনলেট",
        "America\/Recife": "রেসিফে",
        "America\/Regina": "রেজিনা",
        "America\/Resolute": "রেসোলুট",
        "America\/Rio_Branco": "রিও ব্রাঙ্কো",
        "America\/Santa_Isabel": "সান্তা ইসাবেল",
        "America\/Santarem": "সেনটুরেম",
        "America\/Santiago": "সান্টিয়াগো",
        "America\/Santo_Domingo": "স্যান্টো ডোমিংগো",
        "America\/Sao_Paulo": "সাও পাউলো",
        "America\/Scoresbysund": "ইটকুয়োরটুরমিট",
        "America\/Sitka": "শিটকা",
        "America\/St_Barthelemy": "সেন্ট.বার্থেলেমি",
        "America\/St_Johns": "সেন্ট জন্স",
        "America\/St_Kitts": "সেন্ট. কিটস",
        "America\/St_Lucia": "সেন্ট. লুসিয়া",
        "America\/St_Thomas": "সেন্ট. থমাস",
        "America\/St_Vincent": "সেন্ট. ভিনসেন্ট",
        "America\/Swift_Current": "সুইফ্ট কারেন্ট",
        "America\/Tegucigalpa": "তেগুসিগালপা",
        "America\/Thule": "থুলি",
        "America\/Thunder_Bay": "থান্ডার বে",
        "America\/Tijuana": "তিজুয়ানা",
        "America\/Toronto": "টোরন্টো",
        "America\/Tortola": "টরটোলা",
        "America\/Vancouver": "ভ্যাঙ্কুভার",
        "America\/Whitehorse": "হোয়াইটহর্স",
        "America\/Winnipeg": "উইনিপেগ",
        "America\/Yakutat": "ইয়াকুটাট",
        "America\/Yellowknife": "ইয়েলোনাইফ",
        "Antarctica\/Casey": "কেইসি",
        "Antarctica\/Davis": "ডেভিস",
        "Antarctica\/DumontDUrville": "ডুমন্ট ডি’উরভিল",
        "Antarctica\/Macquarie": "ম্যাককুয়্যারি",
        "Antarctica\/Mawson": "মসোন",
        "Antarctica\/McMurdo": "ম্যাকমুর্ডো",
        "Antarctica\/Palmer": "পালমার",
        "Antarctica\/Rothera": "রথেরা",
        "Antarctica\/Syowa": "সিওয়া",
        "Antarctica\/Troll": "ট্রল",
        "Antarctica\/Vostok": "ভস্টোক",
        "Arctic\/Longyearbyen": "লঞ্জিয়বিয়েঁন",
        "Asia\/Aden": "আহদেন",
        "Asia\/Almaty": "আলমাটি",
        "Asia\/Amman": "আম্মান",
        "Asia\/Anadyr": "অ্যানাডির",
        "Asia\/Aqtau": "আকটাউ",
        "Asia\/Aqtobe": "আকটোবে",
        "Asia\/Ashgabat": "আশগুবাদ",
        "Asia\/Baghdad": "বাগদাদ",
        "Asia\/Bahrain": "বাহরিন",
        "Asia\/Baku": "বাকু",
        "Asia\/Bangkok": "ব্যাংকক",
        "Asia\/Beirut": "বেইরুট",
        "Asia\/Bishkek": "বিশকেক",
        "Asia\/Brunei": "ব্রুনেই",
        "Asia\/Calcutta": "কলকাতা",
        "Asia\/Choibalsan": "চোইবাল্‌স্যান",
        "Asia\/Chongqing": "চোঙকিং",
        "Asia\/Colombo": "কলম্বো",
        "Asia\/Damascus": "দামাস্কাস",
        "Asia\/Dhaka": "ঢাকা",
        "Asia\/Dili": "দিলি",
        "Asia\/Dubai": "দুবাই",
        "Asia\/Dushanbe": "দুশানবে",
        "Asia\/Gaza": "গাজা",
        "Asia\/Harbin": "হার্বিন",
        "Asia\/Hebron": "হেব্রোন",
        "Asia\/Hong_Kong": "হং কং",
        "Asia\/Hovd": "হোভ্ড",
        "Asia\/Irkutsk": "ইর্কুট্স্ক",
        "Asia\/Jakarta": "জাকার্তা",
        "Asia\/Jayapura": "জয়াপুরা",
        "Asia\/Jerusalem": "জেরুজালেম",
        "Asia\/Kabul": "কাবুল",
        "Asia\/Kamchatka": "কামচাটকা",
        "Asia\/Karachi": "করাচি",
        "Asia\/Kashgar": "ক্যাশগার",
        "Asia\/Katmandu": "কাঠমান্ডু",
        "Asia\/Khandyga": "খানডিয়াগা",
        "Asia\/Krasnoyarsk": "ক্রাসনোইয়ার্স্ক",
        "Asia\/Kuala_Lumpur": "কুয়ালালামপুর",
        "Asia\/Kuching": "কুচিং",
        "Asia\/Kuwait": "কুয়েত",
        "Asia\/Macau": "ম্যাকাও",
        "Asia\/Magadan": "ম্যাগাডান",
        "Asia\/Makassar": "মাকাসসার",
        "Asia\/Manila": "ম্যানিলা",
        "Asia\/Muscat": "মাসকাট",
        "Asia\/Nicosia": "নিকোসিয়া",
        "Asia\/Novokuznetsk": "নভকুয়েতস্নক",
        "Asia\/Novosibirsk": "নভোসিবির্স্ক",
        "Asia\/Omsk": "ওম্স্ক",
        "Asia\/Oral": "ওরাল",
        "Asia\/Phnom_Penh": "নম পেন",
        "Asia\/Pontianak": "পন্টিয়ান্যাক",
        "Asia\/Pyongyang": "পিয়ংইয়ং",
        "Asia\/Qatar": "কাতার",
        "Asia\/Qyzylorda": "কিজিলর্ডা",
        "Asia\/Rangoon": "রেঙ্গুন",
        "Asia\/Riyadh": "রিয়াধ",
        "Asia\/Saigon": "হো চি মিন শহর",
        "Asia\/Sakhalin": "সাখালিন",
        "Asia\/Samarkand": "সমরখন্দ",
        "Asia\/Seoul": "সোল",
        "Asia\/Shanghai": "সাংঘাই",
        "Asia\/Singapore": "সিঙ্গাপুর",
        "Asia\/Taipei": "তাইপেই",
        "Asia\/Tashkent": "তাসখন্দ",
        "Asia\/Tbilisi": "তুবুলিসি",
        "Asia\/Tehran": "তেহেরান",
        "Asia\/Thimphu": "থিম্ফু",
        "Asia\/Tokyo": "টোকিও",
        "Asia\/Ulaanbaatar": "উলানবাতার",
        "Asia\/Urumqi": "উরুমকি",
        "Asia\/Ust-Nera": "উস্ত- নেরা",
        "Asia\/Vientiane": "ভিয়েনতায়েন",
        "Asia\/Vladivostok": "ভ্লাদিভস্তোক",
        "Asia\/Yakutsk": "ইয়াকুট্স্ক",
        "Asia\/Yekaterinburg": "ইয়েকাটেরিনবার্গ",
        "Asia\/Yerevan": "ইয়েরাভান",
        "Atlantic\/Azores": "আজোরেস",
        "Atlantic\/Bermuda": "বারমুডা",
        "Atlantic\/Canary": "কানেরি",
        "Atlantic\/Cape_Verde": "কেপ ভার্দ",
        "Atlantic\/Faeroe": "ফ্যারো",
        "Atlantic\/Madeira": "মাডেইরা",
        "Atlantic\/Reykjavik": "রিকজাভিক",
        "Atlantic\/South_Georgia": "দক্ষিণ জর্জিয়া",
        "Atlantic\/St_Helena": "সেন্ট. হেলেনা",
        "Atlantic\/Stanley": "স্টানলী",
        "Australia\/Adelaide": "এ্যাডেলেইড",
        "Australia\/Brisbane": "ব্রিসবেন",
        "Australia\/Broken_Hill": "ব্রোকেন হিল",
        "Australia\/Currie": "কিউরি",
        "Australia\/Darwin": "ডারউইন",
        "Australia\/Eucla": "ইউক্লা",
        "Australia\/Hobart": "হোবার্ট",
        "Australia\/Lindeman": "লিনডেম্যান",
        "Australia\/Lord_Howe": "লর্ড হাও",
        "Australia\/Melbourne": "মেলবার্ন",
        "Australia\/Perth": "পার্থ",
        "Australia\/Sydney": "সিডনি",
        "Etc\/Unknown": "অজানা শহর",
        "Europe\/Amsterdam": "আমস্টারডাম",
        "Europe\/Andorra": "অ্যান্ডোরা",
        "Europe\/Athens": "এথেন্স",
        "Europe\/Belgrade": "বেলগ্রেড",
        "Europe\/Berlin": "বার্লিন",
        "Europe\/Bratislava": "ব্রাতিস্লাভা",
        "Europe\/Brussels": "ব্রাসেলস",
        "Europe\/Bucharest": "বুখারেস্ট",
        "Europe\/Budapest": "বুডাপেস্ট",
        "Europe\/Busingen": "বুসিনগেন",
        "Europe\/Chisinau": "কিসিনাহু",
        "Europe\/Copenhagen": "কোপেনহেগেন",
        "Europe\/Dublin": "ডাবলিন",
        "Europe\/Gibraltar": "জিব্রাল্টার",
        "Europe\/Guernsey": "গেরেনজি",
        "Europe\/Helsinki": "হেলসিঙ্কি",
        "Europe\/Isle_of_Man": "আইল অফ ম্যান",
        "Europe\/Istanbul": "ইস্তানবুল",
        "Europe\/Jersey": "জার্সি",
        "Europe\/Kaliningrad": "কালিনিঙগ্রাড",
        "Europe\/Kiev": "কিয়েভ",
        "Europe\/Lisbon": "লিসবন",
        "Europe\/Ljubljana": "লুবলিয়ানা",
        "Europe\/London": "লন্ডন",
        "Europe\/Luxembourg": "লুক্সেমবার্গ",
        "Europe\/Madrid": "মাদ্রিদ",
        "Europe\/Malta": "মল্টা",
        "Europe\/Mariehamn": "মরিয়েহামেন",
        "Europe\/Minsk": "মিন্সক",
        "Europe\/Monaco": "মোনাকো",
        "Europe\/Moscow": "মস্কো",
        "Europe\/Oslo": "অসলো",
        "Europe\/Paris": "প্যারিস",
        "Europe\/Podgorica": "পডগরিত্সা",
        "Europe\/Prague": "প্রাগ",
        "Europe\/Riga": "রিগা",
        "Europe\/Rome": "রোম",
        "Europe\/Samara": "সামারা",
        "Europe\/San_Marino": "সান মেরিনো",
        "Europe\/Sarajevo": "সারাজিভো",
        "Europe\/Simferopol": "সিমফেরোপোল",
        "Europe\/Skopje": "স্কপয়ে",
        "Europe\/Sofia": "সোফিয়া",
        "Europe\/Stockholm": "স্টকহোম",
        "Europe\/Tallinn": "তাহলিন",
        "Europe\/Tirane": "তিরানা",
        "Europe\/Uzhgorod": "উঝগোরোড",
        "Europe\/Vaduz": "ভাদুজ",
        "Europe\/Vatican": "ভাটিকান",
        "Europe\/Vienna": "ভিয়েনা",
        "Europe\/Vilnius": "ভিলনিওস",
        "Europe\/Volgograd": "ভোল্গোগ্রাদ",
        "Europe\/Warsaw": "ওয়ারশ",
        "Europe\/Zagreb": "জাগ্রেব",
        "Europe\/Zaporozhye": "জাপোরোঝা",
        "Europe\/Zurich": "জুরিখ",
        "Indian\/Antananarivo": "আন্তুনানারিভো",
        "Indian\/Chagos": "ছাগোস",
        "Indian\/Christmas": "বড়দিন",
        "Indian\/Cocos": "কোকোস",
        "Indian\/Comoro": "কোমোরো",
        "Indian\/Kerguelen": "কার্গুলেন",
        "Indian\/Mahe": "মাহে",
        "Indian\/Maldives": "মালদ্বীপ",
        "Indian\/Mauritius": "মরিশাস",
        "Indian\/Mayotte": "মায়োতো",
        "Indian\/Reunion": "রিইউনিয়ন",
        "Pacific\/Apia": "আপিয়া",
        "Pacific\/Auckland": "অকল্যান্ড",
        "Pacific\/Chatham": "চ্যাঠাম",
        "Pacific\/Easter": "ইস্টার",
        "Pacific\/Efate": "ইফাতে",
        "Pacific\/Enderbury": "এন্ডারবারি",
        "Pacific\/Fakaofo": "ফ্যাকাওফো",
        "Pacific\/Fiji": "ফিজি",
        "Pacific\/Funafuti": "ফুনাফুটি",
        "Pacific\/Galapagos": "গ্যালাপ্যাগোস",
        "Pacific\/Gambier": "গাম্বিয়ের",
        "Pacific\/Guadalcanal": "গোয়াদালকুনাল",
        "Pacific\/Guam": "গুয়াম",
        "Pacific\/Honolulu": "হনোলুলু",
        "Pacific\/Johnston": "জনস্টন",
        "Pacific\/Kiritimati": "কিরিতিমাতি",
        "Pacific\/Kosrae": "কোসরায়",
        "Pacific\/Kwajalein": "কোয়াজালেইন",
        "Pacific\/Majuro": "মাজুরো",
        "Pacific\/Marquesas": "মার্কেসাস",
        "Pacific\/Midway": "মিডওয়ে",
        "Pacific\/Nauru": "নাউরু",
        "Pacific\/Niue": "নিউয়ি",
        "Pacific\/Norfolk": "নরফক",
        "Pacific\/Noumea": "নুমিয়া",
        "Pacific\/Pago_Pago": "প্যাগো প্যাগো",
        "Pacific\/Palau": "পালাউ",
        "Pacific\/Pitcairn": "পিটকেয়ার্ন",
        "Pacific\/Ponape": "পোনাপে",
        "Pacific\/Port_Moresby": "পোর্ট মৌরজবি",
        "Pacific\/Rarotonga": "রারউহতুঙ্গা",
        "Pacific\/Saipan": "সাইপান",
        "Pacific\/Tahiti": "তাহিতি",
        "Pacific\/Tarawa": "টারাওয়া",
        "Pacific\/Tongatapu": "টোঙ্গাটাপু",
        "Pacific\/Truk": "ট্রুক",
        "Pacific\/Wake": "ওয়েক",
        "Pacific\/Wallis": "ওলিস"
    }
}
