{
    "Version": "2.1.8.9",
    "Names": {
        "Africa\/Abidjan": "Abidjan",
        "Africa\/Accra": "Accra",
        "Africa\/Addis_Ababa": "Addis Abeba",
        "Africa\/Algiers": "Alger",
        "Africa\/Asmera": "Asmara",
        "Africa\/Bamako": "Bamako",
        "Africa\/Bangui": "Bangui",
        "Africa\/Banjul": "Banjul",
        "Africa\/Bissau": "Bissau",
        "Africa\/Blantyre": "Blantyre",
        "Africa\/Brazzaville": "Brazzaville",
        "Africa\/Bujumbura": "Bujumbura",
        "Africa\/Cairo": "Kairo",
        "Africa\/Casablanca": "Casablanca",
        "Africa\/Ceuta": "Ceuta",
        "Africa\/Conakry": "Conakry",
        "Africa\/Dakar": "Dakar",
        "Africa\/Dar_es_Salaam": "Dar es Salaam",
        "Africa\/Djibouti": "Djibouti",
        "Africa\/Douala": "Douala",
        "Africa\/El_Aaiun": "El Aaiún",
        "Africa\/Freetown": "Freetown",
        "Africa\/Gaborone": "Gaborone",
        "Africa\/Harare": "Harare",
        "Africa\/Johannesburg": "Johannesburg",
        "Africa\/Juba": "Juba",
        "Africa\/Kampala": "Kampala",
        "Africa\/Khartoum": "Khartum",
        "Africa\/Kigali": "Kigali",
        "Africa\/Kinshasa": "Kinshasa",
        "Africa\/Lagos": "Lagos",
        "Africa\/Libreville": "Libreville",
        "Africa\/Lome": "Lomé",
        "Africa\/Luanda": "Luanda",
        "Africa\/Lubumbashi": "Lubumbashi",
        "Africa\/Lusaka": "Lusaka",
        "Africa\/Malabo": "Malabo",
        "Africa\/Maputo": "Maputo",
        "Africa\/Maseru": "Maseru",
        "Africa\/Mbabane": "Mbabane",
        "Africa\/Mogadishu": "Mogadishu",
        "Africa\/Monrovia": "Monrovia",
        "Africa\/Nairobi": "Nairobi",
        "Africa\/Ndjamena": "N’Djamena",
        "Africa\/Niamey": "Niamey",
        "Africa\/Nouakchott": "Nouakchott",
        "Africa\/Ouagadougou": "Ouagadougou",
        "Africa\/Porto-Novo": "Porto-Novo",
        "Africa\/Sao_Tome": "São Tomé",
        "Africa\/Tripoli": "Tripoli",
        "Africa\/Tunis": "Tunis",
        "Africa\/Windhoek": "Windhoek",
        "America\/Adak": "Adak",
        "America\/Anchorage": "Anchorage",
        "America\/Anguilla": "Anguilla",
        "America\/Antigua": "Antigua",
        "America\/Araguaina": "Araguaína",
        "America\/Argentina\/La_Rioja": "La Rioja",
        "America\/Argentina\/Rio_Gallegos": "Rio Gallegos",
        "America\/Argentina\/Salta": "Salta",
        "America\/Argentina\/San_Juan": "San Juan",
        "America\/Argentina\/San_Luis": "San Luis",
        "America\/Argentina\/Tucuman": "Tucumán",
        "America\/Argentina\/Ushuaia": "Ushuaia",
        "America\/Aruba": "Aruba",
        "America\/Asuncion": "Asunción",
        "America\/Bahia": "Bahia",
        "America\/Bahia_Banderas": "Bahía de Banderas",
        "America\/Barbados": "Barbados",
        "America\/Belem": "Belem",
        "America\/Belize": "Belize",
        "America\/Blanc-Sablon": "Blanc-Sablon",
        "America\/Boa_Vista": "Boa Vista",
        "America\/Bogota": "Bogotá",
        "America\/Boise": "Boise",
        "America\/Buenos_Aires": "Buenos Aires",
        "America\/Cambridge_Bay": "Cambridge Bay",
        "America\/Campo_Grande": "Campo Grande",
        "America\/Cancun": "Cancún",
        "America\/Caracas": "Caracas",
        "America\/Catamarca": "Catamarca",
        "America\/Cayenne": "Cayenne",
        "America\/Cayman": "Cayman",
        "America\/Chicago": "Chicago",
        "America\/Chihuahua": "Chihuahua",
        "America\/Coral_Harbour": "Atikokan",
        "America\/Cordoba": "Córdoba",
        "America\/Costa_Rica": "Costa Rica",
        "America\/Creston": "Creston",
        "America\/Cuiaba": "Cuiabá",
        "America\/Curacao": "Curaçao",
        "America\/Danmarkshavn": "Danmarkshavn",
        "America\/Dawson": "Dawson",
        "America\/Dawson_Creek": "Dawson Creek",
        "America\/Denver": "Denver",
        "America\/Detroit": "Detroit",
        "America\/Dominica": "Dominica",
        "America\/Edmonton": "Edmonton",
        "America\/Eirunepe": "Eirunepé",
        "America\/El_Salvador": "El Salvador",
        "America\/Fortaleza": "Fortaleza",
        "America\/Glace_Bay": "Glace Bay",
        "America\/Godthab": "Nuuk",
        "America\/Goose_Bay": "Goose Bay",
        "America\/Grand_Turk": "Grand Turk",
        "America\/Grenada": "Grenada",
        "America\/Guadeloupe": "Guadeloupe",
        "America\/Guatemala": "Guatemala",
        "America\/Guayaquil": "Guayaquil",
        "America\/Guyana": "Guyana",
        "America\/Halifax": "Halifax",
        "America\/Havana": "Havanna",
        "America\/Hermosillo": "Hermosillo",
        "America\/Indiana\/Knox": "Knox, Indiana",
        "America\/Indiana\/Marengo": "Marengo, Indiana",
        "America\/Indiana\/Petersburg": "Petersburg, Indiana",
        "America\/Indiana\/Tell_City": "Tell City, Indiana",
        "America\/Indiana\/Vevay": "Vevay, Indiana",
        "America\/Indiana\/Vincennes": "Vincennes, Indiana",
        "America\/Indiana\/Winamac": "Winamac, Indiana",
        "America\/Indianapolis": "Indianapolis",
        "America\/Inuvik": "Inuvik",
        "America\/Iqaluit": "Iqaluit",
        "America\/Jamaica": "Jamaika",
        "America\/Jujuy": "Jujuy",
        "America\/Juneau": "Juneau",
        "America\/Kentucky\/Monticello": "Monticello, Kentucky",
        "America\/Kralendijk": "Kralendijk",
        "America\/La_Paz": "La Paz",
        "America\/Lima": "Lima",
        "America\/Los_Angeles": "Los Angeles",
        "America\/Louisville": "Louisville",
        "America\/Lower_Princes": "Lower Prince’s Quarter",
        "America\/Maceio": "Maceió",
        "America\/Managua": "Managua",
        "America\/Manaus": "Manaus",
        "America\/Marigot": "Marigot",
        "America\/Martinique": "Martinique",
        "America\/Matamoros": "Matamoros",
        "America\/Mazatlan": "Mazatlán",
        "America\/Mendoza": "Mendoza",
        "America\/Menominee": "Menominee",
        "America\/Merida": "Mérida",
        "America\/Metlakatla": "Metlakatla",
        "America\/Mexico_City": "Ciudad de México",
        "America\/Miquelon": "Miquelon",
        "America\/Moncton": "Moncton",
        "America\/Monterrey": "Monterrey",
        "America\/Montevideo": "Montevideo",
        "America\/Montserrat": "Montserrat",
        "America\/Nassau": "Nassau",
        "America\/New_York": "New York",
        "America\/Nipigon": "Nipigon",
        "America\/Nome": "Nome",
        "America\/Noronha": "Noronha",
        "America\/North_Dakota\/Beulah": "Beulah, Pohjois-Dakota",
        "America\/North_Dakota\/Center": "Center, Pohjois-Dakota",
        "America\/North_Dakota\/New_Salem": "New Salem, Pohjois-Dakota",
        "America\/Ojinaga": "Ojinaga",
        "America\/Panama": "Panama",
        "America\/Pangnirtung": "Pangnirtung",
        "America\/Paramaribo": "Paramaribo",
        "America\/Phoenix": "Phoenix",
        "America\/Port-au-Prince": "Port-au-Prince",
        "America\/Port_of_Spain": "Port of Spain",
        "America\/Porto_Velho": "Porto Velho",
        "America\/Puerto_Rico": "Puerto Rico",
        "America\/Rainy_River": "Rainy River",
        "America\/Rankin_Inlet": "Rankin Inlet",
        "America\/Recife": "Recife",
        "America\/Regina": "Regina",
        "America\/Resolute": "Resolute",
        "America\/Rio_Branco": "Rio Branco",
        "America\/Santa_Isabel": "Santa Isabel",
        "America\/Santarem": "Santarém",
        "America\/Santiago": "Santiago de Chile",
        "America\/Santo_Domingo": "Santo Domingo",
        "America\/Sao_Paulo": "São Paulo",
        "America\/Scoresbysund": "Ittoqqortoormiit",
        "America\/Sitka": "Sitka",
        "America\/St_Barthelemy": "Saint-Barthélemy",
        "America\/St_Johns": "St. John’s",
        "America\/St_Kitts": "Saint Kitts",
        "America\/St_Lucia": "Saint Lucia",
        "America\/St_Thomas": "Saint Thomas",
        "America\/St_Vincent": "Saint Vincent",
        "America\/Swift_Current": "Swift Current",
        "America\/Tegucigalpa": "Tegucigalpa",
        "America\/Thule": "Thule",
        "America\/Thunder_Bay": "Thunder Bay",
        "America\/Tijuana": "Tijuana",
        "America\/Toronto": "Toronto",
        "America\/Tortola": "Tortola",
        "America\/Vancouver": "Vancouver",
        "America\/Whitehorse": "Whitehorse",
        "America\/Winnipeg": "Winnipeg",
        "America\/Yakutat": "Yakutat",
        "America\/Yellowknife": "Yellowknife",
        "Antarctica\/Casey": "Casey",
        "Antarctica\/Davis": "Davis",
        "Antarctica\/DumontDUrville": "Dumont d’Urville",
        "Antarctica\/Macquarie": "Macquariensaari",
        "Antarctica\/Mawson": "Mawson",
        "Antarctica\/McMurdo": "McMurdo",
        "Antarctica\/Palmer": "Palmer",
        "Antarctica\/Rothera": "Rothera",
        "Antarctica\/Syowa": "Syowa",
        "Antarctica\/Troll": "Troll",
        "Antarctica\/Vostok": "Vostok",
        "Arctic\/Longyearbyen": "Longyearbyen",
        "Asia\/Aden": "Aden",
        "Asia\/Almaty": "Almaty",
        "Asia\/Amman": "Amman",
        "Asia\/Anadyr": "Anadyr",
        "Asia\/Aqtau": "Aqtaw",
        "Asia\/Aqtobe": "Aqtöbe",
        "Asia\/Ashgabat": "Ašgabat",
        "Asia\/Baghdad": "Bagdad",
        "Asia\/Bahrain": "Bahrain",
        "Asia\/Baku": "Baku",
        "Asia\/Bangkok": "Bangkok",
        "Asia\/Beirut": "Beirut",
        "Asia\/Bishkek": "Biškek",
        "Asia\/Brunei": "Brunei",
        "Asia\/Calcutta": "Kalkutta",
        "Asia\/Choibalsan": "Tšoibalsa",
        "Asia\/Chongqing": "Chongqing",
        "Asia\/Colombo": "Colombo",
        "Asia\/Damascus": "Damaskos",
        "Asia\/Dhaka": "Dhaka",
        "Asia\/Dili": "Dili",
        "Asia\/Dubai": "Dubai",
        "Asia\/Dushanbe": "Dušanbe",
        "Asia\/Gaza": "Gaza",
        "Asia\/Harbin": "Harbin",
        "Asia\/Hebron": "Hebron",
        "Asia\/Hong_Kong": "Hongkong",
        "Asia\/Hovd": "Hovd",
        "Asia\/Irkutsk": "Irkutsk",
        "Asia\/Jakarta": "Jakarta",
        "Asia\/Jayapura": "Jayapura",
        "Asia\/Jerusalem": "Jerusalem",
        "Asia\/Kabul": "Kabul",
        "Asia\/Kamchatka": "Kamtšatka",
        "Asia\/Karachi": "Karachi",
        "Asia\/Kashgar": "Kašgar",
        "Asia\/Katmandu": "Kathmandu",
        "Asia\/Khandyga": "Handyga",
        "Asia\/Krasnoyarsk": "Krasnojarsk",
        "Asia\/Kuala_Lumpur": "Kuala Lumpur",
        "Asia\/Kuching": "Kuching",
        "Asia\/Kuwait": "Kuwait",
        "Asia\/Macau": "Macao",
        "Asia\/Magadan": "Magadan",
        "Asia\/Makassar": "Makassar",
        "Asia\/Manila": "Manila",
        "Asia\/Muscat": "Muscat",
        "Asia\/Nicosia": "Nikosia",
        "Asia\/Novokuznetsk": "Novokuznetsk",
        "Asia\/Novosibirsk": "Novosibirsk",
        "Asia\/Omsk": "Omsk",
        "Asia\/Oral": "Uralsk",
        "Asia\/Phnom_Penh": "Phnom Penh",
        "Asia\/Pontianak": "Pontianak",
        "Asia\/Pyongyang": "Pjongjang",
        "Asia\/Qatar": "Qatar",
        "Asia\/Qyzylorda": "Qızılorda",
        "Asia\/Rangoon": "Yangon",
        "Asia\/Riyadh": "Riad",
        "Asia\/Saigon": "Hồ Chí Minhin kaupunki",
        "Asia\/Sakhalin": "Sahalin",
        "Asia\/Samarkand": "Samarkand",
        "Asia\/Seoul": "Soul",
        "Asia\/Shanghai": "Shanghai",
        "Asia\/Singapore": "Singapore",
        "Asia\/Taipei": "Taipei",
        "Asia\/Tashkent": "Taškent",
        "Asia\/Tbilisi": "Tbilisi",
        "Asia\/Tehran": "Teheran",
        "Asia\/Thimphu": "Thimphu",
        "Asia\/Tokyo": "Tokio",
        "Asia\/Ulaanbaatar": "Ulan Bator",
        "Asia\/Urumqi": "Ürümqi",
        "Asia\/Ust-Nera": "Ust-Nera",
        "Asia\/Vientiane": "Vientiane",
        "Asia\/Vladivostok": "Vladivostok",
        "Asia\/Yakutsk": "Jakutsk",
        "Asia\/Yekaterinburg": "Jekaterinburg",
        "Asia\/Yerevan": "Jerevan",
        "Atlantic\/Azores": "Azorit",
        "Atlantic\/Bermuda": "Bermuda",
        "Atlantic\/Canary": "Kanariansaaret",
        "Atlantic\/Cape_Verde": "Kap Verde",
        "Atlantic\/Faeroe": "Färsaaret",
        "Atlantic\/Madeira": "Madeira",
        "Atlantic\/Reykjavik": "Reykjavík",
        "Atlantic\/South_Georgia": "Etelä-Georgia",
        "Atlantic\/St_Helena": "Saint Helena",
        "Atlantic\/Stanley": "Stanley",
        "Australia\/Adelaide": "Adelaide",
        "Australia\/Brisbane": "Brisbane",
        "Australia\/Broken_Hill": "Broken Hill",
        "Australia\/Currie": "Currie",
        "Australia\/Darwin": "Darwin",
        "Australia\/Eucla": "Eucla",
        "Australia\/Hobart": "Hobart",
        "Australia\/Lindeman": "Lindeman",
        "Australia\/Lord_Howe": "Lord Howe",
        "Australia\/Melbourne": "Melbourne",
        "Australia\/Perth": "Perth",
        "Australia\/Sydney": "Sydney",
        "Etc\/Unknown": "tuntematon",
        "Europe\/Amsterdam": "Amsterdam",
        "Europe\/Andorra": "Andorra",
        "Europe\/Athens": "Ateena",
        "Europe\/Belgrade": "Belgrad",
        "Europe\/Berlin": "Berliini",
        "Europe\/Bratislava": "Bratislava",
        "Europe\/Brussels": "Bryssel",
        "Europe\/Bucharest": "Bukarest",
        "Europe\/Budapest": "Budapest",
        "Europe\/Busingen": "Busingen",
        "Europe\/Chisinau": "Chişinău",
        "Europe\/Copenhagen": "Kööpenhamina",
        "Europe\/Dublin": "Dublin",
        "Europe\/Gibraltar": "Gibraltar",
        "Europe\/Guernsey": "Guernsey",
        "Europe\/Helsinki": "Helsinki",
        "Europe\/Isle_of_Man": "Mansaari",
        "Europe\/Istanbul": "Istanbul",
        "Europe\/Jersey": "Jersey",
        "Europe\/Kaliningrad": "Kaliningrad",
        "Europe\/Kiev": "Kiova",
        "Europe\/Lisbon": "Lissabon",
        "Europe\/Ljubljana": "Ljubljana",
        "Europe\/London": "Lontoo",
        "Europe\/Luxembourg": "Luxemburg",
        "Europe\/Madrid": "Madrid",
        "Europe\/Malta": "Malta",
        "Europe\/Mariehamn": "Maarianhamina",
        "Europe\/Minsk": "Minsk",
        "Europe\/Monaco": "Monaco",
        "Europe\/Moscow": "Moskova",
        "Europe\/Oslo": "Oslo",
        "Europe\/Paris": "Pariisi",
        "Europe\/Podgorica": "Podgorica",
        "Europe\/Prague": "Praha",
        "Europe\/Riga": "Riika",
        "Europe\/Rome": "Rooma",
        "Europe\/Samara": "Samara",
        "Europe\/San_Marino": "San Marino",
        "Europe\/Sarajevo": "Sarajevo",
        "Europe\/Simferopol": "Simferopol",
        "Europe\/Skopje": "Skopje",
        "Europe\/Sofia": "Sofia",
        "Europe\/Stockholm": "Tukholma",
        "Europe\/Tallinn": "Tallinna",
        "Europe\/Tirane": "Tirana",
        "Europe\/Uzhgorod": "Užgorod",
        "Europe\/Vaduz": "Vaduz",
        "Europe\/Vatican": "Vatikaani",
        "Europe\/Vienna": "Wien",
        "Europe\/Vilnius": "Vilna",
        "Europe\/Volgograd": "Volgograd",
        "Europe\/Warsaw": "Varsova",
        "Europe\/Zagreb": "Zagreb",
        "Europe\/Zaporozhye": "Zaporižžja",
        "Europe\/Zurich": "Zürich",
        "Indian\/Antananarivo": "Antananarivo",
        "Indian\/Chagos": "Chagos",
        "Indian\/Christmas": "Joulusaari",
        "Indian\/Cocos": "Kookossaaret",
        "Indian\/Comoro": "Komorit",
        "Indian\/Kerguelen": "Kerguelensaaret",
        "Indian\/Mahe": "Mahé",
        "Indian\/Maldives": "Malediivit",
        "Indian\/Mauritius": "Mauritius",
        "Indian\/Mayotte": "Mayotte",
        "Indian\/Reunion": "Réunion",
        "Pacific\/Apia": "Apia",
        "Pacific\/Auckland": "Auckland",
        "Pacific\/Chatham": "Chathamsaaret",
        "Pacific\/Easter": "Pääsiäissaari",
        "Pacific\/Efate": "Efate",
        "Pacific\/Enderbury": "Enderbury",
        "Pacific\/Fakaofo": "Fakaofo",
        "Pacific\/Fiji": "Fidži",
        "Pacific\/Funafuti": "Funafuti",
        "Pacific\/Galapagos": "Galapagos",
        "Pacific\/Gambier": "Gambiersaaret",
        "Pacific\/Guadalcanal": "Guadalcanal",
        "Pacific\/Guam": "Guam",
        "Pacific\/Honolulu": "Honolulu",
        "Pacific\/Johnston": "Johnston",
        "Pacific\/Kiritimati": "Kiritimati",
        "Pacific\/Kosrae": "Kosrae",
        "Pacific\/Kwajalein": "Kwajalein",
        "Pacific\/Majuro": "Majuro",
        "Pacific\/Marquesas": "Marquesassaaret",
        "Pacific\/Midway": "Midway",
        "Pacific\/Nauru": "Nauru",
        "Pacific\/Niue": "Niue",
        "Pacific\/Norfolk": "Norfolk",
        "Pacific\/Noumea": "Nouméa",
        "Pacific\/Pago_Pago": "Pago Pago",
        "Pacific\/Palau": "Palau",
        "Pacific\/Pitcairn": "Pitcairn",
        "Pacific\/Ponape": "Pohnpei",
        "Pacific\/Port_Moresby": "Port Moresby",
        "Pacific\/Rarotonga": "Rarotonga",
        "Pacific\/Saipan": "Saipan",
        "Pacific\/Tahiti": "Tahiti",
        "Pacific\/Tarawa": "Tarawa",
        "Pacific\/Tongatapu": "Tongatapu",
        "Pacific\/Truk": "Chuuk",
        "Pacific\/Wake": "Wake",
        "Pacific\/Wallis": "Wallis"
    }
}
