{
    "Version": "2.1.8.9",
    "Names": {
        "Africa\/Abidjan": "Abidjan",
        "Africa\/Accra": "Accra",
        "Africa\/Addis_Ababa": "Adas Ababa",
        "Africa\/Algiers": "Cathair na hAilgéire",
        "Africa\/Asmera": "Asmara",
        "Africa\/Bamako": "Bamako",
        "Africa\/Bangui": "Bangui",
        "Africa\/Banjul": "Banjul",
        "Africa\/Bissau": "Bissau",
        "Africa\/Blantyre": "Baile an tSaoir",
        "Africa\/Brazzaville": "Brazzaville",
        "Africa\/Bujumbura": "Bujumbura",
        "Africa\/Cairo": "Caireo",
        "Africa\/Casablanca": "Casablanca",
        "Africa\/Ceuta": "Ceuta",
        "Africa\/Conakry": "Conacraí",
        "Africa\/Dakar": "Dacár",
        "Africa\/Dar_es_Salaam": "Dárasalám",
        "Africa\/Djibouti": "Djibouti",
        "Africa\/Douala": "Douala",
        "Africa\/El_Aaiun": "El Aaiun",
        "Africa\/Freetown": "Freetown",
        "Africa\/Gaborone": "Gaborone",
        "Africa\/Harare": "Harare",
        "Africa\/Johannesburg": "Johannesburg",
        "Africa\/Juba": "Juba",
        "Africa\/Kampala": "Kampala",
        "Africa\/Khartoum": "Cartúm",
        "Africa\/Kigali": "Kigali",
        "Africa\/Kinshasa": "Cinseasa",
        "Africa\/Lagos": "Lagos",
        "Africa\/Libreville": "Libreville",
        "Africa\/Lome": "Lome",
        "Africa\/Luanda": "Luanda",
        "Africa\/Lubumbashi": "Lubumbashi",
        "Africa\/Lusaka": "Lusaka",
        "Africa\/Malabo": "Malabo",
        "Africa\/Maputo": "Mapútó",
        "Africa\/Maseru": "Maseru",
        "Africa\/Mbabane": "Mbabane",
        "Africa\/Mogadishu": "Mogaidisiú",
        "Africa\/Monrovia": "Monrovia",
        "Africa\/Nairobi": "Nairobi",
        "Africa\/Ndjamena": "Ndjamena",
        "Africa\/Niamey": "Niamey",
        "Africa\/Nouakchott": "Nuacsat",
        "Africa\/Ouagadougou": "Ouagadougou",
        "Africa\/Porto-Novo": "Porto-Novo",
        "Africa\/Sao_Tome": "São Tomé",
        "Africa\/Tripoli": "Tripilí",
        "Africa\/Tunis": "Túinis",
        "Africa\/Windhoek": "Windhoek",
        "America\/Adak": "Adak",
        "America\/Anchorage": "Anchorage",
        "America\/Anguilla": "Angaíle",
        "America\/Antigua": "Antigua",
        "America\/Araguaina": "Araguaina",
        "America\/Argentina\/La_Rioja": "La Rioja",
        "America\/Argentina\/Rio_Gallegos": "Rio Gallegos",
        "America\/Argentina\/Salta": "Salta",
        "America\/Argentina\/San_Juan": "San Juan",
        "America\/Argentina\/San_Luis": "San Luis",
        "America\/Argentina\/Tucuman": "Tucuman",
        "America\/Argentina\/Ushuaia": "Ushuaia",
        "America\/Aruba": "Arúba",
        "America\/Asuncion": "Asúinseon",
        "America\/Bahia": "Bahia",
        "America\/Bahia_Banderas": "Bahia Banderas",
        "America\/Barbados": "Barbadós",
        "America\/Belem": "Belém",
        "America\/Belize": "An Bheilís",
        "America\/Blanc-Sablon": "Blanc-Sablon",
        "America\/Boa_Vista": "Boa Vista",
        "America\/Bogota": "Bogatá",
        "America\/Boise": "Boise",
        "America\/Buenos_Aires": "Buenos Aires",
        "America\/Cambridge_Bay": "Cambridge Bay",
        "America\/Campo_Grande": "Campo Grande",
        "America\/Cancun": "Cancún",
        "America\/Caracas": "Caracas",
        "America\/Catamarca": "Catamarca",
        "America\/Cayenne": "Cayenne",
        "America\/Cayman": "Cayman",
        "America\/Chicago": "Chicago",
        "America\/Chihuahua": "Chihuahua",
        "America\/Coral_Harbour": "Atikokan",
        "America\/Cordoba": "Córdoba",
        "America\/Costa_Rica": "Cósta Ríce",
        "America\/Creston": "Creston",
        "America\/Cuiaba": "Cuiabá",
        "America\/Curacao": "Curaçao",
        "America\/Danmarkshavn": "Danmarkshavn",
        "America\/Dawson": "Dawson",
        "America\/Dawson_Creek": "Dawson Creek",
        "America\/Denver": "Denver",
        "America\/Detroit": "Detroit",
        "America\/Dominica": "Doiminice",
        "America\/Edmonton": "Edmonton",
        "America\/Eirunepe": "Eirunepé",
        "America\/El_Salvador": "An tSalvadóir",
        "America\/Fortaleza": "Fortaleza",
        "America\/Glace_Bay": "Glace Bay",
        "America\/Godthab": "Nuuk",
        "America\/Goose_Bay": "Goose Bay",
        "America\/Grand_Turk": "Grand Turk",
        "America\/Grenada": "Greanáda",
        "America\/Guadeloupe": "Guadalúip",
        "America\/Guatemala": "Guatamala",
        "America\/Guayaquil": "Guayaquil",
        "America\/Guyana": "An Ghuáin",
        "America\/Halifax": "Halifax",
        "America\/Havana": "Havána",
        "America\/Hermosillo": "Hermosillo",
        "America\/Indiana\/Knox": "Knox, Indiana",
        "America\/Indiana\/Marengo": "Marengo, Indiana",
        "America\/Indiana\/Petersburg": "Petersburg, Indiana",
        "America\/Indiana\/Tell_City": "Tell City, Indiana",
        "America\/Indiana\/Vevay": "Vevay, Indiana",
        "America\/Indiana\/Vincennes": "Vincennes, Indiana",
        "America\/Indiana\/Winamac": "Winamac, Indiana",
        "America\/Indianapolis": "Indianapolis",
        "America\/Inuvik": "Inuvik",
        "America\/Iqaluit": "Iqaluit",
        "America\/Jamaica": "Iamáice",
        "America\/Jujuy": "Jujuy",
        "America\/Juneau": "Juneau",
        "America\/Kentucky\/Monticello": "Monticello, Kentucky",
        "America\/Kralendijk": "Kralendijk",
        "America\/La_Paz": "La Paz",
        "America\/Lima": "Líoma",
        "America\/Los_Angeles": "Los Angeles",
        "America\/Louisville": "Louisville",
        "America\/Lower_Princes": "Lower Prince’s Quarter",
        "America\/Maceio": "Maceió",
        "America\/Managua": "Managua",
        "America\/Manaus": "Manaus",
        "America\/Marigot": "Marigot",
        "America\/Martinique": "Martinique",
        "America\/Matamoros": "Matamoros",
        "America\/Mazatlan": "Mazatlan",
        "America\/Mendoza": "Mendoza",
        "America\/Menominee": "Menominee",
        "America\/Merida": "Merida",
        "America\/Metlakatla": "Metlakatla",
        "America\/Mexico_City": "Cathair Mheicsiceo",
        "America\/Miquelon": "Miquelon",
        "America\/Moncton": "Moncton",
        "America\/Monterrey": "Monterrey",
        "America\/Montevideo": "Montevideo",
        "America\/Montserrat": "Montsarat",
        "America\/Nassau": "Nassau",
        "America\/New_York": "Nua-Eabhrac",
        "America\/Nipigon": "Nipigon",
        "America\/Nome": "Nome",
        "America\/Noronha": "Noronha",
        "America\/North_Dakota\/Beulah": "Beulah, North Dakota",
        "America\/North_Dakota\/Center": "Center, North Dakota",
        "America\/North_Dakota\/New_Salem": "New Salem, North Dakota",
        "America\/Ojinaga": "Ojinaga",
        "America\/Panama": "Panama",
        "America\/Pangnirtung": "Pangnirtung",
        "America\/Paramaribo": "Paramaribo",
        "America\/Phoenix": "Phoenix",
        "America\/Port-au-Prince": "Port-au-Prince",
        "America\/Port_of_Spain": "Port of Spain",
        "America\/Porto_Velho": "Porto Velho",
        "America\/Puerto_Rico": "Portó Ríce",
        "America\/Rainy_River": "Rainy River",
        "America\/Rankin_Inlet": "Rankin Inlet",
        "America\/Recife": "Recife",
        "America\/Regina": "Regina",
        "America\/Resolute": "Resolute",
        "America\/Rio_Branco": "Rio Branco",
        "America\/Santa_Isabel": "Santa Isabel",
        "America\/Santarem": "Santarém",
        "America\/Santiago": "Saintiagó",
        "America\/Santo_Domingo": "Santo Domingo",
        "America\/Sao_Paulo": "São Paulo",
        "America\/Scoresbysund": "Ittoqqortoormiit",
        "America\/Sitka": "Sitka",
        "America\/St_Barthelemy": "Saint Barthélemy",
        "America\/St_Johns": "St. John’s",
        "America\/St_Kitts": "San Críostóir",
        "America\/St_Lucia": "St. Lucia",
        "America\/St_Thomas": "St. Thomas",
        "America\/St_Vincent": "St. Vincent",
        "America\/Swift_Current": "Swift Current",
        "America\/Tegucigalpa": "Tegucigalpa",
        "America\/Thule": "Thule",
        "America\/Thunder_Bay": "Thunder Bay",
        "America\/Tijuana": "Tijuana",
        "America\/Toronto": "Toronto",
        "America\/Tortola": "Tortola",
        "America\/Vancouver": "Vancouver",
        "America\/Whitehorse": "Whitehorse",
        "America\/Winnipeg": "Winnipeg",
        "America\/Yakutat": "Yakutat",
        "America\/Yellowknife": "Yellowknife",
        "Antarctica\/Casey": "Casey",
        "Antarctica\/Davis": "Davis",
        "Antarctica\/DumontDUrville": "Dumont d’Urville",
        "Antarctica\/Macquarie": "Mac Guaire",
        "Antarctica\/Mawson": "Mawson",
        "Antarctica\/McMurdo": "McMurdo",
        "Antarctica\/Palmer": "Palmer",
        "Antarctica\/Rothera": "Rothera",
        "Antarctica\/Syowa": "Syowa",
        "Antarctica\/Troll": "Troll",
        "Antarctica\/Vostok": "Vostok",
        "Arctic\/Longyearbyen": "Longyearbyen",
        "Asia\/Aden": "Áidin",
        "Asia\/Almaty": "Almaty",
        "Asia\/Amman": "Amman",
        "Asia\/Anadyr": "Anadyr",
        "Asia\/Aqtau": "Aqtau",
        "Asia\/Aqtobe": "Aqtobe",
        "Asia\/Ashgabat": "Ashgabat",
        "Asia\/Baghdad": "Bagdad",
        "Asia\/Bahrain": "Bairéin",
        "Asia\/Baku": "Baku",
        "Asia\/Bangkok": "Bangkok",
        "Asia\/Beirut": "Béiriút",
        "Asia\/Bishkek": "Bishkek",
        "Asia\/Brunei": "Brúiné",
        "Asia\/Calcutta": "Calcúta",
        "Asia\/Choibalsan": "Choibalsan",
        "Asia\/Chongqing": "Chongqing",
        "Asia\/Colombo": "Colombo",
        "Asia\/Damascus": "An Damaisc",
        "Asia\/Dhaka": "Dhaka",
        "Asia\/Dili": "Dili",
        "Asia\/Dubai": "Dubai",
        "Asia\/Dushanbe": "Dushanbe",
        "Asia\/Gaza": "Gaza",
        "Asia\/Harbin": "Harbin",
        "Asia\/Hebron": "Heabrón",
        "Asia\/Hong_Kong": "Hong Cong",
        "Asia\/Hovd": "Hovd",
        "Asia\/Irkutsk": "Irkutsk",
        "Asia\/Jakarta": "Iacárta",
        "Asia\/Jayapura": "Jayapura",
        "Asia\/Jerusalem": "Iarúsailéim",
        "Asia\/Kabul": "Cabúl",
        "Asia\/Kamchatka": "Kamchatka",
        "Asia\/Karachi": "Karachi",
        "Asia\/Kashgar": "Kashgar",
        "Asia\/Katmandu": "Kathmandu",
        "Asia\/Khandyga": "Khandyga",
        "Asia\/Krasnoyarsk": "Krasnoyarsk",
        "Asia\/Kuala_Lumpur": "Kuala Lumpur",
        "Asia\/Kuching": "Kuching",
        "Asia\/Kuwait": "Cuáit",
        "Asia\/Macau": "Macao",
        "Asia\/Magadan": "Magadan",
        "Asia\/Makassar": "Makassar",
        "Asia\/Manila": "Mainile",
        "Asia\/Muscat": "Muscat",
        "Asia\/Nicosia": "An Niocóis",
        "Asia\/Novokuznetsk": "Novokuznetsk",
        "Asia\/Novosibirsk": "Novosibirsk",
        "Asia\/Omsk": "Omsk",
        "Asia\/Oral": "Oral",
        "Asia\/Phnom_Penh": "Phnom Penh",
        "Asia\/Pontianak": "Pontianak",
        "Asia\/Pyongyang": "Pyongyang",
        "Asia\/Qatar": "Catar",
        "Asia\/Qyzylorda": "Qyzylorda",
        "Asia\/Rangoon": "Rangún",
        "Asia\/Riyadh": "Riyadh",
        "Asia\/Saigon": "Cathair Ho Chi Minh",
        "Asia\/Sakhalin": "Sakhalin",
        "Asia\/Samarkand": "Samarkand",
        "Asia\/Seoul": "Súl",
        "Asia\/Shanghai": "Shang-hai",
        "Asia\/Singapore": "Singeapór",
        "Asia\/Taipei": "Taipei",
        "Asia\/Tashkent": "Tashkent",
        "Asia\/Tbilisi": "Tbilisi",
        "Asia\/Tehran": "Tehran",
        "Asia\/Thimphu": "Thimphu",
        "Asia\/Tokyo": "Tóiceo",
        "Asia\/Ulaanbaatar": "Ulaanbaatar",
        "Asia\/Urumqi": "Urumqi",
        "Asia\/Ust-Nera": "Ust-Nera",
        "Asia\/Vientiane": "Vientiane",
        "Asia\/Vladivostok": "Vladivostok",
        "Asia\/Yakutsk": "Iacútsc",
        "Asia\/Yekaterinburg": "Yekaterinburg",
        "Asia\/Yerevan": "Eireaván",
        "Atlantic\/Azores": "Na hAsóir",
        "Atlantic\/Bermuda": "Beirmiúda",
        "Atlantic\/Canary": "Na hOileáin Chanáracha",
        "Atlantic\/Cape_Verde": "Rinn Verde",
        "Atlantic\/Faeroe": "Oileáin Fharó",
        "Atlantic\/Madeira": "Maidéara",
        "Atlantic\/Reykjavik": "Réicivíc",
        "Atlantic\/South_Georgia": "An tSeoirsia Theas",
        "Atlantic\/St_Helena": "San Héilin",
        "Atlantic\/Stanley": "Stanley",
        "Australia\/Adelaide": "Adelaide",
        "Australia\/Brisbane": "Brisbane",
        "Australia\/Broken_Hill": "Broken Hill",
        "Australia\/Currie": "Currie",
        "Australia\/Darwin": "Darwin",
        "Australia\/Eucla": "Eucla",
        "Australia\/Hobart": "Hobart",
        "Australia\/Lindeman": "Lindeman",
        "Australia\/Lord_Howe": "Lord Howe",
        "Australia\/Melbourne": "Melbourne",
        "Australia\/Perth": "Perth",
        "Australia\/Sydney": "Sydney",
        "Etc\/Unknown": "Cathair Anaithnid",
        "Europe\/Amsterdam": "Amstardam",
        "Europe\/Andorra": "Andóra",
        "Europe\/Athens": "An Aithin",
        "Europe\/Belgrade": "Béalgrád",
        "Europe\/Berlin": "Beirlín",
        "Europe\/Bratislava": "An Bhratasláiv",
        "Europe\/Brussels": "An Bhruiséil",
        "Europe\/Bucharest": "Búcairist",
        "Europe\/Budapest": "Búdaipeist",
        "Europe\/Busingen": "Busingen",
        "Europe\/Chisinau": "Císineá",
        "Europe\/Copenhagen": "Cóbanhávan",
        "Europe\/Dublin": "Baile Átha Cliath",
        "Europe\/Gibraltar": "Giobráltar",
        "Europe\/Guernsey": "Geansaí",
        "Europe\/Helsinki": "Heilsincí",
        "Europe\/Isle_of_Man": "Oileán Mhanann",
        "Europe\/Istanbul": "Iostanbúl",
        "Europe\/Jersey": "Geirsí",
        "Europe\/Kaliningrad": "Kaliningrad",
        "Europe\/Kiev": "Cív",
        "Europe\/Lisbon": "Liospóin",
        "Europe\/Ljubljana": "Liúibleána",
        "Europe\/London": "Londain",
        "Europe\/Luxembourg": "Lucsamburg",
        "Europe\/Madrid": "Maidrid",
        "Europe\/Malta": "Málta",
        "Europe\/Mariehamn": "Mariehamn",
        "Europe\/Minsk": "Mionsc",
        "Europe\/Monaco": "Monacó",
        "Europe\/Moscow": "Moscó",
        "Europe\/Oslo": "Osló",
        "Europe\/Paris": "Páras",
        "Europe\/Podgorica": "Podgairítse",
        "Europe\/Prague": "Prág",
        "Europe\/Riga": "Ríge",
        "Europe\/Rome": "An Róimh",
        "Europe\/Samara": "Samara",
        "Europe\/San_Marino": "San Mairíne",
        "Europe\/Sarajevo": "Sairéavó",
        "Europe\/Simferopol": "Simferopol",
        "Europe\/Skopje": "Scóipé",
        "Europe\/Sofia": "Sóifia",
        "Europe\/Stockholm": "Stócólm",
        "Europe\/Tallinn": "Taillinn",
        "Europe\/Tirane": "Tirane",
        "Europe\/Uzhgorod": "Uzhgorod",
        "Europe\/Vaduz": "Vadús",
        "Europe\/Vatican": "Cathair na Vatacáine",
        "Europe\/Vienna": "Vín",
        "Europe\/Vilnius": "Vilnias",
        "Europe\/Volgograd": "Volgograd",
        "Europe\/Warsaw": "Vársá",
        "Europe\/Zagreb": "Ságrab",
        "Europe\/Zaporozhye": "Zaporozhye",
        "Europe\/Zurich": "Zürich",
        "Indian\/Antananarivo": "Antananairíveo",
        "Indian\/Chagos": "Chagos",
        "Indian\/Christmas": "Oileán na Nollag",
        "Indian\/Cocos": "Oileán Cocos",
        "Indian\/Comoro": "Oileáin Chomóra",
        "Indian\/Kerguelen": "Kerguelen",
        "Indian\/Mahe": "Mahe",
        "Indian\/Maldives": "Oileáin Mhaildíve",
        "Indian\/Mauritius": "Oileán Mhuirís",
        "Indian\/Mayotte": "Mayotte",
        "Indian\/Reunion": "La Réunion",
        "Pacific\/Apia": "Apia",
        "Pacific\/Auckland": "Auckland",
        "Pacific\/Chatham": "Chatham",
        "Pacific\/Easter": "Oileán na Cásca",
        "Pacific\/Efate": "Efate",
        "Pacific\/Enderbury": "Enderbury",
        "Pacific\/Fakaofo": "Fakaofo",
        "Pacific\/Fiji": "Fidsí",
        "Pacific\/Funafuti": "Funafuti",
        "Pacific\/Galapagos": "Galápagos",
        "Pacific\/Gambier": "Gambier",
        "Pacific\/Guadalcanal": "Guadalcanal",
        "Pacific\/Guam": "Guam",
        "Pacific\/Honolulu": "Honolulu",
        "Pacific\/Johnston": "Johnston",
        "Pacific\/Kiritimati": "Kiritimati",
        "Pacific\/Kosrae": "Kosrae",
        "Pacific\/Kwajalein": "Kwajalein",
        "Pacific\/Majuro": "Majuro",
        "Pacific\/Marquesas": "Na hOileáin Mharcasacha",
        "Pacific\/Midway": "Oileáin Midway",
        "Pacific\/Nauru": "Nárú",
        "Pacific\/Niue": "Niue",
        "Pacific\/Norfolk": "Norfolk",
        "Pacific\/Noumea": "Noumea",
        "Pacific\/Pago_Pago": "Pago Pago",
        "Pacific\/Palau": "Palau",
        "Pacific\/Pitcairn": "Pitcairn",
        "Pacific\/Ponape": "Pohnpei",
        "Pacific\/Port_Moresby": "Port Moresby",
        "Pacific\/Rarotonga": "Rarotonga",
        "Pacific\/Saipan": "Saipan",
        "Pacific\/Tahiti": "Taihítí",
        "Pacific\/Tarawa": "Tarawa",
        "Pacific\/Tongatapu": "Tongatapu",
        "Pacific\/Truk": "Chuuk",
        "Pacific\/Wake": "Oileán Wake",
        "Pacific\/Wallis": "Vailís"
    }
}
