{
    "Version": "2.1.8.9",
    "Names": {
        "Africa\/Abidjan": "આબિદ્જાન",
        "Africa\/Accra": "ઍકરા",
        "Africa\/Addis_Ababa": "એડિસ અબાબા",
        "Africa\/Algiers": "અલ્જીયર્સ",
        "Africa\/Asmera": "અસ્મારા",
        "Africa\/Bamako": "બમેકો",
        "Africa\/Bangui": "બાંગુઈ",
        "Africa\/Banjul": "બાંજુલ",
        "Africa\/Bissau": "બિસાઉ",
        "Africa\/Blantyre": "બ્લેંટીર",
        "Africa\/Brazzaville": "બ્રાઝાવિલે",
        "Africa\/Bujumbura": "બુજમ્બુરા",
        "Africa\/Cairo": "કૈરો",
        "Africa\/Casablanca": "કાસાબ્લાંકા",
        "Africa\/Ceuta": "ક્વેટા",
        "Africa\/Conakry": "કોનૅક્રી",
        "Africa\/Dakar": "ડકાર",
        "Africa\/Dar_es_Salaam": "દાર એસ સલામ",
        "Africa\/Djibouti": "જીબુટી",
        "Africa\/Douala": "ડૌઆલા",
        "Africa\/El_Aaiun": "એલ ઐઉન",
        "Africa\/Freetown": "ફ્રીટાઉન",
        "Africa\/Gaborone": "ગૅબોરોન",
        "Africa\/Harare": "હરારે",
        "Africa\/Johannesburg": "જોહાન્સબર્ગ",
        "Africa\/Juba": "જુબા",
        "Africa\/Kampala": "કમ્પાલા",
        "Africa\/Khartoum": "ખાર્ટૂમ",
        "Africa\/Kigali": "કિગાલી",
        "Africa\/Kinshasa": "કિંશાસા",
        "Africa\/Lagos": "લાગોસ",
        "Africa\/Libreville": "લિબ્રેવિલે",
        "Africa\/Lome": "લોમ",
        "Africa\/Luanda": "લ્યુએન્ડા",
        "Africa\/Lubumbashi": "લુબુમ્બાશી",
        "Africa\/Lusaka": "લુસાકા",
        "Africa\/Malabo": "મલાબો",
        "Africa\/Maputo": "માપુટો",
        "Africa\/Maseru": "મસેરુ",
        "Africa\/Mbabane": "અમ્બબાન",
        "Africa\/Mogadishu": "મોગાડીશુ",
        "Africa\/Monrovia": "મોંરોવિયા",
        "Africa\/Nairobi": "નૈરોબી",
        "Africa\/Ndjamena": "અન્જમેન",
        "Africa\/Niamey": "યામેય",
        "Africa\/Nouakchott": "નૌકચોટ",
        "Africa\/Ouagadougou": "ઔઆગાદૌગૌ",
        "Africa\/Porto-Novo": "પોર્ટો-નોવો",
        "Africa\/Sao_Tome": "સાઓ ટૉમ",
        "Africa\/Tripoli": "ટ્રીપોલી",
        "Africa\/Tunis": "ટ્યુનિસ",
        "Africa\/Windhoek": "વિંડહૉક",
        "America\/Adak": "અદક",
        "America\/Anchorage": "એન્કોરેજ",
        "America\/Anguilla": "ઍંગ્વિલા",
        "America\/Antigua": "ઍન્ટિગુઆ",
        "America\/Araguaina": "અરાગુઇના",
        "America\/Argentina\/La_Rioja": "લા રિઓહા",
        "America\/Argentina\/Rio_Gallegos": "રિઓ ગેલેગોસ",
        "America\/Argentina\/Salta": "સાલ્ટા",
        "America\/Argentina\/San_Juan": "સેન જુએન",
        "America\/Argentina\/San_Luis": "સેન લુઇસ",
        "America\/Argentina\/Tucuman": "તુકુમાન",
        "America\/Argentina\/Ushuaia": "ઉશાયા",
        "America\/Aruba": "અરુબા",
        "America\/Asuncion": "એસન્શિયન",
        "America\/Bahia": "બાહિયા",
        "America\/Bahia_Banderas": "બહિયા બાંદ્રાસ",
        "America\/Barbados": "બારબાડોસ",
        "America\/Belem": "બેલેમ",
        "America\/Belize": "બેલીઝ",
        "America\/Blanc-Sablon": "બ્લાંક-સેબલોન",
        "America\/Boa_Vista": "બોઆ વિસ્ટા",
        "America\/Bogota": "બોગોટા",
        "America\/Boise": "બોઇઝ",
        "America\/Buenos_Aires": "બ્યુનસ એયર્સ",
        "America\/Cambridge_Bay": "કેમ્બ્રિજ બે",
        "America\/Campo_Grande": "કામ્પો ગ્રાંડ",
        "America\/Cancun": "કાન્કુન",
        "America\/Caracas": "કૅરાકસ",
        "America\/Catamarca": "કાતામાર્કા",
        "America\/Cayenne": "કાયેને",
        "America\/Cayman": "કેમેન",
        "America\/Chicago": "શિકાગો",
        "America\/Chihuahua": "ચિહુઆહુઆ",
        "America\/Coral_Harbour": "એટિકોકેન",
        "America\/Cordoba": "કોર્ડોબા",
        "America\/Costa_Rica": "કોસ્ટા રિકા",
        "America\/Creston": "ક્રેસ્ટન",
        "America\/Cuiaba": "ક્યુએબા",
        "America\/Curacao": "કુરાકાઓ",
        "America\/Danmarkshavn": "ડેનમાર્કશૉન",
        "America\/Dawson": "ડૌસન",
        "America\/Dawson_Creek": "ડૌસન ક્રિક",
        "America\/Denver": "દેન્વર",
        "America\/Detroit": "ડેટ્રોઇટ",
        "America\/Dominica": "ડોમિનિકા",
        "America\/Edmonton": "એડમેન્ટન",
        "America\/Eirunepe": "ઇરુનેપ",
        "America\/El_Salvador": "એલ સેલ્વાડોર",
        "America\/Fortaleza": "ફોર્ટાલેઝા",
        "America\/Glace_Bay": "ગ્લેસ બે",
        "America\/Godthab": "નૂક",
        "America\/Goose_Bay": "ગૂસ બે",
        "America\/Grand_Turk": "ગ્રાન્ડ ટર્ક",
        "America\/Grenada": "ગ્રેનેડા",
        "America\/Guadeloupe": "ગ્વાડેલોપ",
        "America\/Guatemala": "ગ્વાટેમાલા",
        "America\/Guayaquil": "ગુયાક્વિલ",
        "America\/Guyana": "ગયાના",
        "America\/Halifax": "હેલિફેક્સ",
        "America\/Havana": "હવાના",
        "America\/Hermosillo": "એરમોસિયો",
        "America\/Indiana\/Knox": "નોક્સ,ઇન્ડિયાના",
        "America\/Indiana\/Marengo": "મેરેંગો, ઇન્ડિયાના",
        "America\/Indiana\/Petersburg": "પિટર્સબર્ગ,ઇન્ડિયાના",
        "America\/Indiana\/Tell_City": "ટેલ સિટી,ઇન્ડિયાના",
        "America\/Indiana\/Vevay": "વેવૈ, ઇન્ડિયાના",
        "America\/Indiana\/Vincennes": "વેસેંન, ઇન્ડિયાના",
        "America\/Indiana\/Winamac": "વિનામેક,ઇન્ડિયાના",
        "America\/Indianapolis": "ઇન્ડિયાનાપોલિસ",
        "America\/Inuvik": "ઇનુવિક",
        "America\/Iqaluit": "ઇકાલુઇત",
        "America\/Jamaica": "જમૈકા",
        "America\/Jujuy": "હુહુઇ",
        "America\/Juneau": "જુનેઇ",
        "America\/Kentucky\/Monticello": "મોન્ટીસેલો, કેન્ટુકી",
        "America\/Kralendijk": "ક્રાલેન્ડિક",
        "America\/La_Paz": "લા પેઝ",
        "America\/Lima": "લિમા",
        "America\/Los_Angeles": "લોસ એંજેલેસ",
        "America\/Louisville": "લૂઇવિલ",
        "America\/Lower_Princes": "લોઅર પ્રિન્સનું ક્વાર્ટર",
        "America\/Maceio": "મેસિઓ",
        "America\/Managua": "માનાગુઆ",
        "America\/Manaus": "મનૌસ",
        "America\/Marigot": "મેરીગોટ",
        "America\/Martinique": "માર્ટીનીક",
        "America\/Matamoros": "માતામોરોસ",
        "America\/Mazatlan": "મઝત્લાન",
        "America\/Mendoza": "મેન્ડોઝા",
        "America\/Menominee": "મેનોમિની",
        "America\/Merida": "મેરિદા",
        "America\/Metlakatla": "મેટ્લાકાટ્લા",
        "America\/Mexico_City": "મેક્સિકો સિટી",
        "America\/Miquelon": "માઇક્યુલોન",
        "America\/Moncton": "મોન્કટન",
        "America\/Monterrey": "મોન્તોરે",
        "America\/Montevideo": "મૉંટેવિડિઓ",
        "America\/Montserrat": "મોંટસેરાત",
        "America\/Nassau": "નાસાઉ",
        "America\/New_York": "ન્યૂયોર્ક",
        "America\/Nipigon": "નિપિગોન",
        "America\/Nome": "નોમ",
        "America\/Noronha": "નોરોન્હા",
        "America\/North_Dakota\/Beulah": "બિયુલાહ, ઉત્તર ડેકોટા",
        "America\/North_Dakota\/Center": "સેન્ટર, ઉત્તર ડેકોટા",
        "America\/North_Dakota\/New_Salem": "ન્યુ સેલમ, ઉત્તર ડેકોટા",
        "America\/Ojinaga": "ઓજિનાગા",
        "America\/Panama": "પનામા",
        "America\/Pangnirtung": "પેંગનિરતુંગ",
        "America\/Paramaribo": "પેરામેરિબો",
        "America\/Phoenix": "ફોનિક્સ",
        "America\/Port-au-Prince": "પોર્ટ-ઓ-પ્રિન્સ",
        "America\/Port_of_Spain": "પોર્ટ ઑફ સ્પેન",
        "America\/Porto_Velho": "પોર્ટો વેલ્હો",
        "America\/Puerto_Rico": "પ્યુઅર્ટો રિકો",
        "America\/Rainy_River": "બરસાતી નદી",
        "America\/Rankin_Inlet": "રેંકિન ઇન્લેટ",
        "America\/Recife": "રેસીફ",
        "America\/Regina": "રેજીના",
        "America\/Resolute": "રેઝોલૂટ",
        "America\/Rio_Branco": "રિયો બ્રાંકો",
        "America\/Santa_Isabel": "સાંતા ઇસાબેલ",
        "America\/Santarem": "સેન્તારેમ",
        "America\/Santiago": "સાંટિયાગો",
        "America\/Santo_Domingo": "સેંટો ડોમિંગો",
        "America\/Sao_Paulo": "સાઓ પાઉલો",
        "America\/Scoresbysund": "સ્કોર્સબાયસન્દ",
        "America\/Sitka": "સિટ્કા",
        "America\/St_Barthelemy": "સેંટ બાર્થેલેમી",
        "America\/St_Johns": "સેન્ટ જ્હોન્સ",
        "America\/St_Kitts": "સેન્ટ કીટ્સ",
        "America\/St_Lucia": "સેંટ લુસિયા",
        "America\/St_Thomas": "સેંટ થોમસ",
        "America\/St_Vincent": "સેન્ટ વિંસેંટ",
        "America\/Swift_Current": "સ્વિફ્ટ કરંટ",
        "America\/Tegucigalpa": "તેગુસિગલ્પા",
        "America\/Thule": "થુલે",
        "America\/Thunder_Bay": "થંડર બે",
        "America\/Tijuana": "તિજુઆના",
        "America\/Toronto": "ટોરન્ટો",
        "America\/Tortola": "ટોર્ટોલા",
        "America\/Vancouver": "વેન્કુવર",
        "America\/Whitehorse": "વ્હાઇટહોર્સ",
        "America\/Winnipeg": "વિન્નિપેગ",
        "America\/Yakutat": "યકુતત",
        "America\/Yellowknife": "યેલોનાઇફ",
        "Antarctica\/Casey": "કૅસી",
        "Antarctica\/Davis": "ડૅવિસ",
        "Antarctica\/DumontDUrville": "દુમોન્ત દી‘ઉર્વિલ",
        "Antarctica\/Macquarie": "મેક્વેરી",
        "Antarctica\/Mawson": "મોસન",
        "Antarctica\/McMurdo": "મૅકમર્ડો",
        "Antarctica\/Palmer": "પાલ્મર",
        "Antarctica\/Rothera": "રોથેરા",
        "Antarctica\/Syowa": "સ્યોવા",
        "Antarctica\/Troll": "ટ્રોલ",
        "Antarctica\/Vostok": "વોસ્ટૉક",
        "Arctic\/Longyearbyen": "લોંગઇયરબિયેન",
        "Asia\/Aden": "એદેન",
        "Asia\/Almaty": "અલ્માટી",
        "Asia\/Amman": "અમ્માન",
        "Asia\/Anadyr": "અનદિર",
        "Asia\/Aqtau": "અકટાઉ",
        "Asia\/Aqtobe": "ઍક્ટોબ",
        "Asia\/Ashgabat": "અશગાબટ",
        "Asia\/Baghdad": "બગદાદ",
        "Asia\/Bahrain": "બેહરીન",
        "Asia\/Baku": "બાકુ",
        "Asia\/Bangkok": "બેંગકોક",
        "Asia\/Beirut": "બૈરુત",
        "Asia\/Bishkek": "બિશકેક",
        "Asia\/Brunei": "બ્રુનેઇ",
        "Asia\/Calcutta": "કોલકાતા",
        "Asia\/Choibalsan": "ચોઇબાલ્સન",
        "Asia\/Chongqing": "ચોંગકિંગ",
        "Asia\/Colombo": "કોલંબો",
        "Asia\/Damascus": "દમાસ્કસ",
        "Asia\/Dhaka": "ઢાકા",
        "Asia\/Dili": "દિલિ",
        "Asia\/Dubai": "દુબઈ",
        "Asia\/Dushanbe": "દુશામ્બે",
        "Asia\/Gaza": "ગાઝા",
        "Asia\/Harbin": "હારબિન",
        "Asia\/Hebron": "હેબ્રોન",
        "Asia\/Hong_Kong": "હોંગકોંગ",
        "Asia\/Hovd": "હોવ્ડ",
        "Asia\/Irkutsk": "ઇર્કુત્સ્ક",
        "Asia\/Jakarta": "જાકાર્તા",
        "Asia\/Jayapura": "જયાપુરા",
        "Asia\/Jerusalem": "જેરુસલેમ",
        "Asia\/Kabul": "કાબુલ",
        "Asia\/Kamchatka": "કામચટ્કા",
        "Asia\/Karachi": "કરાચી",
        "Asia\/Kashgar": "કાશ્ગર",
        "Asia\/Katmandu": "કાઠમંડુ",
        "Asia\/Khandyga": "ખંડિગા",
        "Asia\/Krasnoyarsk": "ક્રિસ્નોયાર્સ્ક",
        "Asia\/Kuala_Lumpur": "કુઆલા લુમ્પુર",
        "Asia\/Kuching": "કુચિંગ",
        "Asia\/Kuwait": "કુવૈત",
        "Asia\/Macau": "મકાઉ",
        "Asia\/Magadan": "મેગાડન",
        "Asia\/Makassar": "માકસ્સર",
        "Asia\/Manila": "મનિલા",
        "Asia\/Muscat": "મસ્કત",
        "Asia\/Nicosia": "નિકોસિયા",
        "Asia\/Novokuznetsk": "નોવોકુઝ્નેત્સ્ક",
        "Asia\/Novosibirsk": "નોવોસીર્બિર્સ્ક",
        "Asia\/Omsk": "ઓમ્સ્ક",
        "Asia\/Oral": "ઓરલ",
        "Asia\/Phnom_Penh": "ફ્નોમ પેન્હ",
        "Asia\/Pontianak": "પોન્ટિયનેક",
        "Asia\/Pyongyang": "પ્યોંગયાંગ",
        "Asia\/Qatar": "કતાર",
        "Asia\/Qyzylorda": "કિઝિલોર્ડા",
        "Asia\/Rangoon": "રંગૂન",
        "Asia\/Riyadh": "રિયાધ",
        "Asia\/Saigon": "હો ચી મીન સિટી",
        "Asia\/Sakhalin": "સખાલિન",
        "Asia\/Samarkand": "સમરકન્ડ",
        "Asia\/Seoul": "સીઓલ",
        "Asia\/Shanghai": "શેંઘાઇ",
        "Asia\/Singapore": "સિંગાપુર",
        "Asia\/Taipei": "તાઇપેઇ",
        "Asia\/Tashkent": "તાશકેન્ટ",
        "Asia\/Tbilisi": "બિલિસિ",
        "Asia\/Tehran": "તેહરાન",
        "Asia\/Thimphu": "થીમ્ફુ",
        "Asia\/Tokyo": "ટોક્યો",
        "Asia\/Ulaanbaatar": "ઉલાંબાતર",
        "Asia\/Urumqi": "ઉરુમ્કી",
        "Asia\/Ust-Nera": "ઉસ્ત-નેરા",
        "Asia\/Vientiane": "વિયેનટિયેન",
        "Asia\/Vladivostok": "વ્લેડિવોસ્ટોક",
        "Asia\/Yakutsk": "યકુત્સક",
        "Asia\/Yekaterinburg": "યેકાતેરિનબર્ગ",
        "Asia\/Yerevan": "યેરેવાન",
        "Atlantic\/Azores": "એઝોરેઝ",
        "Atlantic\/Bermuda": "બર્મુડા",
        "Atlantic\/Canary": "કૅનેરી",
        "Atlantic\/Cape_Verde": "કૅપ વેર્ડે",
        "Atlantic\/Faeroe": "ફેરો",
        "Atlantic\/Madeira": "મડિરા",
        "Atlantic\/Reykjavik": "રૅકયાવિક",
        "Atlantic\/South_Georgia": "સાઉથ જ્યોર્જિયા",
        "Atlantic\/St_Helena": "સેન્ટ હેલેના",
        "Atlantic\/Stanley": "સ્ટેનલી",
        "Australia\/Adelaide": "એડિલેઇડ",
        "Australia\/Brisbane": "બ્રિસબેન",
        "Australia\/Broken_Hill": "બ્રોકન હિલ",
        "Australia\/Currie": "ક્યુરી",
        "Australia\/Darwin": "ડાર્વિન",
        "Australia\/Eucla": "ઉક્લા",
        "Australia\/Hobart": "હોબાર્ટ",
        "Australia\/Lindeman": "લિન્ડેમેન",
        "Australia\/Lord_Howe": "લોર્ડ હોવ",
        "Australia\/Melbourne": "મેલબોર્ન",
        "Australia\/Perth": "પર્થ",
        "Australia\/Sydney": "સિડ્ની",
        "Etc\/Unknown": "અજ્ઞાત શહેર",
        "Europe\/Amsterdam": "ઍમ્સ્ટરડૅમ",
        "Europe\/Andorra": "ઍંડોરા",
        "Europe\/Athens": "એથેંસ",
        "Europe\/Belgrade": "બેલગ્રેડ",
        "Europe\/Berlin": "બર્લિન",
        "Europe\/Bratislava": "બ્રેટિસલાવા",
        "Europe\/Brussels": "બ્રસેલ્સ",
        "Europe\/Bucharest": "બુકરેસ્ટ",
        "Europe\/Budapest": "બુડાપેસ્ટ",
        "Europe\/Busingen": "બિઝેન્ગન",
        "Europe\/Chisinau": "ચિસીનાઉ",
        "Europe\/Copenhagen": "કૉપેનહૅજેન",
        "Europe\/Dublin": "ડબલિન",
        "Europe\/Gibraltar": "જીબ્રાલ્ટર",
        "Europe\/Guernsey": "ગર્નઝી",
        "Europe\/Helsinki": "હેલસિંકી",
        "Europe\/Isle_of_Man": "આય્લ ઓફ મૅન",
        "Europe\/Istanbul": "ઇસ્તાંબુલ",
        "Europe\/Jersey": "જર્સી",
        "Europe\/Kaliningrad": "કલિનિન્ગ્રેડ",
        "Europe\/Kiev": "કૈવ",
        "Europe\/Lisbon": "લિસ્બન",
        "Europe\/Ljubljana": "લુબ્લિયાના",
        "Europe\/London": "લંડન",
        "Europe\/Luxembourg": "લક્ઝમબર્ગ",
        "Europe\/Madrid": "મૅડ્રીડ",
        "Europe\/Malta": "માલ્ટા",
        "Europe\/Mariehamn": "મેરિહેમ",
        "Europe\/Minsk": "મિંસ્ક",
        "Europe\/Monaco": "મોનાકો",
        "Europe\/Moscow": "મોસ્કો",
        "Europe\/Oslo": "ઑસ્લો",
        "Europe\/Paris": "પેરિસ",
        "Europe\/Podgorica": "પોડગોરિકા",
        "Europe\/Prague": "પ્રાગ",
        "Europe\/Riga": "રિગા",
        "Europe\/Rome": "રોમ",
        "Europe\/Samara": "સમારા",
        "Europe\/San_Marino": "સૅન મેરિનો",
        "Europe\/Sarajevo": "સારાજેવો",
        "Europe\/Simferopol": "સિમ્ફેરોપોલ",
        "Europe\/Skopje": "સ્કોપયે",
        "Europe\/Sofia": "સોફિયા",
        "Europe\/Stockholm": "સ્ટોકહૉમ",
        "Europe\/Tallinn": "તલ્લીન",
        "Europe\/Tirane": "તિરાને",
        "Europe\/Uzhgorod": "ઉઝ્ગોરોદ",
        "Europe\/Vaduz": "વૅદુઝ",
        "Europe\/Vatican": "વેટિકન",
        "Europe\/Vienna": "વિયેના",
        "Europe\/Vilnius": "વિલ્નિઅસ",
        "Europe\/Volgograd": "વોલ્ગોગ્રેડ",
        "Europe\/Warsaw": "વોરસૉ",
        "Europe\/Zagreb": "ઝેગરેબ",
        "Europe\/Zaporozhye": "જેપોરોઝિયે",
        "Europe\/Zurich": "ઝુરીક",
        "Indian\/Antananarivo": "અંતાનાનારિવો",
        "Indian\/Chagos": "ચાગોસ",
        "Indian\/Christmas": "ક્રિસમસ",
        "Indian\/Cocos": "કૉકોસ",
        "Indian\/Comoro": "કોમોરો",
        "Indian\/Kerguelen": "કેરગ્વેલિન",
        "Indian\/Mahe": "માહે",
        "Indian\/Maldives": "માલદિવ્સ",
        "Indian\/Mauritius": "મોરિશિયસ",
        "Indian\/Mayotte": "મેયોટ",
        "Indian\/Reunion": "રિયુનિયન",
        "Pacific\/Apia": "એપિયા",
        "Pacific\/Auckland": "ઑકલેન્ડ",
        "Pacific\/Chatham": "ચથમ",
        "Pacific\/Easter": "ઇસ્ટર",
        "Pacific\/Efate": "એફેટ",
        "Pacific\/Enderbury": "એંડર્બરી",
        "Pacific\/Fakaofo": "ફાકાઓફો",
        "Pacific\/Fiji": "ફીજી",
        "Pacific\/Funafuti": "ફુનાફુટી",
        "Pacific\/Galapagos": "ગાલાપેગોસ",
        "Pacific\/Gambier": "ગેમ્બિયર",
        "Pacific\/Guadalcanal": "ગૌડલકૅનલ",
        "Pacific\/Guam": "ગ્વામ",
        "Pacific\/Honolulu": "હોનોલુલુ",
        "Pacific\/Johnston": "જોહ્નસ્ટોન",
        "Pacific\/Kiritimati": "કિરિતિમાતી",
        "Pacific\/Kosrae": "કોસરે",
        "Pacific\/Kwajalein": "ક્વાજાલીન",
        "Pacific\/Majuro": "માજુરો",
        "Pacific\/Marquesas": "માર્કીસાસ",
        "Pacific\/Midway": "મીડવે",
        "Pacific\/Nauru": "નૌરુ",
        "Pacific\/Niue": "નીયુ",
        "Pacific\/Norfolk": "નૉરફૉક",
        "Pacific\/Noumea": "નૌમીઆ",
        "Pacific\/Pago_Pago": "પેગો પેગો",
        "Pacific\/Palau": "પલાઉ",
        "Pacific\/Pitcairn": "પીટકૈર્ન",
        "Pacific\/Ponape": "પોન્પે",
        "Pacific\/Port_Moresby": "પોર્ટ મોર્સ્બી",
        "Pacific\/Rarotonga": "રેરોટોંગા",
        "Pacific\/Saipan": "સાઇપન",
        "Pacific\/Tahiti": "તાહીતી",
        "Pacific\/Tarawa": "તારાવા",
        "Pacific\/Tongatapu": "ટૉંગાટાપુ",
        "Pacific\/Truk": "ચુક",
        "Pacific\/Wake": "વેક",
        "Pacific\/Wallis": "વાલિસ"
    }
}
