{
    "Version": "2.1.48.45",
    "Names": {
        "Africa\/Abidjan": "Lokacin Greenwhich a London (Abidjan)",
        "Africa\/Accra": "Lokacin Greenwhich a London (Accra)",
        "Africa\/Addis_Ababa": "Addis Ababa Lokaci",
        "Africa\/Algiers": "Tsakiyar a lokaci turai (Algiers)",
        "Africa\/Asmera": "Asmara Lokaci",
        "Africa\/Bamako": "Lokacin Greenwhich a London (Bamako)",
        "Africa\/Bangui": "Bangui Lokaci",
        "Africa\/Banjul": "Lokacin Greenwhich a London (Banjul)",
        "Africa\/Bissau": "Lokacin Greenwhich a London (Bissau)",
        "Africa\/Blantyre": "Blantyre Lokaci",
        "Africa\/Brazzaville": "Brazzaville Lokaci",
        "Africa\/Bujumbura": "Bujumbura Lokaci",
        "Africa\/Cairo": "Lokaci a turai gabas (Cairo)",
        "Africa\/Casablanca": "Lokaci ta yammacin turai (Casablanca)",
        "Africa\/Ceuta": "Tsakiyar a lokaci turai (Ceuta)",
        "Africa\/Conakry": "Lokacin Greenwhich a London (Conakry)",
        "Africa\/Dakar": "Lokacin Greenwhich a London (Dakar)",
        "Africa\/Dar_es_Salaam": "Dar es Salaam Lokaci",
        "Africa\/Djibouti": "Djibouti Lokaci",
        "Africa\/Douala": "Douala Lokaci",
        "Africa\/El_Aaiun": "Lokaci ta yammacin turai (El Aaiun)",
        "Africa\/Freetown": "Lokacin Greenwhich a London (Freetown)",
        "Africa\/Gaborone": "Gaborone Lokaci",
        "Africa\/Harare": "Harare Lokaci",
        "Africa\/Johannesburg": "Johannesburg Lokaci",
        "Africa\/Juba": "Juba Lokaci",
        "Africa\/Kampala": "Kampala Lokaci",
        "Africa\/Khartoum": "Khartoum Lokaci",
        "Africa\/Kigali": "Kigali Lokaci",
        "Africa\/Kinshasa": "Kinshasa Lokaci",
        "Africa\/Lagos": "Lagos Lokaci",
        "Africa\/Libreville": "Libreville Lokaci",
        "Africa\/Lome": "Lokacin Greenwhich a London (Lome)",
        "Africa\/Luanda": "Luanda Lokaci",
        "Africa\/Lubumbashi": "Lubumbashi Lokaci",
        "Africa\/Lusaka": "Lusaka Lokaci",
        "Africa\/Malabo": "Malabo Lokaci",
        "Africa\/Maputo": "Maputo Lokaci",
        "Africa\/Maseru": "Maseru Lokaci",
        "Africa\/Mbabane": "Mbabane Lokaci",
        "Africa\/Mogadishu": "Mogadishu Lokaci",
        "Africa\/Monrovia": "Lokacin Greenwhich a London (Monrovia)",
        "Africa\/Nairobi": "Nairobi Lokaci",
        "Africa\/Ndjamena": "Ndjamena Lokaci",
        "Africa\/Niamey": "Niamey Lokaci",
        "Africa\/Nouakchott": "Lokacin Greenwhich a London (Nouakchott)",
        "Africa\/Ouagadougou": "Lokacin Greenwhich a London (Ouagadougou)",
        "Africa\/Porto-Novo": "Porto-Novo Lokaci",
        "Africa\/Sao_Tome": "Lokacin Greenwhich a London (Sao Tome)",
        "Africa\/Tripoli": "Lokaci a turai gabas (Tripoli)",
        "Africa\/Tunis": "Tsakiyar a lokaci turai (Tunis)",
        "Africa\/Windhoek": "Windhoek Lokaci",
        "America\/Adak": "Lokaci ta Hawaii-Aleutian (Adak)",
        "America\/Anchorage": "Lokaci ta Alaska (Anchorage)",
        "America\/Anguilla": "Lokaci da Kanada, Puerto Rico da Virgin Islands (Anguilla)",
        "America\/Antigua": "Lokaci da Kanada, Puerto Rico da Virgin Islands (Antigua)",
        "America\/Araguaina": "Araguaina Lokaci",
        "America\/Argentina\/La_Rioja": "La Rioja Lokaci",
        "America\/Argentina\/Rio_Gallegos": "Rio Gallegos Lokaci",
        "America\/Argentina\/Salta": "Salta Lokaci",
        "America\/Argentina\/San_Juan": "San Juan Lokaci",
        "America\/Argentina\/San_Luis": "San Luis Lokaci",
        "America\/Argentina\/Tucuman": "Tucuman Lokaci",
        "America\/Argentina\/Ushuaia": "Ushuaia Lokaci",
        "America\/Aruba": "Lokaci da Kanada, Puerto Rico da Virgin Islands (Aruba)",
        "America\/Asuncion": "Asuncion Lokaci",
        "America\/Bahia": "Bahia Lokaci",
        "America\/Bahia_Banderas": "Lokaci dake Amurika arewa ta tsakiyar (Bahia Banderas)",
        "America\/Barbados": "Lokaci da Kanada, Puerto Rico da Virgin Islands (Barbados)",
        "America\/Belem": "Belem Lokaci",
        "America\/Belize": "Lokaci dake Amurika arewa ta tsakiyar (Belize)",
        "America\/Blanc-Sablon": "Lokaci da Kanada, Puerto Rico da Virgin Islands (Blanc-Sablon)",
        "America\/Boa_Vista": "Boa Vista Lokaci",
        "America\/Bogota": "Bogota Lokaci",
        "America\/Boise": "Lokaci tsauni a arewacin da Amirka (Boise)",
        "America\/Buenos_Aires": "Buenos Aires Lokaci",
        "America\/Cambridge_Bay": "Lokaci tsauni a arewacin da Amirka (Cambridge Bay)",
        "America\/Campo_Grande": "Campo Grande Lokaci",
        "America\/Cancun": "Lokaci gabas a arewacin da Amirka (Cancun)",
        "America\/Caracas": "Caracas Lokaci",
        "America\/Catamarca": "Catamarca Lokaci",
        "America\/Cayenne": "Cayenne Lokaci",
        "America\/Cayman": "Lokaci gabas a arewacin da Amirka (Cayman)",
        "America\/Chicago": "Lokaci dake Amurika arewa ta tsakiyar (Chicago)",
        "America\/Chihuahua": "Lokaci a lafiya ta Mesiko (Chihuahua)",
        "America\/Coral_Harbour": "Lokaci gabas a arewacin da Amirka (Atikokan)",
        "America\/Cordoba": "Cordoba Lokaci",
        "America\/Costa_Rica": "Lokaci dake Amurika arewa ta tsakiyar (Costa Rica)",
        "America\/Creston": "Lokaci tsauni a arewacin da Amirka (Creston)",
        "America\/Cuiaba": "Cuiaba Lokaci",
        "America\/Curacao": "Lokaci da Kanada, Puerto Rico da Virgin Islands (Curacao)",
        "America\/Danmarkshavn": "Lokacin Greenwhich a London (Danmarkshavn)",
        "America\/Dawson": "Amurika da arewa a lokaci lafiya (Dawson)",
        "America\/Dawson_Creek": "Lokaci tsauni a arewacin da Amirka (Dawson Creek)",
        "America\/Denver": "Lokaci tsauni a arewacin da Amirka (Denver)",
        "America\/Detroit": "Lokaci gabas a arewacin da Amirka (Detroit)",
        "America\/Dominica": "Lokaci da Kanada, Puerto Rico da Virgin Islands (Dominica)",
        "America\/Edmonton": "Lokaci tsauni a arewacin da Amirka (Edmonton)",
        "America\/Eirunepe": "Eirunepe Lokaci",
        "America\/El_Salvador": "Lokaci dake Amurika arewa ta tsakiyar (El Salvador)",
        "America\/Fort_Nelson": "Lokaci tsauni a arewacin da Amirka (Fort Nelson)",
        "America\/Fortaleza": "Fortaleza Lokaci",
        "America\/Glace_Bay": "Lokaci da Kanada, Puerto Rico da Virgin Islands (Glace Bay)",
        "America\/Godthab": "Lokaci a yammacin ta Greeland (Nuuk)",
        "America\/Goose_Bay": "Lokaci da Kanada, Puerto Rico da Virgin Islands (Goose Bay)",
        "America\/Grand_Turk": "Lokaci gabas a arewacin da Amirka (Grand Turk)",
        "America\/Grenada": "Lokaci da Kanada, Puerto Rico da Virgin Islands (Grenada)",
        "America\/Guadeloupe": "Lokaci da Kanada, Puerto Rico da Virgin Islands (Guadeloupe)",
        "America\/Guatemala": "Lokaci dake Amurika arewa ta tsakiyar (Guatemala)",
        "America\/Guayaquil": "Guayaquil Lokaci",
        "America\/Guyana": "Guyana Lokaci",
        "America\/Halifax": "Lokaci da Kanada, Puerto Rico da Virgin Islands (Halifax)",
        "America\/Havana": "Lokaci ta Kuba (Havana)",
        "America\/Hermosillo": "Lokaci a lafiya ta Mesiko (Hermosillo)",
        "America\/Indiana\/Knox": "Lokaci dake Amurika arewa ta tsakiyar (Knox, Indiana)",
        "America\/Indiana\/Marengo": "Lokaci gabas a arewacin da Amirka (Marengo, Indiana)",
        "America\/Indiana\/Petersburg": "Lokaci gabas a arewacin da Amirka (Petersburg, Indiana)",
        "America\/Indiana\/Tell_City": "Lokaci dake Amurika arewa ta tsakiyar (Tell City, Indiana)",
        "America\/Indiana\/Vevay": "Lokaci gabas a arewacin da Amirka (Vevay, Indiana)",
        "America\/Indiana\/Vincennes": "Lokaci gabas a arewacin da Amirka (Vincennes, Indiana)",
        "America\/Indiana\/Winamac": "Lokaci gabas a arewacin da Amirka (Winamac, Indiana)",
        "America\/Indianapolis": "Lokaci gabas a arewacin da Amirka (Indianapolis)",
        "America\/Inuvik": "Lokaci tsauni a arewacin da Amirka (Inuvik)",
        "America\/Iqaluit": "Lokaci gabas a arewacin da Amirka (Iqaluit)",
        "America\/Jamaica": "Lokaci gabas a arewacin da Amirka (Jamaica)",
        "America\/Jujuy": "Jujuy Lokaci",
        "America\/Juneau": "Lokaci ta Alaska (Juneau)",
        "America\/Kentucky\/Monticello": "Lokaci gabas a arewacin da Amirka (Monticello, Kentucky)",
        "America\/Kralendijk": "Lokaci da Kanada, Puerto Rico da Virgin Islands (Kralendijk)",
        "America\/La_Paz": "La Paz Lokaci",
        "America\/Lima": "Lima Lokaci",
        "America\/Los_Angeles": "Amurika da arewa a lokaci lafiya (Los Angeles)",
        "America\/Louisville": "Lokaci gabas a arewacin da Amirka (Louisville)",
        "America\/Lower_Princes": "Lokaci da Kanada, Puerto Rico da Virgin Islands (Lower Prince’s Quarter)",
        "America\/Maceio": "Maceio Lokaci",
        "America\/Managua": "Lokaci dake Amurika arewa ta tsakiyar (Managua)",
        "America\/Manaus": "Manaus Lokaci",
        "America\/Marigot": "Lokaci da Kanada, Puerto Rico da Virgin Islands (Marigot)",
        "America\/Martinique": "Lokaci da Kanada, Puerto Rico da Virgin Islands (Martinique)",
        "America\/Matamoros": "Lokaci dake Amurika arewa ta tsakiyar (Matamoros)",
        "America\/Mazatlan": "Lokaci a lafiya ta Mesiko (Mazatlan)",
        "America\/Mendoza": "Mendoza Lokaci",
        "America\/Menominee": "Lokaci dake Amurika arewa ta tsakiyar (Menominee)",
        "America\/Merida": "Lokaci dake Amurika arewa ta tsakiyar (Merida)",
        "America\/Metlakatla": "Lokaci ta Alaska (Metlakatla)",
        "America\/Mexico_City": "Lokaci dake Amurika arewa ta tsakiyar (Mexico City)",
        "America\/Miquelon": "Lokaci ta St. Pierre da Miquelon (Miquelon)",
        "America\/Moncton": "Lokaci da Kanada, Puerto Rico da Virgin Islands (Moncton)",
        "America\/Monterrey": "Lokaci dake Amurika arewa ta tsakiyar (Monterrey)",
        "America\/Montevideo": "Montevideo Lokaci",
        "America\/Montreal": "Montreal Lokaci",
        "America\/Montserrat": "Lokaci da Kanada, Puerto Rico da Virgin Islands (Montserrat)",
        "America\/Nassau": "Lokaci gabas a arewacin da Amirka (Nassau)",
        "America\/New_York": "Lokaci gabas a arewacin da Amirka (New York)",
        "America\/Nipigon": "Lokaci gabas a arewacin da Amirka (Nipigon)",
        "America\/Nome": "Lokaci ta Alaska (Nome)",
        "America\/Noronha": "Noronha Lokaci",
        "America\/North_Dakota\/Beulah": "Lokaci dake Amurika arewa ta tsakiyar (Beulah, North Dakota)",
        "America\/North_Dakota\/Center": "Lokaci dake Amurika arewa ta tsakiyar (Center, North Dakota)",
        "America\/North_Dakota\/New_Salem": "Lokaci dake Amurika arewa ta tsakiyar (New Salem, North Dakota)",
        "America\/Ojinaga": "Lokaci tsauni a arewacin da Amirka (Ojinaga)",
        "America\/Panama": "Lokaci gabas a arewacin da Amirka (Panama)",
        "America\/Pangnirtung": "Lokaci gabas a arewacin da Amirka (Pangnirtung)",
        "America\/Paramaribo": "Paramaribo Lokaci",
        "America\/Phoenix": "Lokaci tsauni a arewacin da Amirka (Phoenix)",
        "America\/Port-au-Prince": "Lokaci gabas a arewacin da Amirka (Port-au-Prince)",
        "America\/Port_of_Spain": "Lokaci da Kanada, Puerto Rico da Virgin Islands (Port of Spain)",
        "America\/Porto_Velho": "Porto Velho Lokaci",
        "America\/Puerto_Rico": "Lokaci da Kanada, Puerto Rico da Virgin Islands (Puerto Rico)",
        "America\/Punta_Arenas": "Punta Arenas Lokaci",
        "America\/Rainy_River": "Lokaci dake Amurika arewa ta tsakiyar (Rainy River)",
        "America\/Rankin_Inlet": "Lokaci dake Amurika arewa ta tsakiyar (Rankin Inlet)",
        "America\/Recife": "Recife Lokaci",
        "America\/Regina": "Lokaci dake Amurika arewa ta tsakiyar (Regina)",
        "America\/Resolute": "Lokaci dake Amurika arewa ta tsakiyar (Resolute)",
        "America\/Rio_Branco": "Rio Branco Lokaci",
        "America\/Santa_Isabel": "Lokaci a arewa da yammacin ta Mesiko (Santa Isabel)",
        "America\/Santarem": "Santarem Lokaci",
        "America\/Santiago": "Santiago Lokaci",
        "America\/Santo_Domingo": "Lokaci da Kanada, Puerto Rico da Virgin Islands (Santo Domingo)",
        "America\/Sao_Paulo": "Sao Paulo Lokaci",
        "America\/Scoresbysund": "Lokaci a gabas ta Greeland (Ittoqqortoormiit)",
        "America\/Sitka": "Lokaci ta Alaska (Sitka)",
        "America\/St_Barthelemy": "Lokaci da Kanada, Puerto Rico da Virgin Islands (St. Barthelemy)",
        "America\/St_Johns": "Lokaci ta Newfoundland (St. John’s)",
        "America\/St_Kitts": "Lokaci da Kanada, Puerto Rico da Virgin Islands (St. Kitts)",
        "America\/St_Lucia": "Lokaci da Kanada, Puerto Rico da Virgin Islands (St. Lucia)",
        "America\/St_Thomas": "Lokaci da Kanada, Puerto Rico da Virgin Islands (St. Thomas)",
        "America\/St_Vincent": "Lokaci da Kanada, Puerto Rico da Virgin Islands (St. Vincent)",
        "America\/Swift_Current": "Lokaci dake Amurika arewa ta tsakiyar (Swift Current)",
        "America\/Tegucigalpa": "Lokaci dake Amurika arewa ta tsakiyar (Tegucigalpa)",
        "America\/Thule": "Lokaci da Kanada, Puerto Rico da Virgin Islands (Thule)",
        "America\/Thunder_Bay": "Lokaci gabas a arewacin da Amirka (Thunder Bay)",
        "America\/Tijuana": "Amurika da arewa a lokaci lafiya (Tijuana)",
        "America\/Toronto": "Lokaci gabas a arewacin da Amirka (Toronto)",
        "America\/Tortola": "Lokaci da Kanada, Puerto Rico da Virgin Islands (Tortola)",
        "America\/Vancouver": "Amurika da arewa a lokaci lafiya (Vancouver)",
        "America\/Whitehorse": "Amurika da arewa a lokaci lafiya (Whitehorse)",
        "America\/Winnipeg": "Lokaci dake Amurika arewa ta tsakiyar (Winnipeg)",
        "America\/Yakutat": "Lokaci ta Alaska (Yakutat)",
        "America\/Yellowknife": "Lokaci tsauni a arewacin da Amirka (Yellowknife)",
        "Antarctica\/Casey": "Casey Lokaci",
        "Antarctica\/Davis": "Davis Lokaci",
        "Antarctica\/DumontDUrville": "Dumont d’Urville Lokaci",
        "Antarctica\/Macquarie": "Macquarie Lokaci",
        "Antarctica\/Mawson": "Mawson Lokaci",
        "Antarctica\/McMurdo": "McMurdo Lokaci",
        "Antarctica\/Palmer": "Palmer Lokaci",
        "Antarctica\/Rothera": "Rothera Lokaci",
        "Antarctica\/Syowa": "Syowa Lokaci",
        "Antarctica\/Troll": "Lokacin Greenwhich a London (Troll)",
        "Antarctica\/Vostok": "Vostok Lokaci",
        "Arctic\/Longyearbyen": "Tsakiyar a lokaci turai (Longyearbyen)",
        "Asia\/Aden": "Aden Lokaci",
        "Asia\/Almaty": "Almaty Lokaci",
        "Asia\/Amman": "Lokaci a turai gabas (Amman)",
        "Asia\/Anadyr": "Anadyr Lokaci",
        "Asia\/Aqtau": "Aqtau Lokaci",
        "Asia\/Aqtobe": "Aqtobe Lokaci",
        "Asia\/Ashgabat": "Ashgabat Lokaci",
        "Asia\/Atyrau": "Atyrau Lokaci",
        "Asia\/Baghdad": "Baghdad Lokaci",
        "Asia\/Bahrain": "Bahrain Lokaci",
        "Asia\/Baku": "Baku Lokaci",
        "Asia\/Bangkok": "Bangkok Lokaci",
        "Asia\/Barnaul": "Barnaul Lokaci",
        "Asia\/Beirut": "Lokaci a turai gabas (Beirut)",
        "Asia\/Bishkek": "Bishkek Lokaci",
        "Asia\/Brunei": "Brunei Lokaci",
        "Asia\/Calcutta": "Kolkata Lokaci",
        "Asia\/Chita": "Chita Lokaci",
        "Asia\/Choibalsan": "Choibalsan Lokaci",
        "Asia\/Colombo": "Colombo Lokaci",
        "Asia\/Damascus": "Lokaci a turai gabas (Damascus)",
        "Asia\/Dhaka": "Dhaka Lokaci",
        "Asia\/Dili": "Dili Lokaci",
        "Asia\/Dubai": "Dubai Lokaci",
        "Asia\/Dushanbe": "Dushanbe Lokaci",
        "Asia\/Famagusta": "Lokaci a turai gabas (Famagusta)",
        "Asia\/Gaza": "Lokaci a turai gabas (Gaza)",
        "Asia\/Hebron": "Lokaci a turai gabas (Hebron)",
        "Asia\/Hong_Kong": "Hong Kong Lokaci",
        "Asia\/Hovd": "Hovd Lokaci",
        "Asia\/Irkutsk": "Irkutsk Lokaci",
        "Asia\/Jakarta": "Jakarta Lokaci",
        "Asia\/Jayapura": "Jayapura Lokaci",
        "Asia\/Jerusalem": "Jerusalem Lokaci",
        "Asia\/Kabul": "Kabul Lokaci",
        "Asia\/Kamchatka": "Kamchatka Lokaci",
        "Asia\/Karachi": "Karachi Lokaci",
        "Asia\/Katmandu": "Kathmandu Lokaci",
        "Asia\/Khandyga": "Khandyga Lokaci",
        "Asia\/Krasnoyarsk": "Krasnoyarsk Lokaci",
        "Asia\/Kuala_Lumpur": "Kuala Lumpur Lokaci",
        "Asia\/Kuching": "Kuching Lokaci",
        "Asia\/Kuwait": "Kuwait Lokaci",
        "Asia\/Macau": "Macao Lokaci",
        "Asia\/Magadan": "Magadan Lokaci",
        "Asia\/Makassar": "Makassar Lokaci",
        "Asia\/Manila": "Manila Lokaci",
        "Asia\/Muscat": "Muscat Lokaci",
        "Asia\/Nicosia": "Lokaci a turai gabas (Nicosia)",
        "Asia\/Novokuznetsk": "Novokuznetsk Lokaci",
        "Asia\/Novosibirsk": "Novosibirsk Lokaci",
        "Asia\/Omsk": "Omsk Lokaci",
        "Asia\/Oral": "Oral Lokaci",
        "Asia\/Phnom_Penh": "Phnom Penh Lokaci",
        "Asia\/Pontianak": "Pontianak Lokaci",
        "Asia\/Pyongyang": "Pyongyang Lokaci",
        "Asia\/Qatar": "Qatar Lokaci",
        "Asia\/Qostanay": "Qostanay Lokaci",
        "Asia\/Qyzylorda": "Qyzylorda Lokaci",
        "Asia\/Rangoon": "Yangon Lokaci",
        "Asia\/Riyadh": "Riyadh Lokaci",
        "Asia\/Saigon": "Ho Chi Minh Lokaci",
        "Asia\/Sakhalin": "Sakhalin Lokaci",
        "Asia\/Samarkand": "Samarkand Lokaci",
        "Asia\/Seoul": "Seoul Lokaci",
        "Asia\/Shanghai": "Shanghai Lokaci",
        "Asia\/Singapore": "Singapore Lokaci",
        "Asia\/Srednekolymsk": "Srednekolymsk Lokaci",
        "Asia\/Taipei": "Taipei Lokaci",
        "Asia\/Tashkent": "Tashkent Lokaci",
        "Asia\/Tbilisi": "Tbilisi Lokaci",
        "Asia\/Tehran": "Tehran Lokaci",
        "Asia\/Thimphu": "Thimphu Lokaci",
        "Asia\/Tokyo": "Tokyo Lokaci",
        "Asia\/Tomsk": "Tomsk Lokaci",
        "Asia\/Ulaanbaatar": "Ulaanbaatar Lokaci",
        "Asia\/Urumqi": "Urumqi Lokaci",
        "Asia\/Ust-Nera": "Ust-Nera Lokaci",
        "Asia\/Vientiane": "Vientiane Lokaci",
        "Asia\/Vladivostok": "Vladivostok Lokaci",
        "Asia\/Yakutsk": "Yakutsk Lokaci",
        "Asia\/Yekaterinburg": "Yekaterinburg Lokaci",
        "Asia\/Yerevan": "Yerevan Lokaci",
        "Atlantic\/Azores": "Azores Lokaci",
        "Atlantic\/Bermuda": "Lokaci da Kanada, Puerto Rico da Virgin Islands (Bermuda)",
        "Atlantic\/Canary": "Lokaci ta yammacin turai (Canary)",
        "Atlantic\/Cape_Verde": "Cape Verde Lokaci",
        "Atlantic\/Faeroe": "Lokaci ta yammacin turai (Faroe)",
        "Atlantic\/Madeira": "Lokaci ta yammacin turai (Madeira)",
        "Atlantic\/Reykjavik": "Lokacin Greenwhich a London (Reykjavik)",
        "Atlantic\/South_Georgia": "South Georgia Lokaci",
        "Atlantic\/St_Helena": "Lokacin Greenwhich a London (St. Helena)",
        "Atlantic\/Stanley": "Stanley Lokaci",
        "Australia\/Adelaide": "Adelaide Lokaci",
        "Australia\/Brisbane": "Brisbane Lokaci",
        "Australia\/Broken_Hill": "Broken Hill Lokaci",
        "Australia\/Currie": "Currie Lokaci",
        "Australia\/Darwin": "Darwin Lokaci",
        "Australia\/Eucla": "Eucla Lokaci",
        "Australia\/Hobart": "Hobart Lokaci",
        "Australia\/Lindeman": "Lindeman Lokaci",
        "Australia\/Lord_Howe": "Lord Howe Lokaci",
        "Australia\/Melbourne": "Melbourne Lokaci",
        "Australia\/Perth": "Perth Lokaci",
        "Australia\/Sydney": "Sydney Lokaci",
        "CST6CDT": "Lokaci dake Amurika arewa ta tsakiyar",
        "EST5EDT": "Lokaci gabas a arewacin da Amirka",
        "Etc\/GMT": "Lokacin Greenwhich a London",
        "Etc\/UTC": "Hadewa duniya lokaci",
        "Europe\/Amsterdam": "Tsakiyar a lokaci turai (Amsterdam)",
        "Europe\/Andorra": "Tsakiyar a lokaci turai (Andorra)",
        "Europe\/Astrakhan": "Astrakhan Lokaci",
        "Europe\/Athens": "Lokaci a turai gabas (Athens)",
        "Europe\/Belgrade": "Tsakiyar a lokaci turai (Belgrade)",
        "Europe\/Berlin": "Tsakiyar a lokaci turai (Berlin)",
        "Europe\/Bratislava": "Tsakiyar a lokaci turai (Bratislava)",
        "Europe\/Brussels": "Tsakiyar a lokaci turai (Brussels)",
        "Europe\/Bucharest": "Lokaci a turai gabas (Bucharest)",
        "Europe\/Budapest": "Tsakiyar a lokaci turai (Budapest)",
        "Europe\/Busingen": "Tsakiyar a lokaci turai (Busingen)",
        "Europe\/Chisinau": "Lokaci a turai gabas (Chisinau)",
        "Europe\/Copenhagen": "Tsakiyar a lokaci turai (Copenhagen)",
        "Europe\/Dublin": "Lokacin Greenwhich a London (Dublin)",
        "Europe\/Gibraltar": "Tsakiyar a lokaci turai (Gibraltar)",
        "Europe\/Guernsey": "Lokacin Greenwhich a London (Guernsey)",
        "Europe\/Helsinki": "Lokaci a turai gabas (Helsinki)",
        "Europe\/Isle_of_Man": "Lokacin Greenwhich a London (Isle of Man)",
        "Europe\/Istanbul": "Istanbul Lokaci",
        "Europe\/Jersey": "Lokacin Greenwhich a London (Jersey)",
        "Europe\/Kaliningrad": "Lokaci a turai gabas (Kaliningrad)",
        "Europe\/Kiev": "Lokaci a turai gabas (Kiev)",
        "Europe\/Kirov": "Kirov Lokaci",
        "Europe\/Lisbon": "Lokaci ta yammacin turai (Lisbon)",
        "Europe\/Ljubljana": "Tsakiyar a lokaci turai (Ljubljana)",
        "Europe\/London": "Lokacin Greenwhich a London (London)",
        "Europe\/Luxembourg": "Tsakiyar a lokaci turai (Luxembourg)",
        "Europe\/Madrid": "Tsakiyar a lokaci turai (Madrid)",
        "Europe\/Malta": "Tsakiyar a lokaci turai (Malta)",
        "Europe\/Mariehamn": "Lokaci a turai gabas (Mariehamn)",
        "Europe\/Minsk": "Minsk Lokaci",
        "Europe\/Monaco": "Tsakiyar a lokaci turai (Monaco)",
        "Europe\/Moscow": "Moscow Lokaci",
        "Europe\/Oslo": "Tsakiyar a lokaci turai (Oslo)",
        "Europe\/Paris": "Tsakiyar a lokaci turai (Paris)",
        "Europe\/Podgorica": "Tsakiyar a lokaci turai (Podgorica)",
        "Europe\/Prague": "Tsakiyar a lokaci turai (Prague)",
        "Europe\/Riga": "Lokaci a turai gabas (Riga)",
        "Europe\/Rome": "Tsakiyar a lokaci turai (Rome)",
        "Europe\/Samara": "Samara Lokaci",
        "Europe\/San_Marino": "Tsakiyar a lokaci turai (San Marino)",
        "Europe\/Sarajevo": "Tsakiyar a lokaci turai (Sarajevo)",
        "Europe\/Saratov": "Saratov Lokaci",
        "Europe\/Simferopol": "Simferopol Lokaci",
        "Europe\/Skopje": "Tsakiyar a lokaci turai (Skopje)",
        "Europe\/Sofia": "Lokaci a turai gabas (Sofia)",
        "Europe\/Stockholm": "Tsakiyar a lokaci turai (Stockholm)",
        "Europe\/Tallinn": "Lokaci a turai gabas (Tallinn)",
        "Europe\/Tirane": "Tsakiyar a lokaci turai (Tirane)",
        "Europe\/Ulyanovsk": "Ulyanovsk Lokaci",
        "Europe\/Uzhgorod": "Lokaci a turai gabas (Uzhgorod)",
        "Europe\/Vaduz": "Tsakiyar a lokaci turai (Vaduz)",
        "Europe\/Vatican": "Tsakiyar a lokaci turai (Vatican)",
        "Europe\/Vienna": "Tsakiyar a lokaci turai (Vienna)",
        "Europe\/Vilnius": "Lokaci a turai gabas (Vilnius)",
        "Europe\/Volgograd": "Volgograd Lokaci",
        "Europe\/Warsaw": "Tsakiyar a lokaci turai (Warsaw)",
        "Europe\/Zagreb": "Tsakiyar a lokaci turai (Zagreb)",
        "Europe\/Zaporozhye": "Lokaci a turai gabas (Zaporozhye)",
        "Europe\/Zurich": "Tsakiyar a lokaci turai (Zurich)",
        "Indian\/Antananarivo": "Antananarivo Lokaci",
        "Indian\/Chagos": "Chagos Lokaci",
        "Indian\/Christmas": "Christmas Lokaci",
        "Indian\/Cocos": "Cocos Lokaci",
        "Indian\/Comoro": "Comoro Lokaci",
        "Indian\/Kerguelen": "Kerguelen Lokaci",
        "Indian\/Mahe": "Mahe Lokaci",
        "Indian\/Maldives": "Maldives Lokaci",
        "Indian\/Mauritius": "Mauritius Lokaci",
        "Indian\/Mayotte": "Mayotte Lokaci",
        "Indian\/Reunion": "Reunion Lokaci",
        "MST7MDT": "Lokaci tsauni a arewacin da Amirka",
        "PST8PDT": "Amurika da arewa a lokaci lafiya",
        "Pacific\/Apia": "Apia Lokaci",
        "Pacific\/Auckland": "Auckland Lokaci",
        "Pacific\/Bougainville": "Bougainville Lokaci",
        "Pacific\/Chatham": "Chatham Lokaci",
        "Pacific\/Easter": "Easter Lokaci",
        "Pacific\/Efate": "Efate Lokaci",
        "Pacific\/Enderbury": "Enderbury Lokaci",
        "Pacific\/Fakaofo": "Fakaofo Lokaci",
        "Pacific\/Fiji": "Fiji Lokaci",
        "Pacific\/Funafuti": "Funafuti Lokaci",
        "Pacific\/Galapagos": "Galapagos Lokaci",
        "Pacific\/Gambier": "Gambier Lokaci",
        "Pacific\/Guadalcanal": "Guadalcanal Lokaci",
        "Pacific\/Guam": "Guam Lokaci",
        "Pacific\/Honolulu": "Lokaci ta Hawaii-Aleutian (Honolulu)",
        "Pacific\/Johnston": "Lokaci ta Hawaii-Aleutian (Johnston)",
        "Pacific\/Kiritimati": "Kiritimati Lokaci",
        "Pacific\/Kosrae": "Kosrae Lokaci",
        "Pacific\/Kwajalein": "Kwajalein Lokaci",
        "Pacific\/Majuro": "Majuro Lokaci",
        "Pacific\/Marquesas": "Marquesas Lokaci",
        "Pacific\/Midway": "Midway Lokaci",
        "Pacific\/Nauru": "Nauru Lokaci",
        "Pacific\/Niue": "Niue Lokaci",
        "Pacific\/Norfolk": "Norfolk Lokaci",
        "Pacific\/Noumea": "Noumea Lokaci",
        "Pacific\/Pago_Pago": "Pago Pago Lokaci",
        "Pacific\/Palau": "Palau Lokaci",
        "Pacific\/Pitcairn": "Pitcairn Lokaci",
        "Pacific\/Ponape": "Pohnpei Lokaci",
        "Pacific\/Port_Moresby": "Port Moresby Lokaci",
        "Pacific\/Rarotonga": "Rarotonga Lokaci",
        "Pacific\/Saipan": "Saipan Lokaci",
        "Pacific\/Tahiti": "Tahiti Lokaci",
        "Pacific\/Tarawa": "Tarawa Lokaci",
        "Pacific\/Tongatapu": "Tongatapu Lokaci",
        "Pacific\/Truk": "Chuuk Lokaci",
        "Pacific\/Wake": "Wake Lokaci",
        "Pacific\/Wallis": "Wallis Lokaci"
    }
}
