{
    "Version": "2.1.8.9",
    "Names": {
        "Africa\/Abidjan": "אביג׳אן",
        "Africa\/Accra": "אקרה",
        "Africa\/Addis_Ababa": "אדיס אבבה",
        "Africa\/Algiers": "אלג׳יר",
        "Africa\/Asmera": "אסמרה",
        "Africa\/Bamako": "במאקו",
        "Africa\/Bangui": "בנגואי",
        "Africa\/Banjul": "בנג׳ול",
        "Africa\/Bissau": "ביסאו",
        "Africa\/Blantyre": "בלנטיר",
        "Africa\/Brazzaville": "ברזוויל",
        "Africa\/Bujumbura": "בוג׳ומבורה",
        "Africa\/Cairo": "קהיר",
        "Africa\/Casablanca": "קזבלנקה",
        "Africa\/Ceuta": "סאוטה",
        "Africa\/Conakry": "קונאקרי",
        "Africa\/Dakar": "דקאר",
        "Africa\/Dar_es_Salaam": "דאר א-סלאם",
        "Africa\/Djibouti": "ג׳יבוטי",
        "Africa\/Douala": "דואלה",
        "Africa\/El_Aaiun": "אל עיון",
        "Africa\/Freetown": "פריטאון",
        "Africa\/Gaborone": "גבורונה",
        "Africa\/Harare": "הרארה",
        "Africa\/Johannesburg": "יוהנסבורג",
        "Africa\/Juba": "ג׳ובה",
        "Africa\/Kampala": "קמפאלה",
        "Africa\/Khartoum": "חרטום",
        "Africa\/Kigali": "קיגלי",
        "Africa\/Kinshasa": "קינשסה",
        "Africa\/Lagos": "לגוס",
        "Africa\/Libreville": "ליברוויל",
        "Africa\/Lome": "לומה",
        "Africa\/Luanda": "לואנדה",
        "Africa\/Lubumbashi": "לובומבאשי",
        "Africa\/Lusaka": "לוסקה",
        "Africa\/Malabo": "מלבו",
        "Africa\/Maputo": "מאפוטו",
        "Africa\/Maseru": "מסרו",
        "Africa\/Mbabane": "אמבאבאנה",
        "Africa\/Mogadishu": "מוגדישו",
        "Africa\/Monrovia": "מונרוביה",
        "Africa\/Nairobi": "ניירובי",
        "Africa\/Ndjamena": "נג׳מנה",
        "Africa\/Niamey": "ניאמיי",
        "Africa\/Nouakchott": "נואקצ׳וט",
        "Africa\/Ouagadougou": "וואגאדוגו",
        "Africa\/Porto-Novo": "פורטו נובו",
        "Africa\/Sao_Tome": "סאו טומה",
        "Africa\/Tripoli": "טריפולי",
        "Africa\/Tunis": "תוניס",
        "Africa\/Windhoek": "וינדהוק",
        "America\/Adak": "אדאק",
        "America\/Anchorage": "אנקורג׳",
        "America\/Anguilla": "אנגווילה",
        "America\/Antigua": "אנטיגואה",
        "America\/Araguaina": "אראגואינה",
        "America\/Argentina\/La_Rioja": "לה ריוחה",
        "America\/Argentina\/Rio_Gallegos": "ריו גאייגוס",
        "America\/Argentina\/Salta": "סלטה",
        "America\/Argentina\/San_Juan": "סן חואן",
        "America\/Argentina\/San_Luis": "סן לואיס",
        "America\/Argentina\/Tucuman": "טוקומן",
        "America\/Argentina\/Ushuaia": "אושוואיה",
        "America\/Aruba": "ארובה",
        "America\/Asuncion": "אסונסיון",
        "America\/Bahia": "בהיאה",
        "America\/Bahia_Banderas": "באהיה בנדרס",
        "America\/Barbados": "ברבדוס",
        "America\/Belem": "בלם",
        "America\/Belize": "בליז",
        "America\/Blanc-Sablon": "בלאן-סבלון",
        "America\/Boa_Vista": "בואה ויסטה",
        "America\/Bogota": "בוגוטה",
        "America\/Boise": "בויסי",
        "America\/Buenos_Aires": "בואנוס איירס",
        "America\/Cambridge_Bay": "קיימברידג׳ ביי",
        "America\/Campo_Grande": "קמפו גרנדה",
        "America\/Cancun": "קנקון",
        "America\/Caracas": "קראקס",
        "America\/Catamarca": "קטמרקה",
        "America\/Cayenne": "קאיין",
        "America\/Cayman": "קיימן",
        "America\/Chicago": "שיקגו",
        "America\/Chihuahua": "צ׳יוואווה",
        "America\/Coral_Harbour": "אטיקוקן",
        "America\/Cordoba": "קורדובה",
        "America\/Costa_Rica": "קוסטה ריקה",
        "America\/Creston": "קרסטון",
        "America\/Cuiaba": "קויאבה",
        "America\/Curacao": "קוראסאו",
        "America\/Danmarkshavn": "דנמרקסהוון",
        "America\/Dawson": "דוסון",
        "America\/Dawson_Creek": "דוסון קריק",
        "America\/Denver": "דנוור",
        "America\/Detroit": "דטרויט",
        "America\/Dominica": "דומיניקה",
        "America\/Edmonton": "אדמונטון",
        "America\/Eirunepe": "אירונפי",
        "America\/El_Salvador": "אל סלבדור",
        "America\/Fortaleza": "פורטאלזה",
        "America\/Glace_Bay": "גלייס ביי",
        "America\/Godthab": "נואוק",
        "America\/Goose_Bay": "גוס ביי",
        "America\/Grand_Turk": "גרנד טורק",
        "America\/Grenada": "גרנדה",
        "America\/Guadeloupe": "גואדלופ",
        "America\/Guatemala": "גואטמלה",
        "America\/Guayaquil": "גואיאקיל",
        "America\/Guyana": "גיאנה",
        "America\/Halifax": "הליפקס",
        "America\/Havana": "הוואנה",
        "America\/Hermosillo": "הרמוסיו",
        "America\/Indiana\/Knox": "נוקס, אינדיאנה",
        "America\/Indiana\/Marengo": "מרנגו, אינדיאנה",
        "America\/Indiana\/Petersburg": "פיטרסבורג, אינדיאנה",
        "America\/Indiana\/Tell_City": "טל סיטי, אינדיאנה",
        "America\/Indiana\/Vevay": "ויוואיי, אינדיאנה",
        "America\/Indiana\/Vincennes": "וינסנס, אינדיאנה",
        "America\/Indiana\/Winamac": "וינמאק, אינדיאנה",
        "America\/Indianapolis": "אינדיאנפוליס",
        "America\/Inuvik": "אינוויק",
        "America\/Iqaluit": "איקלואיט",
        "America\/Jamaica": "ג׳מייקה",
        "America\/Jujuy": "חוחוי",
        "America\/Juneau": "ג׳ונו",
        "America\/Kentucky\/Monticello": "מונטיצ׳לו, קנטאקי",
        "America\/Kralendijk": "קרלנדייק",
        "America\/La_Paz": "לה פאס",
        "America\/Lima": "לימה",
        "America\/Los_Angeles": "לוס אנג׳לס",
        "America\/Louisville": "לואיוויל",
        "America\/Lower_Princes": "לואוור פרינסס קוורטר",
        "America\/Maceio": "מאסיו",
        "America\/Managua": "מנגואה",
        "America\/Manaus": "מנאוס",
        "America\/Marigot": "מריגו",
        "America\/Martinique": "מרטיניק",
        "America\/Matamoros": "מטמורוס",
        "America\/Mazatlan": "מזטלן",
        "America\/Mendoza": "מנדוזה",
        "America\/Menominee": "מנומיני",
        "America\/Merida": "מרידה",
        "America\/Metlakatla": "מטלקטלה",
        "America\/Mexico_City": "מקסיקו סיטי",
        "America\/Miquelon": "מיקלון",
        "America\/Moncton": "מונקטון",
        "America\/Monterrey": "מונטריי",
        "America\/Montevideo": "מונטווידאו",
        "America\/Montserrat": "מונסראט",
        "America\/Nassau": "נסאו",
        "America\/New_York": "ניו יורק",
        "America\/Nipigon": "ניפיגון",
        "America\/Nome": "נום",
        "America\/Noronha": "נורונהה",
        "America\/North_Dakota\/Beulah": "ביולה, צפון דקוטה",
        "America\/North_Dakota\/Center": "סנטר, צפון דקוטה",
        "America\/North_Dakota\/New_Salem": "ניו סיילם, צפון דקוטה",
        "America\/Ojinaga": "אוג׳ינאגה",
        "America\/Panama": "פנמה",
        "America\/Pangnirtung": "פנגנירטונג",
        "America\/Paramaribo": "פרמריבו",
        "America\/Phoenix": "פיניקס",
        "America\/Port-au-Prince": "פורט או פראנס",
        "America\/Port_of_Spain": "פורט אוף ספיין",
        "America\/Porto_Velho": "פורטו וולהו",
        "America\/Puerto_Rico": "פוארטו ריקו",
        "America\/Rainy_River": "רייני ריבר",
        "America\/Rankin_Inlet": "רנקין אינלט",
        "America\/Recife": "רסיפה",
        "America\/Regina": "רג׳ינה",
        "America\/Resolute": "רזולוט",
        "America\/Rio_Branco": "ריו ברנקו",
        "America\/Santa_Isabel": "סנטה איסבל",
        "America\/Santarem": "סנטרם",
        "America\/Santiago": "סנטיאגו",
        "America\/Santo_Domingo": "סנטו דומינגו",
        "America\/Sao_Paulo": "סאו פאולו",
        "America\/Scoresbysund": "סקורסביסונד",
        "America\/Sitka": "סיטקה",
        "America\/St_Barthelemy": "סנט ברתלמי",
        "America\/St_Johns": "סנט ג׳ונס",
        "America\/St_Kitts": "סנט קיטס",
        "America\/St_Lucia": "סנט לוסיה",
        "America\/St_Thomas": "סנט תומאס",
        "America\/St_Vincent": "סנט וינסנט",
        "America\/Swift_Current": "סוויפט קרנט",
        "America\/Tegucigalpa": "טגוסיגלפה",
        "America\/Thule": "טולה",
        "America\/Thunder_Bay": "ת׳אנדר ביי",
        "America\/Tijuana": "טיחואנה",
        "America\/Toronto": "טורונטו",
        "America\/Tortola": "טורטולה",
        "America\/Vancouver": "ונקובר",
        "America\/Whitehorse": "ווייטהורס",
        "America\/Winnipeg": "וויניפג",
        "America\/Yakutat": "יקוטאט",
        "America\/Yellowknife": "ילונייף",
        "Antarctica\/Casey": "קאסיי",
        "Antarctica\/Davis": "דייויס",
        "Antarctica\/DumontDUrville": "דומון ד׳אורווי",
        "Antarctica\/Macquarie": "מקרי",
        "Antarctica\/Mawson": "מאוסון",
        "Antarctica\/McMurdo": "מקמרדו",
        "Antarctica\/Palmer": "פאלמר",
        "Antarctica\/Rothera": "רות׳רה",
        "Antarctica\/Syowa": "שויה",
        "Antarctica\/Troll": "טרול",
        "Antarctica\/Vostok": "ווסטוק",
        "Arctic\/Longyearbyen": "לונגיירביאן",
        "Asia\/Aden": "עדן",
        "Asia\/Almaty": "אלמאטי",
        "Asia\/Amman": "עמאן",
        "Asia\/Anadyr": "אנדיר",
        "Asia\/Aqtau": "אקטאו",
        "Asia\/Aqtobe": "אקטובה",
        "Asia\/Ashgabat": "אשגבט",
        "Asia\/Baghdad": "בגדד",
        "Asia\/Bahrain": "בחריין",
        "Asia\/Baku": "באקו",
        "Asia\/Bangkok": "בנגקוק",
        "Asia\/Beirut": "ביירות",
        "Asia\/Bishkek": "בישקק",
        "Asia\/Brunei": "ברוניי",
        "Asia\/Calcutta": "קולקטה",
        "Asia\/Choibalsan": "צ׳ואיבלסאן",
        "Asia\/Chongqing": "צ׳ונגקינג",
        "Asia\/Colombo": "קולומבו",
        "Asia\/Damascus": "דמשק",
        "Asia\/Dhaka": "דאקה",
        "Asia\/Dili": "דילי",
        "Asia\/Dubai": "דובאי",
        "Asia\/Dushanbe": "דושנבה",
        "Asia\/Gaza": "עזה",
        "Asia\/Harbin": "חרבין",
        "Asia\/Hebron": "חברון",
        "Asia\/Hong_Kong": "הונג קונג",
        "Asia\/Hovd": "חובד",
        "Asia\/Irkutsk": "אירקוטסק",
        "Asia\/Jakarta": "ג׳קרטה",
        "Asia\/Jayapura": "ג׳איאפורה",
        "Asia\/Jerusalem": "ירושלים",
        "Asia\/Kabul": "קאבול",
        "Asia\/Kamchatka": "קמצ׳טקה",
        "Asia\/Karachi": "קרצ׳י",
        "Asia\/Kashgar": "קשגר",
        "Asia\/Katmandu": "קטמנדו",
        "Asia\/Khandyga": "חנדיגה",
        "Asia\/Krasnoyarsk": "קרסנויארסק",
        "Asia\/Kuala_Lumpur": "קואלה לומפור",
        "Asia\/Kuching": "קוצ׳ינג",
        "Asia\/Kuwait": "כווית",
        "Asia\/Macau": "מקאו",
        "Asia\/Magadan": "מגדן",
        "Asia\/Makassar": "מאקאסאר",
        "Asia\/Manila": "מנילה",
        "Asia\/Muscat": "מוסקט",
        "Asia\/Nicosia": "ניקוסיה",
        "Asia\/Novokuznetsk": "נובוקוזנטסק",
        "Asia\/Novosibirsk": "נובוסיבירסק",
        "Asia\/Omsk": "אומסק",
        "Asia\/Oral": "אורל",
        "Asia\/Phnom_Penh": "פנום פן",
        "Asia\/Pontianak": "פונטיאנק",
        "Asia\/Pyongyang": "פיונגיאנג",
        "Asia\/Qatar": "קטאר",
        "Asia\/Qyzylorda": "קיזילורדה",
        "Asia\/Rangoon": "רנגון",
        "Asia\/Riyadh": "ריאד",
        "Asia\/Saigon": "הו צ׳י מין סיטי",
        "Asia\/Sakhalin": "סחלין",
        "Asia\/Samarkand": "סמרקנד",
        "Asia\/Seoul": "סיאול",
        "Asia\/Shanghai": "אסיה\/שנחאי",
        "Asia\/Singapore": "סינגפור",
        "Asia\/Taipei": "טאיפיי",
        "Asia\/Tashkent": "טשקנט",
        "Asia\/Tbilisi": "טביליסי",
        "Asia\/Tehran": "טהרן",
        "Asia\/Thimphu": "ת׳ימפו",
        "Asia\/Tokyo": "טוקיו",
        "Asia\/Ulaanbaatar": "אולאאנבטאר",
        "Asia\/Urumqi": "אורומקי",
        "Asia\/Ust-Nera": "אוסט-נרה",
        "Asia\/Vientiane": "האנוי",
        "Asia\/Vladivostok": "ולדיווסטוק",
        "Asia\/Yakutsk": "יקוטסק",
        "Asia\/Yekaterinburg": "יקטרינבורג",
        "Asia\/Yerevan": "ירוואן",
        "Atlantic\/Azores": "האיים האזוריים",
        "Atlantic\/Bermuda": "ברמודה",
        "Atlantic\/Canary": "האיים הקנריים",
        "Atlantic\/Cape_Verde": "כף ורדה",
        "Atlantic\/Faeroe": "פארו",
        "Atlantic\/Madeira": "מדיירה",
        "Atlantic\/Reykjavik": "רייקיאוויק",
        "Atlantic\/South_Georgia": "דרום גיאורגיה",
        "Atlantic\/St_Helena": "סנט הלנה",
        "Atlantic\/Stanley": "סטנלי",
        "Australia\/Adelaide": "אדלייד",
        "Australia\/Brisbane": "בריסביין",
        "Australia\/Broken_Hill": "ברוקן היל",
        "Australia\/Currie": "קרי",
        "Australia\/Darwin": "דרווין",
        "Australia\/Eucla": "יוקלה",
        "Australia\/Hobart": "הוברט",
        "Australia\/Lindeman": "לינדמן",
        "Australia\/Lord_Howe": "לורד האו",
        "Australia\/Melbourne": "מלבורן",
        "Australia\/Perth": "פרת׳",
        "Australia\/Sydney": "סידני",
        "Etc\/Unknown": "עיר לא ידועה",
        "Europe\/Amsterdam": "אמסטרדם",
        "Europe\/Andorra": "אנדורה",
        "Europe\/Athens": "אתונה",
        "Europe\/Belgrade": "בלגרד",
        "Europe\/Berlin": "ברלין",
        "Europe\/Bratislava": "ברטיסלבה",
        "Europe\/Brussels": "בריסל",
        "Europe\/Bucharest": "בוקרשט",
        "Europe\/Budapest": "בודפשט",
        "Europe\/Busingen": "בוזינגן",
        "Europe\/Chisinau": "קישינב",
        "Europe\/Copenhagen": "קופנהגן",
        "Europe\/Dublin": "דבלין",
        "Europe\/Gibraltar": "גיברלטר",
        "Europe\/Guernsey": "גרנזי",
        "Europe\/Helsinki": "הלסינקי",
        "Europe\/Isle_of_Man": "האי מאן",
        "Europe\/Istanbul": "איסטנבול",
        "Europe\/Jersey": "ג׳רסי",
        "Europe\/Kaliningrad": "קלינינגרד",
        "Europe\/Kiev": "קייב",
        "Europe\/Lisbon": "ליסבון",
        "Europe\/Ljubljana": "לובליאנה",
        "Europe\/London": "לונדון",
        "Europe\/Luxembourg": "לוקסמבורג",
        "Europe\/Madrid": "מדריד",
        "Europe\/Malta": "מלטה",
        "Europe\/Mariehamn": "מריהמן",
        "Europe\/Minsk": "מינסק",
        "Europe\/Monaco": "מונקו",
        "Europe\/Moscow": "מוסקבה",
        "Europe\/Oslo": "אוסלו",
        "Europe\/Paris": "פריז",
        "Europe\/Podgorica": "פודגוריקה",
        "Europe\/Prague": "פראג",
        "Europe\/Riga": "ריגה",
        "Europe\/Rome": "רומא",
        "Europe\/Samara": "סמרה",
        "Europe\/San_Marino": "סן מרינו",
        "Europe\/Sarajevo": "סרייבו",
        "Europe\/Simferopol": "סימפרופול",
        "Europe\/Skopje": "סקופיה",
        "Europe\/Sofia": "סופיה",
        "Europe\/Stockholm": "שטוקהולם",
        "Europe\/Tallinn": "טלין",
        "Europe\/Tirane": "טיראנה",
        "Europe\/Uzhgorod": "אוז׳הורוד",
        "Europe\/Vaduz": "ואדוז",
        "Europe\/Vatican": "הוותיקן",
        "Europe\/Vienna": "וינה",
        "Europe\/Vilnius": "וילנה",
        "Europe\/Volgograd": "וולגוגרד",
        "Europe\/Warsaw": "ורשה",
        "Europe\/Zagreb": "זאגרב",
        "Europe\/Zaporozhye": "זפוריז׳יה",
        "Europe\/Zurich": "ציריך",
        "Indian\/Antananarivo": "אנטננריבו",
        "Indian\/Chagos": "צ׳אגוס",
        "Indian\/Christmas": "אי חג המולד",
        "Indian\/Cocos": "קוקוס",
        "Indian\/Comoro": "קומורו",
        "Indian\/Kerguelen": "קרגוולן",
        "Indian\/Mahe": "מהא",
        "Indian\/Maldives": "האיים המלדיביים",
        "Indian\/Mauritius": "מאוריציוס",
        "Indian\/Mayotte": "מאיוט",
        "Indian\/Reunion": "ראוניון",
        "Pacific\/Apia": "אפיה",
        "Pacific\/Auckland": "אוקלנד",
        "Pacific\/Chatham": "צ׳אטהאם",
        "Pacific\/Easter": "אי הפסחא",
        "Pacific\/Efate": "אפטה",
        "Pacific\/Enderbury": "אנדרבורי",
        "Pacific\/Fakaofo": "פקאופו",
        "Pacific\/Fiji": "פיג׳י",
        "Pacific\/Funafuti": "פונפוטי",
        "Pacific\/Galapagos": "גלפאגוס",
        "Pacific\/Gambier": "איי גמביר",
        "Pacific\/Guadalcanal": "גוודלקנאל",
        "Pacific\/Guam": "גואם",
        "Pacific\/Honolulu": "הונולולו",
        "Pacific\/Johnston": "ג׳ונסטון",
        "Pacific\/Kiritimati": "קיריטימאטי",
        "Pacific\/Kosrae": "קוסרה",
        "Pacific\/Kwajalein": "קוואג׳ליין",
        "Pacific\/Majuro": "מאג׳ורו",
        "Pacific\/Marquesas": "איי מרקיז",
        "Pacific\/Midway": "מידוויי",
        "Pacific\/Nauru": "נאורו",
        "Pacific\/Niue": "ניווה",
        "Pacific\/Norfolk": "נורפוק",
        "Pacific\/Noumea": "נומאה",
        "Pacific\/Pago_Pago": "פאגו פאגו",
        "Pacific\/Palau": "פלאו",
        "Pacific\/Pitcairn": "פיטקרן",
        "Pacific\/Ponape": "פונפה",
        "Pacific\/Port_Moresby": "פורט מורסבי",
        "Pacific\/Rarotonga": "רארוטונגה",
        "Pacific\/Saipan": "סייפן",
        "Pacific\/Tahiti": "טהיטי",
        "Pacific\/Tarawa": "טאראווה",
        "Pacific\/Tongatapu": "טונגטפו",
        "Pacific\/Truk": "טרוק",
        "Pacific\/Wake": "וואק",
        "Pacific\/Wallis": "ווליס"
    }
}
