{
    "Version": "2.1.8.9",
    "Names": {
        "Africa\/Abidjan": "अबिदजान",
        "Africa\/Accra": "एक्रा",
        "Africa\/Addis_Ababa": "अदीस अबाबा",
        "Africa\/Algiers": "अल्जीयर्स",
        "Africa\/Asmera": "अस्मारा",
        "Africa\/Bamako": "बामाको",
        "Africa\/Bangui": "बांगुइ",
        "Africa\/Banjul": "बैंजुल",
        "Africa\/Bissau": "बिसाऊ",
        "Africa\/Blantyre": "ब्लांटायर",
        "Africa\/Brazzaville": "ब्राज़ाविले",
        "Africa\/Bujumbura": "बुजुंबूरा",
        "Africa\/Cairo": "कायरो",
        "Africa\/Casablanca": "कासाब्लांका",
        "Africa\/Ceuta": "सेउटा",
        "Africa\/Conakry": "कोनाक्री",
        "Africa\/Dakar": "डकार",
        "Africa\/Dar_es_Salaam": "दार अस सलाम",
        "Africa\/Djibouti": "जिबूती",
        "Africa\/Douala": "डूआला",
        "Africa\/El_Aaiun": "अल आइयून",
        "Africa\/Freetown": "फ़्रीटाउन",
        "Africa\/Gaborone": "गाबोरोन",
        "Africa\/Harare": "हरारे",
        "Africa\/Johannesburg": "जोहांसबर्ग",
        "Africa\/Juba": "जुबा",
        "Africa\/Kampala": "कंपाला",
        "Africa\/Khartoum": "खार्तूम",
        "Africa\/Kigali": "किगाली",
        "Africa\/Kinshasa": "किंशासा",
        "Africa\/Lagos": "लागोस",
        "Africa\/Libreville": "लिब्रेविले",
        "Africa\/Lome": "लोम",
        "Africa\/Luanda": "लुआंडा",
        "Africa\/Lubumbashi": "लुबुमबाशी",
        "Africa\/Lusaka": "लुसाका",
        "Africa\/Malabo": "मलाबो",
        "Africa\/Maputo": "मापुटो",
        "Africa\/Maseru": "मासेरू",
        "Africa\/Mbabane": "एमबाबेन",
        "Africa\/Mogadishu": "मोगादिशु",
        "Africa\/Monrovia": "मोनरोविया",
        "Africa\/Nairobi": "नैरोबी",
        "Africa\/Ndjamena": "नेद्जामीना",
        "Africa\/Niamey": "नियामी",
        "Africa\/Nouakchott": "नौआकशॉट",
        "Africa\/Ouagadougou": "औगाडोगू",
        "Africa\/Porto-Novo": "पोर्टो-नोवो",
        "Africa\/Sao_Tome": "साओ टोम",
        "Africa\/Tripoli": "त्रिपोली",
        "Africa\/Tunis": "ट्यूनिस",
        "Africa\/Windhoek": "विंडहोक",
        "America\/Adak": "अडक",
        "America\/Anchorage": "एंकरेज",
        "America\/Anguilla": "एंग्विला",
        "America\/Antigua": "एंटीगुआ",
        "America\/Araguaina": "आराग्वेना",
        "America\/Argentina\/La_Rioja": "ला रिओजा",
        "America\/Argentina\/Rio_Gallegos": "रियो गालेगोस",
        "America\/Argentina\/Salta": "साल्टा",
        "America\/Argentina\/San_Juan": "सान जुआन",
        "America\/Argentina\/San_Luis": "सान लुईस",
        "America\/Argentina\/Tucuman": "टोकूमन",
        "America\/Argentina\/Ushuaia": "उशुआइया",
        "America\/Aruba": "अरुबा",
        "America\/Asuncion": "एसनशियॉन",
        "America\/Bahia": "बहिया",
        "America\/Bahia_Banderas": "बेहिया बांडेरास",
        "America\/Barbados": "बारबाडोस",
        "America\/Belem": "बेलेम",
        "America\/Belize": "बेलीज़",
        "America\/Blanc-Sablon": "ब्लांक-सेबलोन",
        "America\/Boa_Vista": "बोआ विस्ता",
        "America\/Bogota": "बोगोटा",
        "America\/Boise": "बॉइस",
        "America\/Buenos_Aires": "ब्यूनस आयरस",
        "America\/Cambridge_Bay": "कैम्ब्रिज खाड़ी",
        "America\/Campo_Grande": "कैंपो ग्रांडे",
        "America\/Cancun": "कैनकुन",
        "America\/Caracas": "काराकस",
        "America\/Catamarca": "काटामार्का",
        "America\/Cayenne": "कायेन",
        "America\/Cayman": "कैमेन",
        "America\/Chicago": "शिकागो",
        "America\/Chihuahua": "चिहुआहुआ",
        "America\/Coral_Harbour": "अटिकोकान",
        "America\/Cordoba": "कोर्डोबा",
        "America\/Costa_Rica": "कोस्टा रिका",
        "America\/Creston": "क्रेस्टन",
        "America\/Cuiaba": "क्यूआबा",
        "America\/Curacao": "कुराकाओ",
        "America\/Danmarkshavn": "डेनमार्कशॉन",
        "America\/Dawson": "डॉसन",
        "America\/Dawson_Creek": "डॉसन क्रीक",
        "America\/Denver": "डेनवर",
        "America\/Detroit": "डेट्रॉयट",
        "America\/Dominica": "डोमिनिका",
        "America\/Edmonton": "एडमंटन",
        "America\/Eirunepe": "ईरुनेपे",
        "America\/El_Salvador": "अल सल्वाडोर",
        "America\/Fortaleza": "फ़ोर्टालेज़ा",
        "America\/Glace_Bay": "ग्लेस खा़ड़ी",
        "America\/Godthab": "नुक",
        "America\/Goose_Bay": "गूस खा़ड़ी",
        "America\/Grand_Turk": "ग्रांड टर्क",
        "America\/Grenada": "ग्रेनाडा",
        "America\/Guadeloupe": "ग्वाडेलोप",
        "America\/Guatemala": "ग्वाटेमाला",
        "America\/Guayaquil": "ग्वायाकील",
        "America\/Guyana": "गयाना",
        "America\/Halifax": "हेलिफ़ैक्स",
        "America\/Havana": "हवाना",
        "America\/Hermosillo": "हर्मोसिल्लो",
        "America\/Indiana\/Knox": "नौक्स, इंडियाना",
        "America\/Indiana\/Marengo": "मारेंगो, इंडियाना",
        "America\/Indiana\/Petersburg": "पीटर्सबर्ग, इंडियाना",
        "America\/Indiana\/Tell_City": "टेल सिटी, इंडियाना",
        "America\/Indiana\/Vevay": "वेवे, इंडियाना",
        "America\/Indiana\/Vincennes": "विंसेनेस, इंडियाना",
        "America\/Indiana\/Winamac": "विनामेक, इंडियाना",
        "America\/Indianapolis": "इंडियानापोलिस",
        "America\/Inuvik": "इनूविक",
        "America\/Iqaluit": "इकालुईट",
        "America\/Jamaica": "जमैका",
        "America\/Jujuy": "जुजोए",
        "America\/Juneau": "ज्यूनाउ",
        "America\/Kentucky\/Monticello": "मोंटीसेलो, केंचुकी",
        "America\/Kralendijk": "क्रालैंडिजिक",
        "America\/La_Paz": "ला पाज़",
        "America\/Lima": "लीमा",
        "America\/Los_Angeles": "लॉस एंजिल्स",
        "America\/Louisville": "लुइसविले",
        "America\/Lower_Princes": "लोअर प्रिंसेस क्वार्टर",
        "America\/Maceio": "मेसीओ",
        "America\/Managua": "मानागुआ",
        "America\/Manaus": "मनौस",
        "America\/Marigot": "मैरीगोट",
        "America\/Martinique": "मार्टिनिक",
        "America\/Matamoros": "माटामोरोस",
        "America\/Mazatlan": "माज़ाटलान",
        "America\/Mendoza": "मेंडोज़ा",
        "America\/Menominee": "मेनोमिनी",
        "America\/Merida": "मेरिडा",
        "America\/Metlakatla": "मेट्लेकाट्ला",
        "America\/Mexico_City": "मेक्सिको सिटी",
        "America\/Miquelon": "मिकेलॉन",
        "America\/Moncton": "मोंकटन",
        "America\/Monterrey": "मोंटेरेरी",
        "America\/Montevideo": "मोंटेवीडियो",
        "America\/Montserrat": "मोंटसेरात",
        "America\/Nassau": "नासाउ",
        "America\/New_York": "न्यूयॉर्क",
        "America\/Nipigon": "निपिगन",
        "America\/Nome": "नोम",
        "America\/Noronha": "नोरोन्हा",
        "America\/North_Dakota\/Beulah": "ब्यूला, उत्तरी डकोटा",
        "America\/North_Dakota\/Center": "मध्य, उत्तरी दाकोता",
        "America\/North_Dakota\/New_Salem": "न्यू सालेम, उत्तरी डकोटा",
        "America\/Ojinaga": "ओखाजीनागा",
        "America\/Panama": "पनामा",
        "America\/Pangnirtung": "पांगनिर्टंग",
        "America\/Paramaribo": "पारामारिबो",
        "America\/Phoenix": "फ़ीनिक्स",
        "America\/Port-au-Prince": "पोर्ट-ऑ-प्रिंस",
        "America\/Port_of_Spain": "पोर्ट ऑफ़ स्पेन",
        "America\/Porto_Velho": "पोर्टो वेल्हो",
        "America\/Puerto_Rico": "पोर्टो रिको",
        "America\/Rainy_River": "रेनी नदी",
        "America\/Rankin_Inlet": "रेंकिन इनलेट",
        "America\/Recife": "रेसाइफ़",
        "America\/Regina": "रेजिना",
        "America\/Resolute": "रिसोल्यूट",
        "America\/Rio_Branco": "रियो ब्रांको",
        "America\/Santa_Isabel": "सांता इसाबेल",
        "America\/Santarem": "सैंटारेम",
        "America\/Santiago": "सैंटियागो",
        "America\/Santo_Domingo": "सेंटो डोमिंगो",
        "America\/Sao_Paulo": "साओ पाउलो",
        "America\/Scoresbysund": "इटोकोर्टोरमियाट",
        "America\/Sitka": "सिट्का",
        "America\/St_Barthelemy": "सेंट बार्थेलेमी",
        "America\/St_Johns": "सेंट जोंस",
        "America\/St_Kitts": "सेंट किट्स",
        "America\/St_Lucia": "सेंट लूसिया",
        "America\/St_Thomas": "सेंट थॉमस",
        "America\/St_Vincent": "सेंट विंसेंट",
        "America\/Swift_Current": "स्विफ़्ट करंट",
        "America\/Tegucigalpa": "टेगुसिगल्पा",
        "America\/Thule": "थ्यूले",
        "America\/Thunder_Bay": "थंडर खाड़ी",
        "America\/Tijuana": "तिजुआना",
        "America\/Toronto": "टोरंटो",
        "America\/Tortola": "टोर्टोला",
        "America\/Vancouver": "वैंकूवर",
        "America\/Whitehorse": "व्हाइटहोर्स",
        "America\/Winnipeg": "विनीपेग",
        "America\/Yakutat": "याकूटाट",
        "America\/Yellowknife": "येलोनाइफ़",
        "Antarctica\/Casey": "केसी",
        "Antarctica\/Davis": "डेविस",
        "Antarctica\/DumontDUrville": "ड्यूमोंट डी अर्विले",
        "Antarctica\/Macquarie": "मक्वारी",
        "Antarctica\/Mawson": "मॉसन",
        "Antarctica\/McMurdo": "मैकमुर्डो",
        "Antarctica\/Palmer": "पॉमर",
        "Antarctica\/Rothera": "रोथेरा",
        "Antarctica\/Syowa": "स्योवा",
        "Antarctica\/Troll": "ट्रोल",
        "Antarctica\/Vostok": "वोस्तोक",
        "Arctic\/Longyearbyen": "लॉन्गईयरबायेन",
        "Asia\/Aden": "आदेन",
        "Asia\/Almaty": "अल्माटी",
        "Asia\/Amman": "अम्मान",
        "Asia\/Anadyr": "अनाडिर",
        "Asia\/Aqtau": "अक्ताउ",
        "Asia\/Aqtobe": "अक्तोब",
        "Asia\/Ashgabat": "अश्गाबात",
        "Asia\/Baghdad": "बगदाद",
        "Asia\/Bahrain": "बहरीन",
        "Asia\/Baku": "बाकु",
        "Asia\/Bangkok": "बैंकॉक",
        "Asia\/Beirut": "बेरुत",
        "Asia\/Bishkek": "बिश्केक",
        "Asia\/Brunei": "ब्रूनेई",
        "Asia\/Calcutta": "कोलकाता",
        "Asia\/Choibalsan": "चोइबालसन",
        "Asia\/Chongqing": "चोंगकिंग",
        "Asia\/Colombo": "कोलंबो",
        "Asia\/Damascus": "दमास्कस",
        "Asia\/Dhaka": "ढाका",
        "Asia\/Dili": "डिलि",
        "Asia\/Dubai": "दुबई",
        "Asia\/Dushanbe": "दुशांबे",
        "Asia\/Gaza": "गाज़ा",
        "Asia\/Harbin": "हर्बिन",
        "Asia\/Hebron": "हेब्रोन",
        "Asia\/Hong_Kong": "हाँग काँग",
        "Asia\/Hovd": "होव्ड",
        "Asia\/Irkutsk": "इर्कुत्स्क",
        "Asia\/Jakarta": "जकार्ता",
        "Asia\/Jayapura": "जयापुरा",
        "Asia\/Jerusalem": "यरूशलम",
        "Asia\/Kabul": "काबुल",
        "Asia\/Kamchatka": "कमचत्का",
        "Asia\/Karachi": "कराची",
        "Asia\/Kashgar": "काश्गर",
        "Asia\/Katmandu": "काठमांडू",
        "Asia\/Khandyga": "खांडिगा",
        "Asia\/Krasnoyarsk": "क्रास्नोयार्स्क",
        "Asia\/Kuala_Lumpur": "कुआलालंपुर",
        "Asia\/Kuching": "कूचिंग",
        "Asia\/Kuwait": "कुवैत",
        "Asia\/Macau": "मकाउ",
        "Asia\/Magadan": "मागादान",
        "Asia\/Makassar": "मकस्सर",
        "Asia\/Manila": "मनीला",
        "Asia\/Muscat": "मस्कट",
        "Asia\/Nicosia": "निकोसिया",
        "Asia\/Novokuznetsk": "नोवोकुज़्नेत्स्क",
        "Asia\/Novosibirsk": "नोवोसिबिर्स्क",
        "Asia\/Omsk": "ओम्स्क",
        "Asia\/Oral": "ओरल",
        "Asia\/Phnom_Penh": "नॉम पेन्ह",
        "Asia\/Pontianak": "पोंटीयांक",
        "Asia\/Pyongyang": "प्योंगयांग",
        "Asia\/Qatar": "कतर",
        "Asia\/Qyzylorda": "केज़ेलोर्डा",
        "Asia\/Rangoon": "रंगून",
        "Asia\/Riyadh": "रियाद",
        "Asia\/Saigon": "हो ची मिन्ह सिटी",
        "Asia\/Sakhalin": "सखालिन",
        "Asia\/Samarkand": "समरकंद",
        "Asia\/Seoul": "सिओल",
        "Asia\/Shanghai": "शंघाई",
        "Asia\/Singapore": "सिंगापुर",
        "Asia\/Taipei": "ताईपेई",
        "Asia\/Tashkent": "ताशकंद",
        "Asia\/Tbilisi": "टबिलिसी",
        "Asia\/Tehran": "तेहरान",
        "Asia\/Thimphu": "थिंपू",
        "Asia\/Tokyo": "टोक्यो",
        "Asia\/Ulaanbaatar": "उलानबातर",
        "Asia\/Urumqi": "उरूम्की",
        "Asia\/Ust-Nera": "यूस्ट–नेरा",
        "Asia\/Vientiane": "विएनतियान",
        "Asia\/Vladivostok": "व्लादिवोस्तोक",
        "Asia\/Yakutsk": "याकूत्स्क",
        "Asia\/Yekaterinburg": "येकातेरिनबर्ग",
        "Asia\/Yerevan": "येरेवान",
        "Atlantic\/Azores": "अज़ोरेस",
        "Atlantic\/Bermuda": "बरमूडा",
        "Atlantic\/Canary": "कैनेरी",
        "Atlantic\/Cape_Verde": "केप वर्ड",
        "Atlantic\/Faeroe": "फ़ैरो",
        "Atlantic\/Madeira": "मडेरा",
        "Atlantic\/Reykjavik": "रेक्याविक",
        "Atlantic\/South_Georgia": "दक्षिण जॉर्जिया",
        "Atlantic\/St_Helena": "सेंट हेलेना",
        "Atlantic\/Stanley": "स्टैनली",
        "Australia\/Adelaide": "एडिलेड",
        "Australia\/Brisbane": "ब्रिस्बन",
        "Australia\/Broken_Hill": "ब्रोकन हिल",
        "Australia\/Currie": "क्यूरी",
        "Australia\/Darwin": "डार्विन",
        "Australia\/Eucla": "यूक्ला",
        "Australia\/Hobart": "होबार्ट",
        "Australia\/Lindeman": "लिंडेमान",
        "Australia\/Lord_Howe": "लॉर्ड होवे",
        "Australia\/Melbourne": "मेलबोर्न",
        "Australia\/Perth": "पर्थ",
        "Australia\/Sydney": "सिडनी",
        "Etc\/Unknown": "अज्ञात शहर",
        "Europe\/Amsterdam": "एम्स्टर्डम",
        "Europe\/Andorra": "अंडोरा",
        "Europe\/Athens": "एथेंस",
        "Europe\/Belgrade": "बेलग्रेड",
        "Europe\/Berlin": "बर्लिन",
        "Europe\/Bratislava": "ब्रातिस्लावा",
        "Europe\/Brussels": "ब्रूसेल्स",
        "Europe\/Bucharest": "बुख़ारेस्ट",
        "Europe\/Budapest": "बुडापेस्ट",
        "Europe\/Busingen": "ब्यूसिनजेन",
        "Europe\/Chisinau": "चिसीनाउ",
        "Europe\/Copenhagen": "कोपेनहेगन",
        "Europe\/Dublin": "डबलिन",
        "Europe\/Gibraltar": "जिब्राल्टर",
        "Europe\/Guernsey": "गर्नसी",
        "Europe\/Helsinki": "हेलसिंकी",
        "Europe\/Isle_of_Man": "आइल ऑफ़ मैन",
        "Europe\/Istanbul": "इस्तांबुल",
        "Europe\/Jersey": "जर्सी",
        "Europe\/Kaliningrad": "कालीनिनग्राड",
        "Europe\/Kiev": "कीव",
        "Europe\/Lisbon": "लिस्बन",
        "Europe\/Ljubljana": "ल्यूबेलजाना",
        "Europe\/London": "लंदन",
        "Europe\/Luxembourg": "लक्ज़मबर्ग",
        "Europe\/Madrid": "मैड्रिड",
        "Europe\/Malta": "माल्टा",
        "Europe\/Mariehamn": "मारियाहैम",
        "Europe\/Minsk": "मिंस्क",
        "Europe\/Monaco": "मोनाको",
        "Europe\/Moscow": "मॉस्को",
        "Europe\/Oslo": "ओस्लो",
        "Europe\/Paris": "पेरिस",
        "Europe\/Podgorica": "पोड्गोरिका",
        "Europe\/Prague": "प्राग",
        "Europe\/Riga": "रीगा",
        "Europe\/Rome": "रोम",
        "Europe\/Samara": "समारा",
        "Europe\/San_Marino": "सैन मारीनो",
        "Europe\/Sarajevo": "साराजेवो",
        "Europe\/Simferopol": "सिम्फ़ेरोपोल",
        "Europe\/Skopje": "स्कोप्जे",
        "Europe\/Sofia": "सोफ़िया",
        "Europe\/Stockholm": "स्टॉकहोम",
        "Europe\/Tallinn": "तेलिन",
        "Europe\/Tirane": "टाइरेन",
        "Europe\/Uzhgorod": "अज़्गोरोद",
        "Europe\/Vaduz": "वादुज़",
        "Europe\/Vatican": "वेटिकन",
        "Europe\/Vienna": "विएना",
        "Europe\/Vilnius": "विल्नियस",
        "Europe\/Volgograd": "वोल्गोग्राड",
        "Europe\/Warsaw": "वॉरसॉ",
        "Europe\/Zagreb": "ज़ाग्रेब",
        "Europe\/Zaporozhye": "ज़ैपोरोज़ाई",
        "Europe\/Zurich": "ज़्यूरिख़",
        "Indian\/Antananarivo": "एंटानानरीवो",
        "Indian\/Chagos": "शागोस",
        "Indian\/Christmas": "क्रिसमस",
        "Indian\/Cocos": "कोकोस",
        "Indian\/Comoro": "कोमोरो",
        "Indian\/Kerguelen": "करगुलेन",
        "Indian\/Mahe": "माहे",
        "Indian\/Maldives": "मालदीव",
        "Indian\/Mauritius": "मॉरीशस",
        "Indian\/Mayotte": "मायोत्ते",
        "Indian\/Reunion": "रीयूनियन",
        "Pacific\/Apia": "एपिया",
        "Pacific\/Auckland": "ऑकलैंड",
        "Pacific\/Chatham": "चाथम",
        "Pacific\/Easter": "ईस्टर",
        "Pacific\/Efate": "एफ़ेट",
        "Pacific\/Enderbury": "एंडरबरी",
        "Pacific\/Fakaofo": "फ़ाकाओफ़ो",
        "Pacific\/Fiji": "फ़िजी",
        "Pacific\/Funafuti": "फ़्यूनाफ़ुटी",
        "Pacific\/Galapagos": "गेलापागोस",
        "Pacific\/Gambier": "गैंबियर",
        "Pacific\/Guadalcanal": "ग्वाडलकनाल",
        "Pacific\/Guam": "गुआम",
        "Pacific\/Honolulu": "होनोलुलु",
        "Pacific\/Johnston": "जॉनस्टन",
        "Pacific\/Kiritimati": "किरीतिमाति",
        "Pacific\/Kosrae": "कोसराए",
        "Pacific\/Kwajalein": "क्वाज़ालीन",
        "Pacific\/Majuro": "माजुरो",
        "Pacific\/Marquesas": "मार्केसस",
        "Pacific\/Midway": "मिडवे",
        "Pacific\/Nauru": "नौरु",
        "Pacific\/Niue": "नीयू",
        "Pacific\/Norfolk": "नॉरफ़ॉक",
        "Pacific\/Noumea": "नौमिया",
        "Pacific\/Pago_Pago": "पागो पागो",
        "Pacific\/Palau": "पालाऊ",
        "Pacific\/Pitcairn": "पिटकैर्न",
        "Pacific\/Ponape": "पोनपेई",
        "Pacific\/Port_Moresby": "पोर्ट मोरेस्बी",
        "Pacific\/Rarotonga": "रारोटोंगा",
        "Pacific\/Saipan": "सायपान",
        "Pacific\/Tahiti": "ताहिती",
        "Pacific\/Tarawa": "टारावा",
        "Pacific\/Tongatapu": "टोंगाटापू",
        "Pacific\/Truk": "चक",
        "Pacific\/Wake": "वेक",
        "Pacific\/Wallis": "वालिस"
    }
}
