{
    "Version": "2.1.8.9",
    "Names": {
        "Africa\/Abidjan": "Abidjan",
        "Africa\/Accra": "Accra",
        "Africa\/Addis_Ababa": "Addisz-Abeba",
        "Africa\/Algiers": "Algír",
        "Africa\/Asmera": "Asmera",
        "Africa\/Bamako": "Bamako",
        "Africa\/Bangui": "Bangui",
        "Africa\/Banjul": "Banjul",
        "Africa\/Bissau": "Bissau",
        "Africa\/Blantyre": "Blantyre",
        "Africa\/Brazzaville": "Brazzaville",
        "Africa\/Bujumbura": "Bujumbura",
        "Africa\/Cairo": "Kairó",
        "Africa\/Casablanca": "Casablanca",
        "Africa\/Ceuta": "Ceuta",
        "Africa\/Conakry": "Conakry",
        "Africa\/Dakar": "Dakar",
        "Africa\/Dar_es_Salaam": "Dar es-Salaam",
        "Africa\/Djibouti": "Dzsibuti",
        "Africa\/Douala": "Douala",
        "Africa\/El_Aaiun": "El-Ajún",
        "Africa\/Freetown": "Freetown",
        "Africa\/Gaborone": "Gaborone",
        "Africa\/Harare": "Harare",
        "Africa\/Johannesburg": "Johannesburg",
        "Africa\/Juba": "Juba",
        "Africa\/Kampala": "Kampala",
        "Africa\/Khartoum": "Kartúm",
        "Africa\/Kigali": "Kigali",
        "Africa\/Kinshasa": "Kinshasa",
        "Africa\/Lagos": "Lagos",
        "Africa\/Libreville": "Libreville",
        "Africa\/Lome": "Lome",
        "Africa\/Luanda": "Luanda",
        "Africa\/Lubumbashi": "Lubumbashi",
        "Africa\/Lusaka": "Lusaka",
        "Africa\/Malabo": "Malabó",
        "Africa\/Maputo": "Maputo",
        "Africa\/Maseru": "Maseru",
        "Africa\/Mbabane": "Mbabane",
        "Africa\/Mogadishu": "Mogadishu",
        "Africa\/Monrovia": "Monrovia",
        "Africa\/Nairobi": "Nairobi",
        "Africa\/Ndjamena": "Ndjamena",
        "Africa\/Niamey": "Niamey",
        "Africa\/Nouakchott": "Nouakchott",
        "Africa\/Ouagadougou": "Ouagadougou",
        "Africa\/Porto-Novo": "Porto-Novo",
        "Africa\/Sao_Tome": "São Tomé",
        "Africa\/Tripoli": "Tripoli",
        "Africa\/Tunis": "Tunisz",
        "Africa\/Windhoek": "Windhoek",
        "America\/Adak": "Adak",
        "America\/Anchorage": "Anchorage",
        "America\/Anguilla": "Anguilla",
        "America\/Antigua": "Antigua",
        "America\/Araguaina": "Araguaína",
        "America\/Argentina\/La_Rioja": "La Rioja",
        "America\/Argentina\/Rio_Gallegos": "Río Gallegos",
        "America\/Argentina\/Salta": "Salta",
        "America\/Argentina\/San_Juan": "San Juan",
        "America\/Argentina\/San_Luis": "San Luis",
        "America\/Argentina\/Tucuman": "Tucumán",
        "America\/Argentina\/Ushuaia": "Ushuaia",
        "America\/Aruba": "Aruba",
        "America\/Asuncion": "Asunción",
        "America\/Bahia": "Bahia",
        "America\/Bahia_Banderas": "Bahia Banderas",
        "America\/Barbados": "Barbados",
        "America\/Belem": "Belém",
        "America\/Belize": "Belize",
        "America\/Blanc-Sablon": "Blanc-Sablon",
        "America\/Boa_Vista": "Boa Vista",
        "America\/Bogota": "Bogotá",
        "America\/Boise": "Boise",
        "America\/Buenos_Aires": "Buenos Aires",
        "America\/Cambridge_Bay": "Cambridge Bay",
        "America\/Campo_Grande": "Campo Grande",
        "America\/Cancun": "Cancún",
        "America\/Caracas": "Caracas",
        "America\/Catamarca": "Catamarca",
        "America\/Cayenne": "Cayenne",
        "America\/Cayman": "Kajmán-szigetek",
        "America\/Chicago": "Chicago",
        "America\/Chihuahua": "Chihuahua",
        "America\/Coral_Harbour": "Atikokan",
        "America\/Cordoba": "Córdoba",
        "America\/Costa_Rica": "Costa Rica",
        "America\/Creston": "Creston",
        "America\/Cuiaba": "Cuiabá",
        "America\/Curacao": "Curacao",
        "America\/Danmarkshavn": "Danmarkshavn",
        "America\/Dawson": "Dawson",
        "America\/Dawson_Creek": "Dawson Creek",
        "America\/Denver": "Denver",
        "America\/Detroit": "Detroit",
        "America\/Dominica": "Dominika",
        "America\/Edmonton": "Edmonton",
        "America\/Eirunepe": "Eirunepé",
        "America\/El_Salvador": "Salvador",
        "America\/Fortaleza": "Fortaleza",
        "America\/Glace_Bay": "Glace Bay",
        "America\/Godthab": "Nuuk",
        "America\/Goose_Bay": "Goose Bay",
        "America\/Grand_Turk": "Grand Turk",
        "America\/Grenada": "Grenada",
        "America\/Guadeloupe": "Guadeloupe",
        "America\/Guatemala": "Guatemala",
        "America\/Guayaquil": "Guayaquil",
        "America\/Guyana": "Guyana",
        "America\/Halifax": "Halifax",
        "America\/Havana": "Havanna",
        "America\/Hermosillo": "Hermosillo",
        "America\/Indiana\/Knox": "Knox, Indiana",
        "America\/Indiana\/Marengo": "Marengo, Indiana",
        "America\/Indiana\/Petersburg": "Petersburg, Indiana",
        "America\/Indiana\/Tell_City": "Tell City, Indiana",
        "America\/Indiana\/Vevay": "Vevay, Indiana",
        "America\/Indiana\/Vincennes": "Vincennes, Indiana",
        "America\/Indiana\/Winamac": "Winamac, Indiana",
        "America\/Indianapolis": "Indianapolis",
        "America\/Inuvik": "Inuvik",
        "America\/Iqaluit": "Iqaluit",
        "America\/Jamaica": "Jamaica",
        "America\/Jujuy": "Jujuy",
        "America\/Juneau": "Juneau",
        "America\/Kentucky\/Monticello": "Monticello, Kentucky",
        "America\/Kralendijk": "Kralendijk",
        "America\/La_Paz": "La Paz",
        "America\/Lima": "Lima",
        "America\/Los_Angeles": "Los Angeles",
        "America\/Louisville": "Louisville",
        "America\/Lower_Princes": "Lower Prince’s Quarter",
        "America\/Maceio": "Maceió",
        "America\/Managua": "Managua",
        "America\/Manaus": "Manaus",
        "America\/Marigot": "Marigot",
        "America\/Martinique": "Martinique",
        "America\/Matamoros": "Matamoros",
        "America\/Mazatlan": "Mazatlán",
        "America\/Mendoza": "Mendoza",
        "America\/Menominee": "Menominee",
        "America\/Merida": "Mérida",
        "America\/Metlakatla": "Metlakatla",
        "America\/Mexico_City": "Mexikóváros",
        "America\/Miquelon": "Miquelon",
        "America\/Moncton": "Moncton",
        "America\/Monterrey": "Monterrey",
        "America\/Montevideo": "Montevideo",
        "America\/Montserrat": "Montserrat",
        "America\/Nassau": "Nassau",
        "America\/New_York": "New York",
        "America\/Nipigon": "Nipigon",
        "America\/Nome": "Nome",
        "America\/Noronha": "Noronha",
        "America\/North_Dakota\/Beulah": "Beulah, Észak-Dakota",
        "America\/North_Dakota\/Center": "Középső, Észak-Dakota",
        "America\/North_Dakota\/New_Salem": "New Salem, Észak-Dakota",
        "America\/Ojinaga": "Ojinaga",
        "America\/Panama": "Panama",
        "America\/Pangnirtung": "Pangnirtung",
        "America\/Paramaribo": "Paramaribo",
        "America\/Phoenix": "Phoenix",
        "America\/Port-au-Prince": "Port-au-Prince",
        "America\/Port_of_Spain": "Port of Spain",
        "America\/Porto_Velho": "Porto Velho",
        "America\/Puerto_Rico": "Puerto Rico",
        "America\/Rainy_River": "Rainy River",
        "America\/Rankin_Inlet": "Rankin Inlet",
        "America\/Recife": "Recife",
        "America\/Regina": "Regina",
        "America\/Resolute": "Resolute",
        "America\/Rio_Branco": "Río Branco",
        "America\/Santa_Isabel": "Santa Isabel",
        "America\/Santarem": "Santarem",
        "America\/Santiago": "Santiago",
        "America\/Santo_Domingo": "Santo Domingo",
        "America\/Sao_Paulo": "São Paulo",
        "America\/Scoresbysund": "Ittoqqortoormiit",
        "America\/Sitka": "Sitka",
        "America\/St_Barthelemy": "Saint-Barthélemy",
        "America\/St_Johns": "St. John’s",
        "America\/St_Kitts": "St. Kitts",
        "America\/St_Lucia": "St. Lucia",
        "America\/St_Thomas": "St. Thomas",
        "America\/St_Vincent": "St. Vincent",
        "America\/Swift_Current": "Swift Current",
        "America\/Tegucigalpa": "Tegucigalpa",
        "America\/Thule": "Thule",
        "America\/Thunder_Bay": "Thunder Bay",
        "America\/Tijuana": "Tijuana",
        "America\/Toronto": "Toronto",
        "America\/Tortola": "Tortola",
        "America\/Vancouver": "Vancouver",
        "America\/Whitehorse": "Whitehorse",
        "America\/Winnipeg": "Winnipeg",
        "America\/Yakutat": "Yakutat",
        "America\/Yellowknife": "Yellowknife",
        "Antarctica\/Casey": "Casey",
        "Antarctica\/Davis": "Davis",
        "Antarctica\/DumontDUrville": "Dumont d’Urville",
        "Antarctica\/Macquarie": "Macquarie",
        "Antarctica\/Mawson": "Mawson",
        "Antarctica\/McMurdo": "McMurdo",
        "Antarctica\/Palmer": "Palmer",
        "Antarctica\/Rothera": "Rothera",
        "Antarctica\/Syowa": "Syowa",
        "Antarctica\/Troll": "Troll",
        "Antarctica\/Vostok": "Vosztok",
        "Arctic\/Longyearbyen": "Longyearbyen",
        "Asia\/Aden": "Áden",
        "Asia\/Almaty": "Alma-Ata",
        "Asia\/Amman": "Ammán",
        "Asia\/Anadyr": "Anadir",
        "Asia\/Aqtau": "Aktau",
        "Asia\/Aqtobe": "Aktöbe",
        "Asia\/Ashgabat": "Asgabat",
        "Asia\/Baghdad": "Bagdad",
        "Asia\/Bahrain": "Bahrein",
        "Asia\/Baku": "Baku",
        "Asia\/Bangkok": "Bangkok",
        "Asia\/Beirut": "Bejrút",
        "Asia\/Bishkek": "Biskek",
        "Asia\/Brunei": "Brunei",
        "Asia\/Calcutta": "Kalkutta",
        "Asia\/Choibalsan": "Csojbalszan",
        "Asia\/Chongqing": "Csungking",
        "Asia\/Colombo": "Colombo",
        "Asia\/Damascus": "Damaszkusz",
        "Asia\/Dhaka": "Dháka",
        "Asia\/Dili": "Dili",
        "Asia\/Dubai": "Dubai",
        "Asia\/Dushanbe": "Dushanbe",
        "Asia\/Gaza": "Gáza",
        "Asia\/Harbin": "Harbin",
        "Asia\/Hebron": "Hebron",
        "Asia\/Hong_Kong": "Hongkong",
        "Asia\/Hovd": "Hovd",
        "Asia\/Irkutsk": "Irkutszk",
        "Asia\/Jakarta": "Jakarta",
        "Asia\/Jayapura": "Jayapura",
        "Asia\/Jerusalem": "Jeruzsálem",
        "Asia\/Kabul": "Kabul",
        "Asia\/Kamchatka": "Kamcsatka",
        "Asia\/Karachi": "Karacsi",
        "Asia\/Kashgar": "Kasgár",
        "Asia\/Katmandu": "Katmandu",
        "Asia\/Khandyga": "Handiga",
        "Asia\/Krasnoyarsk": "Krasznojarszk",
        "Asia\/Kuala_Lumpur": "Kuala Lumpur",
        "Asia\/Kuching": "Kucseng",
        "Asia\/Kuwait": "Kuvait",
        "Asia\/Macau": "Makaó",
        "Asia\/Magadan": "Magadán",
        "Asia\/Makassar": "Makasar",
        "Asia\/Manila": "Manila",
        "Asia\/Muscat": "Muscat",
        "Asia\/Nicosia": "Nicosia",
        "Asia\/Novokuznetsk": "Novokuznyeck",
        "Asia\/Novosibirsk": "Novoszibirszk",
        "Asia\/Omsk": "Omszk",
        "Asia\/Oral": "Oral",
        "Asia\/Phnom_Penh": "Phnom Penh",
        "Asia\/Pontianak": "Pontianak",
        "Asia\/Pyongyang": "Phenjan",
        "Asia\/Qatar": "Katar",
        "Asia\/Qyzylorda": "Kizilorda",
        "Asia\/Rangoon": "Rangoon",
        "Asia\/Riyadh": "Rijád",
        "Asia\/Saigon": "Ho Si Minh-város",
        "Asia\/Sakhalin": "Szahalin",
        "Asia\/Samarkand": "Szamarkand",
        "Asia\/Seoul": "Szöul",
        "Asia\/Shanghai": "Sanghaj",
        "Asia\/Singapore": "Szingapúr",
        "Asia\/Taipei": "Tajpej",
        "Asia\/Tashkent": "Taskent",
        "Asia\/Tbilisi": "Tbiliszi",
        "Asia\/Tehran": "Teherán",
        "Asia\/Thimphu": "Thimphu",
        "Asia\/Tokyo": "Tokió",
        "Asia\/Ulaanbaatar": "Ulánbátor",
        "Asia\/Urumqi": "Ürümqi",
        "Asia\/Ust-Nera": "Uszty-Nyera",
        "Asia\/Vientiane": "Vientián",
        "Asia\/Vladivostok": "Vlagyivosztok",
        "Asia\/Yakutsk": "Jakutszk",
        "Asia\/Yekaterinburg": "Jekatyerinburg",
        "Asia\/Yerevan": "Jereván",
        "Atlantic\/Azores": "Azori-szigetek",
        "Atlantic\/Bermuda": "Bermuda",
        "Atlantic\/Canary": "Kanári-szigetek",
        "Atlantic\/Cape_Verde": "Zöld-Foki Szigetek",
        "Atlantic\/Faeroe": "Faroe",
        "Atlantic\/Madeira": "Madeira",
        "Atlantic\/Reykjavik": "Reykjavík",
        "Atlantic\/South_Georgia": "Déli-Georgia",
        "Atlantic\/St_Helena": "Szent Ilona",
        "Atlantic\/Stanley": "Stanley",
        "Australia\/Adelaide": "Adelaide",
        "Australia\/Brisbane": "Brisbane",
        "Australia\/Broken_Hill": "Broken Hill",
        "Australia\/Currie": "Currie",
        "Australia\/Darwin": "Darwin",
        "Australia\/Eucla": "Eucla",
        "Australia\/Hobart": "Hobart",
        "Australia\/Lindeman": "Lindeman",
        "Australia\/Lord_Howe": "Lord Howe",
        "Australia\/Melbourne": "Melbourne",
        "Australia\/Perth": "Perth",
        "Australia\/Sydney": "Sydney",
        "Etc\/Unknown": "Ismeretlen város",
        "Europe\/Amsterdam": "Amszterdam",
        "Europe\/Andorra": "Andorra",
        "Europe\/Athens": "Athén",
        "Europe\/Belgrade": "Belgrád",
        "Europe\/Berlin": "Berlin",
        "Europe\/Bratislava": "Pozsony",
        "Europe\/Brussels": "Brüsszel",
        "Europe\/Bucharest": "Bukarest",
        "Europe\/Budapest": "Budapest",
        "Europe\/Busingen": "Büsingen",
        "Europe\/Chisinau": "Chisinau",
        "Europe\/Copenhagen": "Koppenhága",
        "Europe\/Dublin": "Dublin",
        "Europe\/Gibraltar": "Gibraltár",
        "Europe\/Guernsey": "Guernsey",
        "Europe\/Helsinki": "Helsinki",
        "Europe\/Isle_of_Man": "Man-sziget",
        "Europe\/Istanbul": "Isztanbul",
        "Europe\/Jersey": "Jersey",
        "Europe\/Kaliningrad": "Kalinyingrád",
        "Europe\/Kiev": "Kijev",
        "Europe\/Lisbon": "Lisszabon",
        "Europe\/Ljubljana": "Ljubljana",
        "Europe\/London": "London",
        "Europe\/Luxembourg": "Luxemburg",
        "Europe\/Madrid": "Madrid",
        "Europe\/Malta": "Málta",
        "Europe\/Mariehamn": "Mariehamn",
        "Europe\/Minsk": "Minszk",
        "Europe\/Monaco": "Monaco",
        "Europe\/Moscow": "Moszkva",
        "Europe\/Oslo": "Oslo",
        "Europe\/Paris": "Párizs",
        "Europe\/Podgorica": "Podgorica",
        "Europe\/Prague": "Prága",
        "Europe\/Riga": "Riga",
        "Europe\/Rome": "Róma",
        "Europe\/Samara": "Szamara",
        "Europe\/San_Marino": "San Marino",
        "Europe\/Sarajevo": "Szarajevó",
        "Europe\/Simferopol": "Szimferopol",
        "Europe\/Skopje": "Skopje",
        "Europe\/Sofia": "Szófia",
        "Europe\/Stockholm": "Stockholm",
        "Europe\/Tallinn": "Tallin",
        "Europe\/Tirane": "Tirana",
        "Europe\/Uzhgorod": "Ungvár",
        "Europe\/Vaduz": "Vaduz",
        "Europe\/Vatican": "Vatikán",
        "Europe\/Vienna": "Bécs",
        "Europe\/Vilnius": "Vilnius",
        "Europe\/Volgograd": "Volgográd",
        "Europe\/Warsaw": "Varsó",
        "Europe\/Zagreb": "Zágráb",
        "Europe\/Zaporozhye": "Zaporozsje",
        "Europe\/Zurich": "Zürich",
        "Indian\/Antananarivo": "Antananarivo",
        "Indian\/Chagos": "Chagos",
        "Indian\/Christmas": "Karácsony-sziget",
        "Indian\/Cocos": "Kókusz-sziget",
        "Indian\/Comoro": "Komoró",
        "Indian\/Kerguelen": "Kerguelen",
        "Indian\/Mahe": "Mahe",
        "Indian\/Maldives": "Maldív-szigetek",
        "Indian\/Mauritius": "Mauritius",
        "Indian\/Mayotte": "Mayotte",
        "Indian\/Reunion": "Réunion",
        "Pacific\/Apia": "Apia",
        "Pacific\/Auckland": "Auckland",
        "Pacific\/Chatham": "Chatham-szigetek",
        "Pacific\/Easter": "Húsvét-szigetek",
        "Pacific\/Efate": "Efate",
        "Pacific\/Enderbury": "Enderbury",
        "Pacific\/Fakaofo": "Fakaofo",
        "Pacific\/Fiji": "Fidzsi",
        "Pacific\/Funafuti": "Funafuti",
        "Pacific\/Galapagos": "Galapagos-szigetek",
        "Pacific\/Gambier": "Gambier-szigetek",
        "Pacific\/Guadalcanal": "Guadalcanal",
        "Pacific\/Guam": "Guam",
        "Pacific\/Honolulu": "Honolulu",
        "Pacific\/Johnston": "Johnston",
        "Pacific\/Kiritimati": "Kiritimati-sziget",
        "Pacific\/Kosrae": "Kosrae-szigetek",
        "Pacific\/Kwajalein": "Kwajalein-zátony",
        "Pacific\/Majuro": "Majuro-zátony",
        "Pacific\/Marquesas": "Marquesas-szigetek",
        "Pacific\/Midway": "Midway-szigetek",
        "Pacific\/Nauru": "Nauru",
        "Pacific\/Niue": "Niue",
        "Pacific\/Norfolk": "Norfolk",
        "Pacific\/Noumea": "Noumea",
        "Pacific\/Pago_Pago": "Pago Pago",
        "Pacific\/Palau": "Palau",
        "Pacific\/Pitcairn": "Pitcairn-szigetek",
        "Pacific\/Ponape": "Ponape-szigetek",
        "Pacific\/Port_Moresby": "Port Moresby",
        "Pacific\/Rarotonga": "Rarotonga",
        "Pacific\/Saipan": "Saipan",
        "Pacific\/Tahiti": "Tahiti",
        "Pacific\/Tarawa": "Tarawa",
        "Pacific\/Tongatapu": "Tongatapu",
        "Pacific\/Truk": "Chuuk",
        "Pacific\/Wake": "Wake-sziget",
        "Pacific\/Wallis": "Wallis"
    }
}
