{
    "Version": "2.1.8.9",
    "Names": {
        "Africa\/Abidjan": "アビジャン",
        "Africa\/Accra": "アクラ",
        "Africa\/Addis_Ababa": "アジスアベバ",
        "Africa\/Algiers": "アルジェ",
        "Africa\/Asmera": "アスマラ",
        "Africa\/Bamako": "バマコ",
        "Africa\/Bangui": "バンギ",
        "Africa\/Banjul": "バンジュール",
        "Africa\/Bissau": "ビサウ",
        "Africa\/Blantyre": "ブランタイヤ",
        "Africa\/Brazzaville": "ブラザビル",
        "Africa\/Bujumbura": "ブジュンブラ",
        "Africa\/Cairo": "カイロ",
        "Africa\/Casablanca": "カサブランカ",
        "Africa\/Ceuta": "セウタ",
        "Africa\/Conakry": "コナクリ",
        "Africa\/Dakar": "ダカール",
        "Africa\/Dar_es_Salaam": "ダルエスサラーム",
        "Africa\/Djibouti": "ジブチ",
        "Africa\/Douala": "ドゥアラ",
        "Africa\/El_Aaiun": "アイウン",
        "Africa\/Freetown": "フリータウン",
        "Africa\/Gaborone": "ハボローネ",
        "Africa\/Harare": "ハラレ",
        "Africa\/Johannesburg": "ヨハネスブルグ",
        "Africa\/Juba": "ジュバ",
        "Africa\/Kampala": "カンパラ",
        "Africa\/Khartoum": "ハルツーム",
        "Africa\/Kigali": "キガリ",
        "Africa\/Kinshasa": "キンシャサ",
        "Africa\/Lagos": "ラゴス",
        "Africa\/Libreville": "リーブルヴィル",
        "Africa\/Lome": "ロメ",
        "Africa\/Luanda": "ルアンダ",
        "Africa\/Lubumbashi": "ルブンバシ",
        "Africa\/Lusaka": "ルサカ",
        "Africa\/Malabo": "マラボ",
        "Africa\/Maputo": "マプト",
        "Africa\/Maseru": "マセル",
        "Africa\/Mbabane": "ムババーネ",
        "Africa\/Mogadishu": "モガディシオ",
        "Africa\/Monrovia": "モンロビア",
        "Africa\/Nairobi": "ナイロビ",
        "Africa\/Ndjamena": "ンジャメナ",
        "Africa\/Niamey": "ニアメ",
        "Africa\/Nouakchott": "ヌアクショット",
        "Africa\/Ouagadougou": "ワガドゥグー",
        "Africa\/Porto-Novo": "ポルトノボ",
        "Africa\/Sao_Tome": "サントメ",
        "Africa\/Tripoli": "トリポリ",
        "Africa\/Tunis": "チュニス",
        "Africa\/Windhoek": "ウィントフック",
        "America\/Adak": "アダック",
        "America\/Anchorage": "アンカレッジ",
        "America\/Anguilla": "アンギラ",
        "America\/Antigua": "アンティグア",
        "America\/Araguaina": "アラグァイナ",
        "America\/Argentina\/La_Rioja": "ラリオハ",
        "America\/Argentina\/Rio_Gallegos": "リオガジェゴス",
        "America\/Argentina\/Salta": "サルタ",
        "America\/Argentina\/San_Juan": "サンファン",
        "America\/Argentina\/San_Luis": "サンルイス",
        "America\/Argentina\/Tucuman": "トゥクマン",
        "America\/Argentina\/Ushuaia": "ウシュアイア",
        "America\/Aruba": "アルバ",
        "America\/Asuncion": "アスンシオン",
        "America\/Bahia": "バイーア",
        "America\/Bahia_Banderas": "バイアバンデラ",
        "America\/Barbados": "バルバドス",
        "America\/Belem": "ベレン",
        "America\/Belize": "ベリーズ",
        "America\/Blanc-Sablon": "ブラン・サブロン",
        "America\/Boa_Vista": "ボアビスタ",
        "America\/Bogota": "ボゴタ",
        "America\/Boise": "ボイシ",
        "America\/Buenos_Aires": "ブエノスアイレス",
        "America\/Cambridge_Bay": "ケンブリッジベイ",
        "America\/Campo_Grande": "カンポグランデ",
        "America\/Cancun": "カンクン",
        "America\/Caracas": "カラカス",
        "America\/Catamarca": "カタマルカ",
        "America\/Cayenne": "カイエンヌ",
        "America\/Cayman": "ケイマン",
        "America\/Chicago": "シカゴ",
        "America\/Chihuahua": "チワワ",
        "America\/Coral_Harbour": "アティコカン",
        "America\/Cordoba": "コルドバ",
        "America\/Costa_Rica": "コスタリカ",
        "America\/Creston": "クレストン",
        "America\/Cuiaba": "クイアバ",
        "America\/Curacao": "キュラソー",
        "America\/Danmarkshavn": "デンマークシャウン",
        "America\/Dawson": "ドーソン",
        "America\/Dawson_Creek": "ドーソンクリーク",
        "America\/Denver": "デンバー",
        "America\/Detroit": "デトロイト",
        "America\/Dominica": "ドミニカ",
        "America\/Edmonton": "エドモントン",
        "America\/Eirunepe": "エイルネペ",
        "America\/El_Salvador": "エルサルバドル",
        "America\/Fortaleza": "フォルタレザ",
        "America\/Glace_Bay": "グレースベイ",
        "America\/Godthab": "ヌーク",
        "America\/Goose_Bay": "グースベイ",
        "America\/Grand_Turk": "グランドターク",
        "America\/Grenada": "グレナダ",
        "America\/Guadeloupe": "グアダループ",
        "America\/Guatemala": "グアテマラ",
        "America\/Guayaquil": "グアヤキル",
        "America\/Guyana": "ガイアナ",
        "America\/Halifax": "ハリファクス",
        "America\/Havana": "ハバナ",
        "America\/Hermosillo": "エルモシヨ",
        "America\/Indiana\/Knox": "インディアナ州ノックス",
        "America\/Indiana\/Marengo": "インディアナ州マレンゴ",
        "America\/Indiana\/Petersburg": "インディアナ州ピーターズバーグ",
        "America\/Indiana\/Tell_City": "インディアナ州テルシティ",
        "America\/Indiana\/Vevay": "インディアナ州ビベー",
        "America\/Indiana\/Vincennes": "インディアナ州ビンセンス",
        "America\/Indiana\/Winamac": "インディアナ州ウィナマック",
        "America\/Indianapolis": "インディアナポリス",
        "America\/Inuvik": "イヌヴィク",
        "America\/Iqaluit": "イカルイット",
        "America\/Jamaica": "ジャマイカ",
        "America\/Jujuy": "フフイ",
        "America\/Juneau": "ジュノー",
        "America\/Kentucky\/Monticello": "ケンタッキー州モンティチェロ",
        "America\/Kralendijk": "クラレンダイク",
        "America\/La_Paz": "ラパス",
        "America\/Lima": "リマ",
        "America\/Los_Angeles": "ロサンゼルス",
        "America\/Louisville": "ルイビル",
        "America\/Lower_Princes": "ローワー・プリンセズ・クウォーター",
        "America\/Maceio": "マセイオ",
        "America\/Managua": "マナグア",
        "America\/Manaus": "マナウス",
        "America\/Marigot": "マリゴ",
        "America\/Martinique": "マルティニーク",
        "America\/Matamoros": "マタモロス",
        "America\/Mazatlan": "マサトラン",
        "America\/Mendoza": "メンドーサ",
        "America\/Menominee": "メノミニー",
        "America\/Merida": "メリダ",
        "America\/Metlakatla": "メトラカトラ",
        "America\/Mexico_City": "メキシコシティー",
        "America\/Miquelon": "ミクロン島",
        "America\/Moncton": "モンクトン",
        "America\/Monterrey": "モンテレイ",
        "America\/Montevideo": "モンテビデオ",
        "America\/Montserrat": "モントセラト",
        "America\/Nassau": "ナッソー",
        "America\/New_York": "ニューヨーク",
        "America\/Nipigon": "ニピゴン",
        "America\/Nome": "ノーム",
        "America\/Noronha": "ノローニャ",
        "America\/North_Dakota\/Beulah": "ノースダコタ州ビューラー",
        "America\/North_Dakota\/Center": "ノースダコタ州センター",
        "America\/North_Dakota\/New_Salem": "ノースダコタ州ニューセーラム",
        "America\/Ojinaga": "オヒナガ",
        "America\/Panama": "パナマ",
        "America\/Pangnirtung": "パンナータング",
        "America\/Paramaribo": "パラマリボ",
        "America\/Phoenix": "フェニックス",
        "America\/Port-au-Prince": "ポルトープランス",
        "America\/Port_of_Spain": "ポートオブスペイン",
        "America\/Porto_Velho": "ポルトベーリョ",
        "America\/Puerto_Rico": "プエルトリコ",
        "America\/Rainy_River": "レイニーリバー",
        "America\/Rankin_Inlet": "ランキンインレット",
        "America\/Recife": "レシフェ",
        "America\/Regina": "レジャイナ",
        "America\/Resolute": "レゾリュート",
        "America\/Rio_Branco": "リオブランコ",
        "America\/Santa_Isabel": "サンタイサベル",
        "America\/Santarem": "サンタレム",
        "America\/Santiago": "サンチアゴ",
        "America\/Santo_Domingo": "サントドミンゴ",
        "America\/Sao_Paulo": "サンパウロ",
        "America\/Scoresbysund": "イトコルトルミット",
        "America\/Sitka": "シトカ",
        "America\/St_Barthelemy": "サン・バルテルミー",
        "America\/St_Johns": "セントジョンズ",
        "America\/St_Kitts": "セントキッツ",
        "America\/St_Lucia": "セントルシア",
        "America\/St_Thomas": "セントトーマス",
        "America\/St_Vincent": "セントビンセント",
        "America\/Swift_Current": "スウィフトカレント",
        "America\/Tegucigalpa": "テグシガルパ",
        "America\/Thule": "チューレ",
        "America\/Thunder_Bay": "サンダーベイ",
        "America\/Tijuana": "ティフアナ",
        "America\/Toronto": "トロント",
        "America\/Tortola": "トルトーラ",
        "America\/Vancouver": "バンクーバー",
        "America\/Whitehorse": "ホワイトホース",
        "America\/Winnipeg": "ウィニペグ",
        "America\/Yakutat": "ヤクタット",
        "America\/Yellowknife": "イエローナイフ",
        "Antarctica\/Casey": "ケーシー基地",
        "Antarctica\/Davis": "デービス基地",
        "Antarctica\/DumontDUrville": "デュモン・デュルヴィル基地",
        "Antarctica\/Macquarie": "マッコリー",
        "Antarctica\/Mawson": "モーソン基地",
        "Antarctica\/McMurdo": "マクマード基地",
        "Antarctica\/Palmer": "パーマー基地",
        "Antarctica\/Rothera": "ロゼラ基地",
        "Antarctica\/Syowa": "昭和基地",
        "Antarctica\/Troll": "トロル基地",
        "Antarctica\/Vostok": "ボストーク基地",
        "Arctic\/Longyearbyen": "ロングイェールビーン",
        "Asia\/Aden": "アデン",
        "Asia\/Almaty": "アルマトイ",
        "Asia\/Amman": "アンマン",
        "Asia\/Anadyr": "アナディリ",
        "Asia\/Aqtau": "アクタウ",
        "Asia\/Aqtobe": "アクトベ",
        "Asia\/Ashgabat": "アシガバード",
        "Asia\/Baghdad": "バグダッド",
        "Asia\/Bahrain": "バーレーン",
        "Asia\/Baku": "バクー",
        "Asia\/Bangkok": "バンコク",
        "Asia\/Beirut": "ベイルート",
        "Asia\/Bishkek": "ビシュケク",
        "Asia\/Brunei": "ブルネイ",
        "Asia\/Calcutta": "コルカタ",
        "Asia\/Choibalsan": "チョイバルサン",
        "Asia\/Chongqing": "重慶",
        "Asia\/Colombo": "コロンボ",
        "Asia\/Damascus": "ダマスカス",
        "Asia\/Dhaka": "ダッカ",
        "Asia\/Dili": "ディリ",
        "Asia\/Dubai": "ドバイ",
        "Asia\/Dushanbe": "ドゥシャンベ",
        "Asia\/Gaza": "ガザ",
        "Asia\/Harbin": "ハルビン",
        "Asia\/Hebron": "ヘブロン",
        "Asia\/Hong_Kong": "香港",
        "Asia\/Hovd": "ホブド",
        "Asia\/Irkutsk": "イルクーツク",
        "Asia\/Jakarta": "ジャカルタ",
        "Asia\/Jayapura": "ジャヤプラ",
        "Asia\/Jerusalem": "エルサレム",
        "Asia\/Kabul": "カブール",
        "Asia\/Kamchatka": "カムチャッカ",
        "Asia\/Karachi": "カラチ",
        "Asia\/Kashgar": "カシュガル",
        "Asia\/Katmandu": "カトマンズ",
        "Asia\/Khandyga": "ハンドゥイガ",
        "Asia\/Krasnoyarsk": "クラスノヤルスク",
        "Asia\/Kuala_Lumpur": "クアラルンプール",
        "Asia\/Kuching": "クチン",
        "Asia\/Kuwait": "クウェート",
        "Asia\/Macau": "マカオ",
        "Asia\/Magadan": "マガダン",
        "Asia\/Makassar": "マカッサル",
        "Asia\/Manila": "マニラ",
        "Asia\/Muscat": "マスカット",
        "Asia\/Nicosia": "ニコシア",
        "Asia\/Novokuznetsk": "ノヴォクズネツク",
        "Asia\/Novosibirsk": "ノヴォシビルスク",
        "Asia\/Omsk": "オムスク",
        "Asia\/Oral": "オラル",
        "Asia\/Phnom_Penh": "プノンペン",
        "Asia\/Pontianak": "ポンティアナック",
        "Asia\/Pyongyang": "平壌",
        "Asia\/Qatar": "カタール",
        "Asia\/Qyzylorda": "クズロルダ",
        "Asia\/Rangoon": "ラングーン",
        "Asia\/Riyadh": "リヤド",
        "Asia\/Saigon": "ホーチミン",
        "Asia\/Sakhalin": "サハリン",
        "Asia\/Samarkand": "サマルカンド",
        "Asia\/Seoul": "ソウル",
        "Asia\/Shanghai": "上海",
        "Asia\/Singapore": "シンガポール",
        "Asia\/Taipei": "台北",
        "Asia\/Tashkent": "タシケント",
        "Asia\/Tbilisi": "トビリシ",
        "Asia\/Tehran": "テヘラン",
        "Asia\/Thimphu": "ティンプー",
        "Asia\/Tokyo": "東京",
        "Asia\/Ulaanbaatar": "ウランバートル",
        "Asia\/Urumqi": "ウルムチ",
        "Asia\/Ust-Nera": "ウスチネラ",
        "Asia\/Vientiane": "ビエンチャン",
        "Asia\/Vladivostok": "ウラジオストク",
        "Asia\/Yakutsk": "ヤクーツク",
        "Asia\/Yekaterinburg": "エカテリンブルグ",
        "Asia\/Yerevan": "エレバン",
        "Atlantic\/Azores": "アゾレス",
        "Atlantic\/Bermuda": "バミューダ",
        "Atlantic\/Canary": "カナリア",
        "Atlantic\/Cape_Verde": "カーボベルデ",
        "Atlantic\/Faeroe": "フェロー",
        "Atlantic\/Madeira": "マデイラ",
        "Atlantic\/Reykjavik": "レイキャビク",
        "Atlantic\/South_Georgia": "サウスジョージア",
        "Atlantic\/St_Helena": "セントヘレナ",
        "Atlantic\/Stanley": "スタンレー",
        "Australia\/Adelaide": "アデレード",
        "Australia\/Brisbane": "ブリスベン",
        "Australia\/Broken_Hill": "ブロークンヒル",
        "Australia\/Currie": "カリー",
        "Australia\/Darwin": "ダーウィン",
        "Australia\/Eucla": "ユークラ",
        "Australia\/Hobart": "ホバート",
        "Australia\/Lindeman": "リンデマン",
        "Australia\/Lord_Howe": "ロードハウ",
        "Australia\/Melbourne": "メルボルン",
        "Australia\/Perth": "パース",
        "Australia\/Sydney": "シドニー",
        "Etc\/Unknown": "地域不明",
        "Europe\/Amsterdam": "アムステルダム",
        "Europe\/Andorra": "アンドラ",
        "Europe\/Athens": "アテネ",
        "Europe\/Belgrade": "ベオグラード",
        "Europe\/Berlin": "ベルリン",
        "Europe\/Bratislava": "ブラチスラバ",
        "Europe\/Brussels": "ブリュッセル",
        "Europe\/Bucharest": "ブカレスト",
        "Europe\/Budapest": "ブダペスト",
        "Europe\/Busingen": "ビュージンゲン",
        "Europe\/Chisinau": "キシナウ",
        "Europe\/Copenhagen": "コペンハーゲン",
        "Europe\/Dublin": "ダブリン",
        "Europe\/Gibraltar": "ジブラルタル",
        "Europe\/Guernsey": "ガーンジー",
        "Europe\/Helsinki": "ヘルシンキ",
        "Europe\/Isle_of_Man": "マン島",
        "Europe\/Istanbul": "イスタンブール",
        "Europe\/Jersey": "ジャージー",
        "Europe\/Kaliningrad": "カリーニングラード",
        "Europe\/Kiev": "キエフ",
        "Europe\/Lisbon": "リスボン",
        "Europe\/Ljubljana": "リュブリャナ",
        "Europe\/London": "ロンドン",
        "Europe\/Luxembourg": "ルクセンブルク",
        "Europe\/Madrid": "マドリード",
        "Europe\/Malta": "マルタ",
        "Europe\/Mariehamn": "マリエハムン",
        "Europe\/Minsk": "ミンスク",
        "Europe\/Monaco": "モナコ",
        "Europe\/Moscow": "モスクワ",
        "Europe\/Oslo": "オスロ",
        "Europe\/Paris": "パリ",
        "Europe\/Podgorica": "ポドゴリツァ",
        "Europe\/Prague": "プラハ",
        "Europe\/Riga": "リガ",
        "Europe\/Rome": "ローマ",
        "Europe\/Samara": "サマラ",
        "Europe\/San_Marino": "サンマリノ",
        "Europe\/Sarajevo": "サラエボ",
        "Europe\/Simferopol": "シンフェロポリ",
        "Europe\/Skopje": "スコピエ",
        "Europe\/Sofia": "ソフィア",
        "Europe\/Stockholm": "ストックホルム",
        "Europe\/Tallinn": "タリン",
        "Europe\/Tirane": "ティラナ",
        "Europe\/Uzhgorod": "ウージュホロド",
        "Europe\/Vaduz": "ファドゥーツ",
        "Europe\/Vatican": "バチカン",
        "Europe\/Vienna": "ウィーン",
        "Europe\/Vilnius": "ヴィリニュス",
        "Europe\/Volgograd": "ボルゴグラード",
        "Europe\/Warsaw": "ワルシャワ",
        "Europe\/Zagreb": "ザグレブ",
        "Europe\/Zaporozhye": "ザポリージャ",
        "Europe\/Zurich": "チューリッヒ",
        "Indian\/Antananarivo": "アンタナナリボ",
        "Indian\/Chagos": "チャゴス",
        "Indian\/Christmas": "クリスマス島",
        "Indian\/Cocos": "ココス諸島",
        "Indian\/Comoro": "コモロ",
        "Indian\/Kerguelen": "ケルゲレン諸島",
        "Indian\/Mahe": "マヘ",
        "Indian\/Maldives": "モルディブ",
        "Indian\/Mauritius": "モーリシャス",
        "Indian\/Mayotte": "マヨット",
        "Indian\/Reunion": "レユニオン",
        "Pacific\/Apia": "アピア",
        "Pacific\/Auckland": "オークランド",
        "Pacific\/Chatham": "チャタム",
        "Pacific\/Easter": "イースター島",
        "Pacific\/Efate": "エフェテ島",
        "Pacific\/Enderbury": "エンダーベリー島",
        "Pacific\/Fakaofo": "ファカオフォ",
        "Pacific\/Fiji": "フィジー",
        "Pacific\/Funafuti": "フナフティ",
        "Pacific\/Galapagos": "ガラパゴス",
        "Pacific\/Gambier": "ガンビエ諸島",
        "Pacific\/Guadalcanal": "ガダルカナル",
        "Pacific\/Guam": "グアム",
        "Pacific\/Honolulu": "ホノルル",
        "Pacific\/Johnston": "ジョンストン島",
        "Pacific\/Kiritimati": "キリスィマスィ島",
        "Pacific\/Kosrae": "コスラエ",
        "Pacific\/Kwajalein": "クェゼリン",
        "Pacific\/Majuro": "マジュロ",
        "Pacific\/Marquesas": "マルキーズ",
        "Pacific\/Midway": "ミッドウェー島",
        "Pacific\/Nauru": "ナウル",
        "Pacific\/Niue": "ニウエ",
        "Pacific\/Norfolk": "ノーフォーク島",
        "Pacific\/Noumea": "ヌメア",
        "Pacific\/Pago_Pago": "パゴパゴ",
        "Pacific\/Palau": "パラオ",
        "Pacific\/Pitcairn": "ピトケアン諸島",
        "Pacific\/Ponape": "ポンペイ島",
        "Pacific\/Port_Moresby": "ポートモレスビー",
        "Pacific\/Rarotonga": "ラロトンガ",
        "Pacific\/Saipan": "サイパン",
        "Pacific\/Tahiti": "タヒチ",
        "Pacific\/Tarawa": "タラワ",
        "Pacific\/Tongatapu": "トンガタプ",
        "Pacific\/Truk": "チューク",
        "Pacific\/Wake": "ウェーク島",
        "Pacific\/Wallis": "ウォリス諸島"
    }
}
