{
    "Version": "2.1.8.95",
    "Names": {
        "Africa\/Abidjan": "აბიჯანი",
        "Africa\/Accra": "აკრა",
        "Africa\/Addis_Ababa": "ადის-აბება",
        "Africa\/Algiers": "ალჟირი",
        "Africa\/Asmera": "ასმარა",
        "Africa\/Bamako": "ბამაკო",
        "Africa\/Bangui": "ბანგი",
        "Africa\/Banjul": "ბანჯული",
        "Africa\/Bissau": "ბისაუ",
        "Africa\/Blantyre": "ბლანტირი",
        "Africa\/Brazzaville": "ბრაზავილი",
        "Africa\/Bujumbura": "ბუჯუმბურა",
        "Africa\/Cairo": "კაირო",
        "Africa\/Casablanca": "კასაბლანკა",
        "Africa\/Ceuta": "სეუტა",
        "Africa\/Conakry": "კონაკრი",
        "Africa\/Dakar": "დაკარი",
        "Africa\/Dar_es_Salaam": "დარ-ეს-სალამი",
        "Africa\/Djibouti": "ჯიბუტი",
        "Africa\/Douala": "დუალა",
        "Africa\/El_Aaiun": "ელ-ააიუნი",
        "Africa\/Freetown": "ფრიტაუნი",
        "Africa\/Gaborone": "გაბორონე",
        "Africa\/Harare": "ჰარარე",
        "Africa\/Johannesburg": "იოჰანესბურგი",
        "Africa\/Juba": "ჯუბა",
        "Africa\/Kampala": "კამპალა",
        "Africa\/Khartoum": "ხარტუმი",
        "Africa\/Kigali": "კიგალი",
        "Africa\/Kinshasa": "კინშასა",
        "Africa\/Lagos": "ლაგოსი",
        "Africa\/Libreville": "ლიბრევილი",
        "Africa\/Lome": "ლომე",
        "Africa\/Luanda": "ლუანდა",
        "Africa\/Lubumbashi": "ლუბუმბაში",
        "Africa\/Lusaka": "ლუსაკა",
        "Africa\/Malabo": "მალაბო",
        "Africa\/Maputo": "მაპუტო",
        "Africa\/Maseru": "მასერუ",
        "Africa\/Mbabane": "მბაბანე",
        "Africa\/Mogadishu": "მოგადიშუ",
        "Africa\/Monrovia": "მონროვია",
        "Africa\/Nairobi": "ნაირობი",
        "Africa\/Ndjamena": "ნჯამენა",
        "Africa\/Niamey": "ნიამეი",
        "Africa\/Nouakchott": "ნუაკშოტი",
        "Africa\/Ouagadougou": "უაგადუგუ",
        "Africa\/Porto-Novo": "პორტო-ნოვო",
        "Africa\/Sao_Tome": "სენ-ტომე",
        "Africa\/Tripoli": "ტრიპოლი",
        "Africa\/Tunis": "ტუნისი",
        "Africa\/Windhoek": "ვინდხუკი",
        "America\/Adak": "ადაკი",
        "America\/Anchorage": "ენქორაჯი",
        "America\/Anguilla": "ანგილა",
        "America\/Antigua": "ანტიგუა",
        "America\/Araguaina": "არაგუაინა",
        "America\/Argentina\/La_Rioja": "ლა რიოხა",
        "America\/Argentina\/Rio_Gallegos": "რიო გალეგოსი",
        "America\/Argentina\/Salta": "სალტა",
        "America\/Argentina\/San_Juan": "სან ხუანი",
        "America\/Argentina\/San_Luis": "სან-ლუისი",
        "America\/Argentina\/Tucuman": "ტუკუმანი",
        "America\/Argentina\/Ushuaia": "უშუაია",
        "America\/Aruba": "არუბა",
        "America\/Asuncion": "ასუნსიონი",
        "America\/Bahia": "ბაია",
        "America\/Bahia_Banderas": "ბაჰია ბანდერასი",
        "America\/Barbados": "ბარბადოსი",
        "America\/Belem": "ბელემი",
        "America\/Belize": "ბელიზი",
        "America\/Blanc-Sablon": "ბლან-საბლონი",
        "America\/Boa_Vista": "ბოა ვისტა",
        "America\/Bogota": "ბოგოტა",
        "America\/Boise": "ბუასი",
        "America\/Buenos_Aires": "ბუენოს-აირესი",
        "America\/Cambridge_Bay": "კემბრიჯ ბეი",
        "America\/Campo_Grande": "კამპო გრანდე",
        "America\/Cancun": "კანკუნი",
        "America\/Caracas": "კარაკასი",
        "America\/Catamarca": "კატამარკა",
        "America\/Cayenne": "კაიენა",
        "America\/Cayman": "კაიმანი",
        "America\/Chicago": "ჩიკაგო",
        "America\/Chihuahua": "ჩიჰუაჰუა",
        "America\/Coral_Harbour": "ატიკოკანი",
        "America\/Cordoba": "კორდობა",
        "America\/Costa_Rica": "კოსტა-რიკა",
        "America\/Creston": "კრესტონი",
        "America\/Cuiaba": "კუიაბა",
        "America\/Curacao": "კიურასაო",
        "America\/Danmarkshavn": "დენმარკშავნი",
        "America\/Dawson": "დოუსონი",
        "America\/Dawson_Creek": "დოუსონ ქრიკი",
        "America\/Denver": "დენვერი",
        "America\/Detroit": "დეტროიტი",
        "America\/Dominica": "დომინიკა",
        "America\/Edmonton": "ედმონტონი",
        "America\/Eirunepe": "ეირუნეპე",
        "America\/El_Salvador": "სალვადორი",
        "America\/Fortaleza": "ფორტალეზა",
        "America\/Glace_Bay": "გლეის ბეი",
        "America\/Godthab": "გოდთები",
        "America\/Goose_Bay": "გუზ ბეი",
        "America\/Grand_Turk": "გრანდ-ტურკი",
        "America\/Grenada": "გრენადა",
        "America\/Guadeloupe": "გვადელუპე",
        "America\/Guatemala": "გვატემალა",
        "America\/Guayaquil": "გუაიაკილი",
        "America\/Guyana": "გაიანა",
        "America\/Halifax": "ჰალიფაქსი",
        "America\/Havana": "ჰავანა",
        "America\/Hermosillo": "ჰერმოსილო",
        "America\/Indiana\/Knox": "ნოქსი, ინდიანა",
        "America\/Indiana\/Marengo": "მარენგო, ინდიანა",
        "America\/Indiana\/Petersburg": "პიტერსბურგი, ინდიანა",
        "America\/Indiana\/Tell_City": "თელ სითი, ინდიანა",
        "America\/Indiana\/Vevay": "ვივეი, ინდიანა",
        "America\/Indiana\/Vincennes": "ვინსენი, ინდიანა",
        "America\/Indiana\/Winamac": "უინემაკი, ინდიანა",
        "America\/Indianapolis": "ინდიანაპოლისი",
        "America\/Inuvik": "ინუვიკი",
        "America\/Iqaluit": "იქალუიტი",
        "America\/Jamaica": "იამაიკა",
        "America\/Jujuy": "ჯუჯუი",
        "America\/Juneau": "ჯუნო",
        "America\/Kentucky\/Monticello": "მონტიჩელო, კენტუკი",
        "America\/Kralendijk": "კრალენდიიკი",
        "America\/La_Paz": "ლა-პაზი",
        "America\/Lima": "ლიმა",
        "America\/Los_Angeles": "ლოს-ანჯელესი",
        "America\/Louisville": "ლუისვილი",
        "America\/Lower_Princes": "ლოერ პრინც კვორტერი",
        "America\/Maceio": "მასეიო",
        "America\/Managua": "მანაგუა",
        "America\/Manaus": "მანაუსი",
        "America\/Marigot": "მარიგო",
        "America\/Martinique": "მარტინიკი",
        "America\/Matamoros": "მატამოროსი",
        "America\/Mazatlan": "მაზატლანი",
        "America\/Mendoza": "მენდოზა",
        "America\/Menominee": "მენომინი",
        "America\/Merida": "მერიდა",
        "America\/Metlakatla": "მეტლაკატლა",
        "America\/Mexico_City": "მეხიკო",
        "America\/Miquelon": "მიკელონი",
        "America\/Moncton": "მონქტონი",
        "America\/Monterrey": "მონტერეი",
        "America\/Montevideo": "მონტევიდეო",
        "America\/Montserrat": "მონსერატი",
        "America\/Nassau": "ნასაუ",
        "America\/New_York": "ნიუ-იორკი",
        "America\/Nipigon": "ნიპიგონი",
        "America\/Nome": "ნომი",
        "America\/Noronha": "ნორონია",
        "America\/North_Dakota\/Beulah": "ბიულა, ჩრდილოეთი დაკოტა",
        "America\/North_Dakota\/Center": "ცენტრი, ჩრდილოეთი დაკოტა",
        "America\/North_Dakota\/New_Salem": "ნიუ სალემი, ჩრდილოეთი დაკოტა",
        "America\/Ojinaga": "ოხინაგა",
        "America\/Panama": "პანამა",
        "America\/Pangnirtung": "პანგნირტუნგი",
        "America\/Paramaribo": "პარამარიბო",
        "America\/Phoenix": "ფენიქსი",
        "America\/Port-au-Prince": "პორტ-ა-პრინსი",
        "America\/Port_of_Spain": "პორტ-ოვ-სპეინი",
        "America\/Porto_Velho": "პორტუ-ველიო",
        "America\/Puerto_Rico": "პუერტო-რიკო",
        "America\/Rainy_River": "რეინი რივერი",
        "America\/Rankin_Inlet": "რენკინ ინლეტი",
        "America\/Recife": "რეციფე",
        "America\/Regina": "რეჯინა",
        "America\/Resolute": "რეზოლუტე",
        "America\/Rio_Branco": "რიო ბრანკო",
        "America\/Santa_Isabel": "სანტა ისაბელი",
        "America\/Santarem": "სანტარემი",
        "America\/Santiago": "სანტიაგო",
        "America\/Santo_Domingo": "სანტო-დომინგო",
        "America\/Sao_Paulo": "სან-პაულუ",
        "America\/Scoresbysund": "სკორსბისუნდი",
        "America\/Sitka": "სიტკა",
        "America\/St_Barthelemy": "სენ-ბართელემი",
        "America\/St_Johns": "სენტ ჯონსი",
        "America\/St_Kitts": "სენტ-კიტსი",
        "America\/St_Lucia": "სენტ-ლუსია",
        "America\/St_Thomas": "სენ-ტომასი",
        "America\/St_Vincent": "სენ-ვინსენტი",
        "America\/Swift_Current": "სვიფტ კარენტი",
        "America\/Tegucigalpa": "ტეგუჩიგალპა",
        "America\/Thule": "თულე",
        "America\/Thunder_Bay": "თანდერ ბეი",
        "America\/Tijuana": "ტიხუანა",
        "America\/Toronto": "ტორონტო",
        "America\/Tortola": "ტორტოლა",
        "America\/Vancouver": "ვანკუვერი",
        "America\/Whitehorse": "უაითჰორსი",
        "America\/Winnipeg": "უინიპეგი",
        "America\/Yakutat": "იაკუტატი",
        "America\/Yellowknife": "იელოუნაიფი",
        "Antarctica\/Casey": "კეისი",
        "Antarctica\/Davis": "დევისი",
        "Antarctica\/DumontDUrville": "დიუმონ დ’ურვილი",
        "Antarctica\/Macquarie": "მექვორი",
        "Antarctica\/Mawson": "მოუსონი",
        "Antarctica\/McMurdo": "მაკმურდო",
        "Antarctica\/Palmer": "პალმერი",
        "Antarctica\/Rothera": "როთერა",
        "Antarctica\/Syowa": "სიოუა",
        "Antarctica\/Troll": "ტროლი",
        "Antarctica\/Vostok": "ვოსტოკი",
        "Arctic\/Longyearbyen": "ლონგირბიენი",
        "Asia\/Aden": "ადენი",
        "Asia\/Almaty": "ალმატი",
        "Asia\/Amman": "ამანი",
        "Asia\/Anadyr": "ანადირი",
        "Asia\/Aqtau": "აქტაუ",
        "Asia\/Aqtobe": "აქტობე",
        "Asia\/Ashgabat": "აშხაბადი",
        "Asia\/Baghdad": "ბაღდადი",
        "Asia\/Bahrain": "ბაჰრეინი",
        "Asia\/Baku": "ბაქო",
        "Asia\/Bangkok": "ბანგკოკი",
        "Asia\/Beirut": "ბეირუთი",
        "Asia\/Bishkek": "ბიშკეკი",
        "Asia\/Brunei": "ბრუნეი",
        "Asia\/Calcutta": "კალკუტა",
        "Asia\/Choibalsan": "ჩოიბალსანი",
        "Asia\/Chongqing": "ჩონგქინგი",
        "Asia\/Colombo": "კოლომბო",
        "Asia\/Damascus": "დამასკი",
        "Asia\/Dhaka": "დაკა",
        "Asia\/Dili": "დილი",
        "Asia\/Dubai": "დუბაი",
        "Asia\/Dushanbe": "დუშანბე",
        "Asia\/Gaza": "გაზა",
        "Asia\/Harbin": "ჰარბინი",
        "Asia\/Hebron": "ჰებრონი",
        "Asia\/Hong_Kong": "ჰონკონგი",
        "Asia\/Hovd": "ჰოვდი",
        "Asia\/Irkutsk": "ირკუტსკი",
        "Asia\/Jakarta": "ჯაკარტა",
        "Asia\/Jayapura": "ჯაიაპურა",
        "Asia\/Jerusalem": "იერუსალიმი",
        "Asia\/Kabul": "ქაბული",
        "Asia\/Kamchatka": "კამჩატკა",
        "Asia\/Karachi": "კარაჩი",
        "Asia\/Kashgar": "კაშგარი",
        "Asia\/Katmandu": "კატმანდუ",
        "Asia\/Khandyga": "ხანდიგა",
        "Asia\/Krasnoyarsk": "კრასნოიარსკი",
        "Asia\/Kuala_Lumpur": "კუალა-ლუმპური",
        "Asia\/Kuching": "კუჩინგი",
        "Asia\/Kuwait": "ქუვეითი",
        "Asia\/Macau": "მაკაო",
        "Asia\/Magadan": "მაგადანი",
        "Asia\/Makassar": "მაკასარი",
        "Asia\/Manila": "მანილა",
        "Asia\/Muscat": "მუსკატი",
        "Asia\/Nicosia": "ნიკოსია",
        "Asia\/Novokuznetsk": "ნოვოკუზნეცკი",
        "Asia\/Novosibirsk": "ნოვოსიბირსკი",
        "Asia\/Omsk": "ომსკი",
        "Asia\/Oral": "ორალი",
        "Asia\/Phnom_Penh": "პნომპენი",
        "Asia\/Pontianak": "პონტიანაკი",
        "Asia\/Pyongyang": "ფხენიანი",
        "Asia\/Qatar": "კატარი",
        "Asia\/Qyzylorda": "ყიზილორდა",
        "Asia\/Rangoon": "რანგუნი",
        "Asia\/Riyadh": "ერ-რიადი",
        "Asia\/Saigon": "ჰოჩიმინი",
        "Asia\/Sakhalin": "სახალინი",
        "Asia\/Samarkand": "სამარყანდი",
        "Asia\/Seoul": "სეული",
        "Asia\/Shanghai": "შანხაი",
        "Asia\/Singapore": "სინგაპური",
        "Asia\/Taipei": "ტაიპეი",
        "Asia\/Tashkent": "ტაშკენტი",
        "Asia\/Tbilisi": "თბილისი",
        "Asia\/Tehran": "თეირანი",
        "Asia\/Thimphu": "თხიმფხუ",
        "Asia\/Tokyo": "ტოკიო",
        "Asia\/Ulaanbaatar": "ულანბატარი",
        "Asia\/Urumqi": "ურუმქი",
        "Asia\/Ust-Nera": "უსტ-ნერა",
        "Asia\/Vientiane": "ვიენტიანი",
        "Asia\/Vladivostok": "ვლადივოსტოკი",
        "Asia\/Yakutsk": "იაკუტსკი",
        "Asia\/Yekaterinburg": "ეკატერინბურგი",
        "Asia\/Yerevan": "ერევანი",
        "Atlantic\/Azores": "აზორის კუნძულები",
        "Atlantic\/Bermuda": "ბერმუდი",
        "Atlantic\/Canary": "კანარი",
        "Atlantic\/Cape_Verde": "კაბო-ვერდე",
        "Atlantic\/Faeroe": "ფარერის კუნძულები",
        "Atlantic\/Madeira": "მადეირა",
        "Atlantic\/Reykjavik": "რეიკიავიკი",
        "Atlantic\/South_Georgia": "სამხრეთ ჯორჯია",
        "Atlantic\/St_Helena": "წმ. ელენეს კუნძული",
        "Atlantic\/Stanley": "სტენლი",
        "Australia\/Adelaide": "ადელაიდა",
        "Australia\/Brisbane": "ბრისბეინი",
        "Australia\/Broken_Hill": "ბროუკენ ჰილი",
        "Australia\/Currie": "ქური",
        "Australia\/Darwin": "დარვინი",
        "Australia\/Eucla": "ეუკლა",
        "Australia\/Hobart": "ჰობარტი",
        "Australia\/Lindeman": "ლინდმანი",
        "Australia\/Lord_Howe": "ლორდ ჰოუი",
        "Australia\/Melbourne": "მელბურნი",
        "Australia\/Perth": "პერთი",
        "Australia\/Sydney": "სიდნეი",
        "Etc\/Unknown": "უცნობი ქალაქი",
        "Europe\/Amsterdam": "ამსტერდამი",
        "Europe\/Andorra": "ანდორა",
        "Europe\/Athens": "ათენი",
        "Europe\/Belgrade": "ბელგრადი",
        "Europe\/Berlin": "ბერლინი",
        "Europe\/Bratislava": "ბრატისლავა",
        "Europe\/Brussels": "ბრიუსელი",
        "Europe\/Bucharest": "ბუხარესტი",
        "Europe\/Budapest": "ბუდაპეშტი",
        "Europe\/Busingen": "ბუსინგენი",
        "Europe\/Chisinau": "კიშინიოვი",
        "Europe\/Copenhagen": "კოპენჰაგენი",
        "Europe\/Dublin": "დუბლინი",
        "Europe\/Gibraltar": "გიბრალტარი",
        "Europe\/Guernsey": "გერნსი",
        "Europe\/Helsinki": "ჰელსინკი",
        "Europe\/Isle_of_Man": "მენის კუნძული",
        "Europe\/Istanbul": "სტამბოლი",
        "Europe\/Jersey": "ჯერსი",
        "Europe\/Kaliningrad": "კალინინგრადი",
        "Europe\/Kiev": "კიევი",
        "Europe\/Lisbon": "ლისაბონი",
        "Europe\/Ljubljana": "ლიუბლიანა",
        "Europe\/London": "ლონდონი",
        "Europe\/Luxembourg": "ლუქსემბურგი",
        "Europe\/Madrid": "მადრიდი",
        "Europe\/Malta": "მალტა",
        "Europe\/Mariehamn": "მარიჰამნი",
        "Europe\/Minsk": "მინსკი",
        "Europe\/Monaco": "მონაკო",
        "Europe\/Moscow": "მოსკოვი",
        "Europe\/Oslo": "ოსლო",
        "Europe\/Paris": "პარიზი",
        "Europe\/Podgorica": "პოდგორიცა",
        "Europe\/Prague": "პრაღა",
        "Europe\/Riga": "რიგა",
        "Europe\/Rome": "რომი",
        "Europe\/Samara": "სამარა",
        "Europe\/San_Marino": "სან-მარინო",
        "Europe\/Sarajevo": "სარაევო",
        "Europe\/Simferopol": "სიმფეროპოლი",
        "Europe\/Skopje": "სკოპიე",
        "Europe\/Sofia": "სოფია",
        "Europe\/Stockholm": "სტოკჰოლმი",
        "Europe\/Tallinn": "ტალინი",
        "Europe\/Tirane": "ტირანა",
        "Europe\/Uzhgorod": "უჟგოროდი",
        "Europe\/Vaduz": "ვადუზი",
        "Europe\/Vatican": "ვატიკანი",
        "Europe\/Vienna": "ვენა",
        "Europe\/Vilnius": "ვილნიუსი",
        "Europe\/Volgograd": "ვოლგოგრადი",
        "Europe\/Warsaw": "ვარშავა",
        "Europe\/Zagreb": "ზაგრები",
        "Europe\/Zaporozhye": "ზაპოროჟიე",
        "Europe\/Zurich": "ციურიხი",
        "Indian\/Antananarivo": "ანტანანარივუ",
        "Indian\/Chagos": "ჩაგოსი",
        "Indian\/Christmas": "შობის კუნძული",
        "Indian\/Cocos": "ქოქოსი",
        "Indian\/Comoro": "კომორო",
        "Indian\/Kerguelen": "კერგელენი",
        "Indian\/Mahe": "მაჰე",
        "Indian\/Maldives": "მალდივები",
        "Indian\/Mauritius": "მავრიკი",
        "Indian\/Mayotte": "მაიოტი",
        "Indian\/Reunion": "რეიუნიონი",
        "Pacific\/Apia": "აპია",
        "Pacific\/Auckland": "ოკლენდი",
        "Pacific\/Chatham": "ჩათამი",
        "Pacific\/Easter": "ისთერი",
        "Pacific\/Efate": "ეფატე",
        "Pacific\/Enderbury": "ენდერბური",
        "Pacific\/Fakaofo": "ფაკაოფო",
        "Pacific\/Fiji": "ფიჯი",
        "Pacific\/Funafuti": "ფუნაფუტი",
        "Pacific\/Galapagos": "გალაპაგოსი",
        "Pacific\/Gambier": "გამბიერი",
        "Pacific\/Guadalcanal": "გვადალკანალი",
        "Pacific\/Guam": "გუამი",
        "Pacific\/Honolulu": "ჰონოლულუ",
        "Pacific\/Johnston": "ჯონსტონი",
        "Pacific\/Kiritimati": "კირიტიმატი",
        "Pacific\/Kosrae": "კოსრაე",
        "Pacific\/Kwajalein": "კვაჯალეინი",
        "Pacific\/Majuro": "მახურო",
        "Pacific\/Marquesas": "მარკეზასი",
        "Pacific\/Midway": "მიდუეი",
        "Pacific\/Nauru": "ნაურუ",
        "Pacific\/Niue": "ნიუე",
        "Pacific\/Norfolk": "ნორფოლკი",
        "Pacific\/Noumea": "ნუმეა",
        "Pacific\/Pago_Pago": "პაგო-პაგო",
        "Pacific\/Palau": "პალაუ",
        "Pacific\/Pitcairn": "პიტკერნი",
        "Pacific\/Ponape": "პონპეი",
        "Pacific\/Port_Moresby": "პორტ მორსბი",
        "Pacific\/Rarotonga": "რაროტონგა",
        "Pacific\/Saipan": "საიპანი",
        "Pacific\/Tahiti": "ტაიტი",
        "Pacific\/Tarawa": "ტარაუა",
        "Pacific\/Tongatapu": "ტონგატაპუ",
        "Pacific\/Truk": "ჩუუკი",
        "Pacific\/Wake": "უეიკი",
        "Pacific\/Wallis": "ვალისი"
    }
}
