{
    "Version": "2.1.8.9",
    "Names": {
        "Africa\/Abidjan": "អាប៊ីដ្យាន",
        "Africa\/Accra": "អាក្រា",
        "Africa\/Addis_Ababa": "អាឌីសអាបេបា",
        "Africa\/Algiers": "អាល់ហ្សេ",
        "Africa\/Asmera": "អាស្មារ៉ា",
        "Africa\/Bamako": "បាម៉ាកូ",
        "Africa\/Bangui": "បង់ហ្គី",
        "Africa\/Banjul": "បង់ហ្ស៊ុល",
        "Africa\/Bissau": "ប៊ីស្សូ",
        "Africa\/Blantyre": "ប្លាំងទីរ៉េ",
        "Africa\/Brazzaville": "ប្រាស្ហាវីល",
        "Africa\/Bujumbura": "ប៊ូយ៉ាំប៊ូរ៉ា",
        "Africa\/Cairo": "គែរ",
        "Africa\/Casablanca": "កាសាប្លាំងកា",
        "Africa\/Ceuta": "ឈៀតា",
        "Africa\/Conakry": "កូណាគ្រី",
        "Africa\/Dakar": "ដាកា",
        "Africa\/Dar_es_Salaam": "ដាអ៊ីសាឡាំ",
        "Africa\/Djibouti": "ជីប៊ូទី",
        "Africa\/Douala": "ឌូអ៊ូឡា",
        "Africa\/El_Aaiun": "អែល​អ៊ុយញៀន",
        "Africa\/Freetown": "ហ្វ្រីថោន",
        "Africa\/Gaborone": "ហ្គាបូរ៉ូន",
        "Africa\/Harare": "ហារ៉ារ៉េ",
        "Africa\/Johannesburg": "ជូហានណេប៊ឺហ្គ",
        "Africa\/Juba": "ជូបា",
        "Africa\/Kampala": "កំប៉ាឡា",
        "Africa\/Khartoum": "ខាទុំ",
        "Africa\/Kigali": "គីហ្គាលី",
        "Africa\/Kinshasa": "គីនស្ហាសា",
        "Africa\/Lagos": "ឡាហ្គូស",
        "Africa\/Libreville": "លីប្រីវីល",
        "Africa\/Lome": "ឡូម៉េ",
        "Africa\/Luanda": "លូអង់ដា",
        "Africa\/Lubumbashi": "លូប៊ុមបាស៊ី",
        "Africa\/Lusaka": "លូសាកា",
        "Africa\/Malabo": "ម៉ាឡាបូ",
        "Africa\/Maputo": "ម៉ាពុយតូ",
        "Africa\/Maseru": "ម៉ាសេរុយ",
        "Africa\/Mbabane": "បាបាន",
        "Africa\/Mogadishu": "ម៉ូហ្គាឌីស្យូ",
        "Africa\/Monrovia": "ម៉ុងរ៉ូវីយ៉ា",
        "Africa\/Nairobi": "ណៃរ៉ូប៊ី",
        "Africa\/Ndjamena": "ដ្យាមេណា",
        "Africa\/Niamey": "នីញ៉ាម៉េ",
        "Africa\/Nouakchott": "ណួកសុត",
        "Africa\/Ouagadougou": "អៅហ្គាឌូហ្គូ",
        "Africa\/Porto-Novo": "ព័រតូណូវ៉ូ",
        "Africa\/Sao_Tome": "សៅតុំ",
        "Africa\/Tripoli": "ទ្រីប៉ូលី",
        "Africa\/Tunis": "ទុយនីស",
        "Africa\/Windhoek": "វីនដុក",
        "America\/Adak": "អាដាក",
        "America\/Anchorage": "អង់ចូរ៉ាក",
        "America\/Anguilla": "អង់ហ្គីឡា",
        "America\/Antigua": "អង់ទីហ្គា",
        "America\/Araguaina": "អារ៉ាហ្គុយណា",
        "America\/Argentina\/La_Rioja": "ឡារ៉យ៉ា",
        "America\/Argentina\/Rio_Gallegos": "រ៉យហ្គាឡេហ្គូស",
        "America\/Argentina\/Salta": "សាល់តា",
        "America\/Argentina\/San_Juan": "សាំងហ្សង់",
        "America\/Argentina\/San_Luis": "សានលូអ៊ីស",
        "America\/Argentina\/Tucuman": "ទូគូម៉ង់",
        "America\/Argentina\/Ushuaia": "អ៊ុយសូអៃ",
        "America\/Aruba": "អារ៉ូបា",
        "America\/Asuncion": "អាសង់ស្យុង",
        "America\/Bahia": "បាហៀ",
        "America\/Bahia_Banderas": "បាហៀបង់ដេរ៉ាស",
        "America\/Barbados": "បាបាដុស",
        "America\/Belem": "បេឡឹម",
        "America\/Belize": "បេលី",
        "America\/Blanc-Sablon": "ប្លង់​សាប់ឡុង",
        "America\/Boa_Vista": "បៅ​វីស្តា",
        "America\/Bogota": "បូហ្គោតា",
        "America\/Boise": "ប៊ូអ៊ីសេ",
        "America\/Buenos_Aires": "ប៊ុយណូស៊ែ",
        "America\/Cambridge_Bay": "ខេមប្រីដបេ",
        "America\/Campo_Grande": "ខេមបូហ្គ្រានឌី",
        "America\/Cancun": "ខានខុន",
        "America\/Caracas": "ការ៉ាកាស",
        "America\/Catamarca": "កាតាម៉ាកា",
        "America\/Cayenne": "ហ្គៃយ៉ាណេ",
        "America\/Cayman": "កៃមែន",
        "America\/Chicago": "ស៊ីកាកូ",
        "America\/Chihuahua": "ជីហួហួ",
        "America\/Coral_Harbour": "អាទីកូកាន",
        "America\/Cordoba": "កូដូបា",
        "America\/Costa_Rica": "កូស្តារីកា",
        "America\/Creston": "ក្រេស្តុន",
        "America\/Cuiaba": "គុយអាបា",
        "America\/Curacao": "កូរ៉ាកៅ",
        "America\/Danmarkshavn": "ដែនម៉ាក់ស្ហាវិន",
        "America\/Dawson": "ដាវសុន",
        "America\/Dawson_Creek": "ដាវសុន​ក្រិក",
        "America\/Denver": "ដែនវើ",
        "America\/Detroit": "ដេត្រូអ៊ីត",
        "America\/Dominica": "ដូមីនីក",
        "America\/Edmonton": "អែតម៉ុងតុង",
        "America\/Eirunepe": "អ៊ីរ៉ុយណេភី",
        "America\/El_Salvador": "អែលសាល់វ៉ាឌ័រ",
        "America\/Fortaleza": "ហ្វ័រតាឡេហ្សារ",
        "America\/Glace_Bay": "ក្លាស​បេ",
        "America\/Godthab": "ហ្កូដតាអាប",
        "America\/Goose_Bay": "កូសេបេ",
        "America\/Grand_Turk": "ហ្គ្រេន​ទូក",
        "America\/Grenada": "ហ្គ្រើណាដ",
        "America\/Guadeloupe": "ហ្គោដេលូប៉េ",
        "America\/Guatemala": "ក្វាតេម៉ាឡា",
        "America\/Guayaquil": "ហ្គុយ៉ាហ្គីល",
        "America\/Guyana": "ហ្គីយ៉ាន",
        "America\/Halifax": "ហាលីហ្វាក",
        "America\/Havana": "ឡាហាវ៉ាន",
        "America\/Hermosillo": "ហ៊ែម៉ូស៊ីឡូ",
        "America\/Indiana\/Knox": "ណុក ឥណ្ឌា",
        "America\/Indiana\/Marengo": "ម៉ារេនកូ ឥណ្ឌា",
        "America\/Indiana\/Petersburg": "ភីធើ​ប៊ឹក ឥណ្ឌា",
        "America\/Indiana\/Tell_City": "ថែល​ស៊ីធី ឥណ្ឌា",
        "America\/Indiana\/Vevay": "វេវ៉ៃ ឥណ្ឌា",
        "America\/Indiana\/Vincennes": "វិនសេណេស ឥណ្ឌា",
        "America\/Indiana\/Winamac": "វីណាម៉ាក់ ឥណ្ឌា",
        "America\/Indianapolis": "ឥណ្ឌាណាប៉ូលីស",
        "America\/Inuvik": "អ៊ីនូវីក",
        "America\/Iqaluit": "អ៊ីកាឡូអ៊ីត",
        "America\/Jamaica": "ហ្សាម៉ាអ៊ីក",
        "America\/Jujuy": "សូសុយ",
        "America\/Juneau": "ហ្យូនៀ",
        "America\/Kentucky\/Monticello": "ម៉ងទីសេឡូ កេនទូគី",
        "America\/Kralendijk": "ក្រាលែនឌីក",
        "America\/La_Paz": "ឡាប៉ាស",
        "America\/Lima": "លីម៉ា",
        "America\/Los_Angeles": "ឡូអង់ហ្គិឡេស",
        "America\/Louisville": "លូអ៊ីវីល",
        "America\/Lower_Princes": "ឡូវើ​ព្រីន​ហ្គ័រទ័រ",
        "America\/Maceio": "ម៉ាកសេអូ",
        "America\/Managua": "ម៉ាណាហ្គា",
        "America\/Manaus": "ម៉ាណាអ៊ូស",
        "America\/Marigot": "ម៉ារីហ្គុត",
        "America\/Martinique": "ម៉ាទីនីហ្គី",
        "America\/Matamoros": "ម៉ាតាម៉ូរ៉ូស",
        "America\/Mazatlan": "ម៉ាហ្សាតឡង់",
        "America\/Mendoza": "ម៉ែនឌូហ្សា",
        "America\/Menominee": "ម៉េណូមីនី",
        "America\/Merida": "ម៉េរីដា",
        "America\/Metlakatla": "មេត្លា ឃែតឡា",
        "America\/Mexico_City": "ម៉ិកស៊ីកូ​ស៊ីធី",
        "America\/Miquelon": "មីហ្គីឡុង",
        "America\/Moncton": "ម៉ុងតុន",
        "America\/Monterrey": "ម៉ុនតេរ៉េ",
        "America\/Montevideo": "ម៉ុងតេវីដេអូ",
        "America\/Montserrat": "ម៉ុងស៊ែរ៉ា",
        "America\/Nassau": "ណាស្សូ",
        "America\/New_York": "ញូយ៉ក",
        "America\/Nipigon": "នីពីកុន",
        "America\/Nome": "ណូម",
        "America\/Noronha": "ណូរ៉ុនហា",
        "America\/North_Dakota\/Beulah": "ប៊ឺឡា ដាកូតា​ខាង​ត្បូង",
        "America\/North_Dakota\/Center": "សីនធឺ ដាកូតា​ខាង​ជើង",
        "America\/North_Dakota\/New_Salem": "ញូ​សាឡឹម ដាកូតា​ខាង​ជើង",
        "America\/Ojinaga": "អូជីណាហ្កា",
        "America\/Panama": "ប៉ាណាម៉ា",
        "America\/Pangnirtung": "ប៉ាងនីទុង",
        "America\/Paramaribo": "ប៉ារ៉ាម៉ារីបូ",
        "America\/Phoenix": "ផូនីក",
        "America\/Port-au-Prince": "ព័រអូប៉្រប៉ាំង",
        "America\/Port_of_Spain": "ព័រអេស្ប៉ាញ",
        "America\/Porto_Velho": "ព័រតូ​វិលហូ",
        "America\/Puerto_Rico": "ព័រតូរីកូ",
        "America\/Rainy_River": "រ៉េនីរីវើ",
        "America\/Rankin_Inlet": "រ៉ាន់ឃីន​អ៊ីនឡិត",
        "America\/Recife": "រ៉េស៊ីហ្វី",
        "America\/Regina": "រ៉េកីណា",
        "America\/Resolute": "រ៉េ​ស៊ូឡូត",
        "America\/Rio_Branco": "រ៉ៃអូប្រានកូ",
        "America\/Santa_Isabel": "សាន់តាអ៊ីសាប៊ែល",
        "America\/Santarem": "សាន់តារឹម",
        "America\/Santiago": "សាន់ត្យាហ្គោ",
        "America\/Santo_Domingo": "សាន់ដូម៉ាំង",
        "America\/Sao_Paulo": "សៅ​ប៉ូឡូ",
        "America\/Scoresbysund": "ស្ករ៉េប៊ីសាន់",
        "America\/Sitka": "ស៊ីតកា",
        "America\/St_Barthelemy": "សាំង​បាធីលីម៉ី",
        "America\/St_Johns": "សាំង​ចន",
        "America\/St_Kitts": "សាំង​ឃីត",
        "America\/St_Lucia": "សាំង​លូសៀ",
        "America\/St_Thomas": "សាំង​តូម៉ាស់",
        "America\/St_Vincent": "សាំង​វីនសេន",
        "America\/Swift_Current": "ស្វីត​ខឺរិន",
        "America\/Tegucigalpa": "តេហ្គូស៊ីហ្គាល់ប៉ា",
        "America\/Thule": "ធុឡេ",
        "America\/Thunder_Bay": "សាន់ដឺ​បេ",
        "America\/Tijuana": "ទីយ្យូអាណា",
        "America\/Toronto": "តូរ៉ុនតូ",
        "America\/Tortola": "តូតូឡា",
        "America\/Vancouver": "វ៉ាន់កូវើ",
        "America\/Whitehorse": "វាយហស",
        "America\/Winnipeg": "វីនីភិក",
        "America\/Yakutat": "យ៉ាគូតាត",
        "America\/Yellowknife": "យេឡូណៃ",
        "Antarctica\/Casey": "កាសី",
        "Antarctica\/Davis": "ដាវីស",
        "Antarctica\/DumontDUrville": "ឌុយម៉ុងដឺអ៊ុយវីល",
        "Antarctica\/Macquarie": "ម៉ាកខ្វារី",
        "Antarctica\/Mawson": "ម៉ៅសាន់",
        "Antarctica\/McMurdo": "ម៉ាក់មុយដូ",
        "Antarctica\/Palmer": "ផាល់ម័រ",
        "Antarctica\/Rothera": "រ៉ូធីរ៉ា",
        "Antarctica\/Syowa": "ស៊ីយ៉ូវ៉ា",
        "Antarctica\/Troll": "Troll",
        "Antarctica\/Vostok": "វ៉ូស្តុក",
        "Arctic\/Longyearbyen": "ឡុង​យ៉ា​ប៊ីយេន",
        "Asia\/Aden": "អាដែន",
        "Asia\/Almaty": "អាល់ម៉ាទី",
        "Asia\/Amman": "អាម៉ាន់",
        "Asia\/Anadyr": "អាណាឌី",
        "Asia\/Aqtau": "អាកទូ",
        "Asia\/Aqtobe": "អាកទូប៊ី",
        "Asia\/Ashgabat": "អាសហ្គាបាត",
        "Asia\/Baghdad": "បាកដាដ",
        "Asia\/Bahrain": "បារ៉ែន",
        "Asia\/Baku": "បាគូ",
        "Asia\/Bangkok": "បាងកក",
        "Asia\/Beirut": "បេរូត",
        "Asia\/Bishkek": "ប៊ីស្កេក",
        "Asia\/Brunei": "ប្រុយណេ",
        "Asia\/Calcutta": "កុលកាតា",
        "Asia\/Choibalsan": "ឈូបាល់សាន",
        "Asia\/Chongqing": "ឆុងហ្គីង",
        "Asia\/Colombo": "កូឡុំបូ",
        "Asia\/Damascus": "ដាម៉ាស",
        "Asia\/Dhaka": "ដាក្កា",
        "Asia\/Dili": "ដេលី",
        "Asia\/Dubai": "ឌុយបៃ",
        "Asia\/Dushanbe": "ឌូស្ហាន់បេ",
        "Asia\/Gaza": "កាសា",
        "Asia\/Harbin": "ហាប៊ីន",
        "Asia\/Hebron": "ហេវ័ន",
        "Asia\/Hong_Kong": "ហុងកុង",
        "Asia\/Hovd": "ហ",
        "Asia\/Irkutsk": "អ៊ីឃឺត",
        "Asia\/Jakarta": "ហ្សាការតា",
        "Asia\/Jayapura": "យ៉ាវ៉ាភូរ៉ា",
        "Asia\/Jerusalem": "ហ្ស៊េរុយសាឡិម",
        "Asia\/Kabul": "កាប៊ុល",
        "Asia\/Kamchatka": "កាំឆាតកា",
        "Asia\/Karachi": "ការ៉ាជី",
        "Asia\/Kashgar": "កាសហ្គារ",
        "Asia\/Katmandu": "កដ្ឋមណ្ឌូ",
        "Asia\/Khandyga": "ខាន់ឌីហ្គា",
        "Asia\/Krasnoyarsk": "ក្រាសនុយ៉ាក",
        "Asia\/Kuala_Lumpur": "គូឡាឡាំពួ",
        "Asia\/Kuching": "ឃឺតចីង",
        "Asia\/Kuwait": "កូវ៉ែត",
        "Asia\/Macau": "ម៉ាកាវ",
        "Asia\/Magadan": "ម៉ាហ្គាដាន",
        "Asia\/Makassar": "ម៉ាកាសសារ",
        "Asia\/Manila": "ម៉ានីល",
        "Asia\/Muscat": "ម៉ាស្កាត",
        "Asia\/Nicosia": "នីកូស៊ី",
        "Asia\/Novokuznetsk": "ណូវ៉ូឃូសណេត",
        "Asia\/Novosibirsk": "ណូវ៉ូស៊ីប៊ឺក",
        "Asia\/Omsk": "អ៊ូម",
        "Asia\/Oral": "អូរ៉ាល់",
        "Asia\/Phnom_Penh": "ភ្នំពេញ",
        "Asia\/Pontianak": "ប៉ុនទីអាណាក់",
        "Asia\/Pyongyang": "ព្យុងយ៉ាង",
        "Asia\/Qatar": "កាតា",
        "Asia\/Qyzylorda": "កីស៊ីឡូដា",
        "Asia\/Rangoon": "រ៉ង់ហ្គូន",
        "Asia\/Riyadh": "រីយ៉ាដ",
        "Asia\/Saigon": "ហូជីមីញ",
        "Asia\/Sakhalin": "សាខាលីន",
        "Asia\/Samarkand": "សាម៉ាកាន់",
        "Asia\/Seoul": "សេអ៊ូល",
        "Asia\/Shanghai": "សៀងហៃ",
        "Asia\/Singapore": "សិង្ហបូរី",
        "Asia\/Taipei": "តៃប៉ិ",
        "Asia\/Tashkent": "តាស្កិន",
        "Asia\/Tbilisi": "ប៊ីលីស៊ី",
        "Asia\/Tehran": "តេហេរ៉ង់",
        "Asia\/Thimphu": "ធីមភូ",
        "Asia\/Tokyo": "តូក្យូ",
        "Asia\/Ulaanbaatar": "អ៊ូឡង់បាទ័រ",
        "Asia\/Urumqi": "អ៊ូរាំហ្គី",
        "Asia\/Ust-Nera": "អ៊ូសណេរ៉ា",
        "Asia\/Vientiane": "វៀងចន្ទន៍",
        "Asia\/Vladivostok": "វ័រលាដីវ៉ូស្តុក",
        "Asia\/Yakutsk": "យ៉ាកូត",
        "Asia\/Yekaterinburg": "យ៉េកាធឺរិនប៊ើក",
        "Asia\/Yerevan": "យ៉េរ៉េវ៉ាន់",
        "Atlantic\/Azores": "អាសូរ៉េស",
        "Atlantic\/Bermuda": "ប៉ឺមុយដា",
        "Atlantic\/Canary": "កាណារី",
        "Atlantic\/Cape_Verde": "កាប់វែរ",
        "Atlantic\/Faeroe": "ហ្វារ៉ូ",
        "Atlantic\/Madeira": "ម៉ាដៀរ៉ា",
        "Atlantic\/Reykjavik": "រីក្យាវីក",
        "Atlantic\/South_Georgia": "ហ្សកហ្ស៊ី​ខាង​ត្បូង",
        "Atlantic\/St_Helena": "សាំងហេឡេណា",
        "Atlantic\/Stanley": "ស្តង់លី",
        "Australia\/Adelaide": "អាឌីឡៃ",
        "Australia\/Brisbane": "ប្រីសបាណេ",
        "Australia\/Broken_Hill": "ប្រូកខិនហីល",
        "Australia\/Currie": "ខូរៀ",
        "Australia\/Darwin": "ដាវីន",
        "Australia\/Eucla": "អ៊ុយក្លា",
        "Australia\/Hobart": "ហូបាត",
        "Australia\/Lindeman": "លីនឌីម៉ែន",
        "Australia\/Lord_Howe": "ឡតហូវ៉េ",
        "Australia\/Melbourne": "ម៉ែលប៊ើន",
        "Australia\/Perth": "ភឺធ",
        "Australia\/Sydney": "ស៊ីតនី",
        "Etc\/Unknown": "ទីក្រុង​មិនស្គាល់",
        "Europe\/Amsterdam": "អាំស្ទែដាំ",
        "Europe\/Andorra": "អង់ដូរ៉ា",
        "Europe\/Athens": "អាថែន",
        "Europe\/Belgrade": "បែលក្រាដ",
        "Europe\/Berlin": "បែរឡាំង",
        "Europe\/Bratislava": "ប្រាទីសឡាវ៉ា",
        "Europe\/Brussels": "ព្រុចសែល",
        "Europe\/Bucharest": "ប៊ុយការ៉េស",
        "Europe\/Budapest": "ប៊ុយដាប៉ែស",
        "Europe\/Busingen": "ប៊ូស៊ីងហ្គែន",
        "Europe\/Chisinau": "ជីស៊ីណូ",
        "Europe\/Copenhagen": "កូប៉ិនហាក",
        "Europe\/Dublin": "ឌុយប្លាំង",
        "Europe\/Gibraltar": "ហ្ស៊ីប្រាល់តា",
        "Europe\/Guernsey": "ហ្គេនស៊ី",
        "Europe\/Helsinki": "ហែលស៊ិងគី",
        "Europe\/Isle_of_Man": "អែលអុហ្វម៉ែន",
        "Europe\/Istanbul": "អ៊ីស្តង់ប៊ុល",
        "Europe\/Jersey": "ជេស៊ី",
        "Europe\/Kaliningrad": "កាលីនីងហ្រ្គាដ",
        "Europe\/Kiev": "កៀវ",
        "Europe\/Lisbon": "លីសបោន",
        "Europe\/Ljubljana": "ជូបហ្សាណា",
        "Europe\/London": "ឡុងដ៍",
        "Europe\/Luxembourg": "លុចសំបួ",
        "Europe\/Madrid": "ម៉ាឌ្រីដ",
        "Europe\/Malta": "ម៉ាល់តា",
        "Europe\/Mariehamn": "ម៉ារៀហាំ",
        "Europe\/Minsk": "មីនស្កិ៍",
        "Europe\/Monaco": "ម៉ូណាកូ",
        "Europe\/Moscow": "មូស្គូ",
        "Europe\/Oslo": "អូស្លូ",
        "Europe\/Paris": "ប៉ារីស",
        "Europe\/Podgorica": "ប៉ូដហ្គោរីកា",
        "Europe\/Prague": "ប្រាក",
        "Europe\/Riga": "រីហ្គា",
        "Europe\/Rome": "រ៉ូម",
        "Europe\/Samara": "សាម៉ារ៉ា",
        "Europe\/San_Marino": "សាំងម៉ារ៉ាំង",
        "Europe\/Sarajevo": "សារ៉ាយ៉េវ៉ូ",
        "Europe\/Simferopol": "ស៊ីមហ្វើរ៉ុប៉ូល",
        "Europe\/Skopje": "ស្កុបជេ",
        "Europe\/Sofia": "សូហ៊្វីយ៉ា",
        "Europe\/Stockholm": "ស្តុកខុល",
        "Europe\/Tallinn": "តាលិន",
        "Europe\/Tirane": "ទីរ៉ាណេ",
        "Europe\/Uzhgorod": "អ៊ុយហ្គោរ៉ូដ",
        "Europe\/Vaduz": "វ៉ាឌូស",
        "Europe\/Vatican": "បុរីវ៉ាទីកង់",
        "Europe\/Vienna": "វីយែន",
        "Europe\/Vilnius": "វីលនីញូស",
        "Europe\/Volgograd": "វ៉ុលហ្គោហ្គ្រាដ",
        "Europe\/Warsaw": "វ៉ាសូវី",
        "Europe\/Zagreb": "សាគ្រែប",
        "Europe\/Zaporozhye": "ហ្សាប៉ូរ៉ូហ្ស៊ីយ៉េ",
        "Europe\/Zurich": "សូរីច",
        "Indian\/Antananarivo": "អង់តាណាណារីវ",
        "Indian\/Chagos": "កាហ្គោ",
        "Indian\/Christmas": "គ្រីស្មាស",
        "Indian\/Cocos": "កូកូស",
        "Indian\/Comoro": "កូម័រ",
        "Indian\/Kerguelen": "ឃឺហ្គុយឡែន",
        "Indian\/Mahe": "ម៉ាហេ",
        "Indian\/Maldives": "ម៉ាល់ឌីវ",
        "Indian\/Mauritius": "ម៉ូរីស",
        "Indian\/Mayotte": "ម៉ាយុត",
        "Indian\/Reunion": "រេអ៊ុយ៉ុង",
        "Pacific\/Apia": "អាពី",
        "Pacific\/Auckland": "អាអ៊ុកឡែន",
        "Pacific\/Chatham": "ចាថាំ",
        "Pacific\/Easter": "អ៊ីស្ទ័រ",
        "Pacific\/Efate": "អ៊ីហ្វាតេ",
        "Pacific\/Enderbury": "អ៊ីនដឺប៊ូរី",
        "Pacific\/Fakaofo": "ហ្វាកៅហ្វូ",
        "Pacific\/Fiji": "ហ្វីជី",
        "Pacific\/Funafuti": "ហ្វូណាហ្វូទី",
        "Pacific\/Galapagos": "ហ្គាឡាប៉ាហ្គោស",
        "Pacific\/Gambier": "ហ្គាំបៀ",
        "Pacific\/Guadalcanal": "ហ្គាដាល់ខាណាល់",
        "Pacific\/Guam": "ហ្គាំ",
        "Pacific\/Honolulu": "ហូណូលូលូ",
        "Pacific\/Johnston": "ចនស្តុន",
        "Pacific\/Kiritimati": "គីរីទីម៉ាទី",
        "Pacific\/Kosrae": "កូស្រាអ៊ី",
        "Pacific\/Kwajalein": "ក្វាហ្សាលៀន",
        "Pacific\/Majuro": "ម៉ាហ្សូរ៉ូ",
        "Pacific\/Marquesas": "ម៉ាហ្គីសាស",
        "Pacific\/Midway": "មីតវ៉េ",
        "Pacific\/Nauru": "ណៅរ៉ូ",
        "Pacific\/Niue": "នុយ",
        "Pacific\/Norfolk": "ណ័រហ្វុក",
        "Pacific\/Noumea": "ណូមៀ",
        "Pacific\/Pago_Pago": "ប៉ាហ្គោ ប៉ាហ្គោ",
        "Pacific\/Palau": "ប៉ាឡៅ",
        "Pacific\/Pitcairn": "ភីតខៃរ៉ិន",
        "Pacific\/Ponape": "ផុនប៉ី",
        "Pacific\/Port_Moresby": "ព័រម៉ូរេសប៊ី",
        "Pacific\/Rarotonga": "រ៉ារ៉ូតុងហ្គា",
        "Pacific\/Saipan": "សៃប៉ាន",
        "Pacific\/Tahiti": "តាហីទី",
        "Pacific\/Tarawa": "តារ៉ាវ៉ា",
        "Pacific\/Tongatapu": "តុងហ្គាតាពូ",
        "Pacific\/Truk": "ឈូអុក",
        "Pacific\/Wake": "វ៉ាគី",
        "Pacific\/Wallis": "វ៉ាលីស"
    }
}
