{
    "Version": "2.1.8.9",
    "Names": {
        "Africa\/Abidjan": "ಅಬಿದ್‌ಜನ್",
        "Africa\/Accra": "ಅಕ್ರಾ",
        "Africa\/Addis_Ababa": "ಆಡಿಸ್ ಅಬಾಬಾ",
        "Africa\/Algiers": "ಅಲ್ಗೀರ್ಸ್",
        "Africa\/Asmera": "ಅಸ್ಮಾರಾ",
        "Africa\/Bamako": "ಬಮಾಕೊ",
        "Africa\/Bangui": "ಬಾಂಗಿ",
        "Africa\/Banjul": "ಬಂಜುಲ್",
        "Africa\/Bissau": "ಬಿಸ್ಸಾವ್",
        "Africa\/Blantyre": "ಬ್ಲ್ಯಾಂಟೈರ್",
        "Africa\/Brazzaville": "ಬ್ರೆಜಾವೀಲ್",
        "Africa\/Bujumbura": "ಬುಜುಂಬುರಾ",
        "Africa\/Cairo": "ಕೈರೋ",
        "Africa\/Casablanca": "ಕ್ಯಾಸಾಬ್ಲಾಂಕಾ",
        "Africa\/Ceuta": "ಸೆಯುಟಾ",
        "Africa\/Conakry": "ಕೊನಾಕ್ರಿ",
        "Africa\/Dakar": "ಡಾಕರ್",
        "Africa\/Dar_es_Salaam": "ಡಾರ್ ಎಸ್ ಸಲಾಮ್",
        "Africa\/Djibouti": "ಡಿಬೌಟಿ",
        "Africa\/Douala": "ದೌಲಾ",
        "Africa\/El_Aaiun": "ಎಲ್ ಔನ್",
        "Africa\/Freetown": "ಫ್ರೀಟೌನ್",
        "Africa\/Gaborone": "ಗ್ಯಾಬರೋನೆ",
        "Africa\/Harare": "ಹರಾರೆ",
        "Africa\/Johannesburg": "ಜೋಹನ್ಸ್‌ಬರ್ಗ್",
        "Africa\/Juba": "ಜುಬಾ",
        "Africa\/Kampala": "ಕಂಪಾಲಾ",
        "Africa\/Khartoum": "ಖರ್ಟೋಮ್",
        "Africa\/Kigali": "ಕಿಗಾಲಿ",
        "Africa\/Kinshasa": "ಕಿನ್ಷಾಸಾ",
        "Africa\/Lagos": "ಲಾಗೋಸ್",
        "Africa\/Libreville": "ಲಿಬ್ರೆವೀಲ್",
        "Africa\/Lome": "ಲೋಮ್",
        "Africa\/Luanda": "ಲುವಾಂಡಾ",
        "Africa\/Lubumbashi": "ಲುಬುಂಬಾಶಿ",
        "Africa\/Lusaka": "ಲುಸಾಕಾ",
        "Africa\/Malabo": "ಮಲಾಬೋ",
        "Africa\/Maputo": "ಮ್ಯಾಪುಟೊ",
        "Africa\/Maseru": "ಮಸೇರು",
        "Africa\/Mbabane": "ಅಂಬಬಾನೆ",
        "Africa\/Mogadishu": "ಮೊಗಾದಿಶು",
        "Africa\/Monrovia": "ಮೊನ್ರೋವಿಯಾ",
        "Africa\/Nairobi": "ನೈರೋಬಿ",
        "Africa\/Ndjamena": "ಡ್ಜಮೇನಾ",
        "Africa\/Niamey": "ನಿಯಾಮೆ",
        "Africa\/Nouakchott": "ನೌಕ್‌ಚೋಟ್ಟ್",
        "Africa\/Ouagadougou": "ಔಗಾಡೋಗು",
        "Africa\/Porto-Novo": "ಪೋರ್ಟೋ-ನೋವೋ",
        "Africa\/Sao_Tome": "ಸಾವ್ ಟೊಮಿ",
        "Africa\/Tripoli": "ಟ್ರೈಪೋಲಿ",
        "Africa\/Tunis": "ಟುನೀಸ್",
        "Africa\/Windhoek": "ವಿಂಡ್ಹೋಕ್",
        "America\/Adak": "ಅಡಕ್‌‌",
        "America\/Anchorage": "ಆಂಕರೋಜ್",
        "America\/Anguilla": "ಅಂಗುಲ್ಲಾ",
        "America\/Antigua": "ಆಂಟಿಗುವಾ",
        "America\/Araguaina": "ಅರಾಗುಯಾನಾ",
        "America\/Argentina\/La_Rioja": "ಲಾ ರಿಯೋಜಾ",
        "America\/Argentina\/Rio_Gallegos": "ರಿಯೋ ಗಯೇಗೋ",
        "America\/Argentina\/Salta": "ಸಾಲ್ಟಾ",
        "America\/Argentina\/San_Juan": "ಸ್ಯಾನ್ ಜುವಾನ್",
        "America\/Argentina\/San_Luis": "ಸ್ಯಾನ್ ಲೂಯೀಸ್",
        "America\/Argentina\/Tucuman": "ಟುಕುಮಾನ್",
        "America\/Argentina\/Ushuaia": "ಉಶ್ವಾಯ",
        "America\/Aruba": "ಅರುಬಾ",
        "America\/Asuncion": "ಅಸುನ್ಸಿಯಾನ್",
        "America\/Bahia": "ಬಹೀಯಾ",
        "America\/Bahia_Banderas": "ಬಾಹಿಯಾ ಬಂಡೇರಾಸ್",
        "America\/Barbados": "ಬಾರ್ಬಡೋಸ್",
        "America\/Belem": "ಬೇಲೆಂ",
        "America\/Belize": "ಬೆಲೀಜ್",
        "America\/Blanc-Sablon": "ಬ್ಲಾಂಕ್-ಸಾಬ್ಲನ್",
        "America\/Boa_Vista": "ಬೋವಾ ವಿಸ್ಟ",
        "America\/Bogota": "ಬೊಗೋಟ",
        "America\/Boise": "ಬ್ವಾಸಿ",
        "America\/Buenos_Aires": "ಬ್ಯೂನಸ್ ಐರಿಸ್",
        "America\/Cambridge_Bay": "ಕೇಮ್‌ಬ್ರಿಡ್ಜ್ ಬೇ",
        "America\/Campo_Grande": "ಕಾಂಪೊ ಗ್ರಾಂಡೆ",
        "America\/Cancun": "ಕ್ಯಾಂಕನ್",
        "America\/Caracas": "ಕ್ಯಾರಕಾಸ್",
        "America\/Catamarca": "ಕಟಮಾರ್ಕ",
        "America\/Cayenne": "ಕೆಯೆನಿ",
        "America\/Cayman": "ಕೇಮನ್",
        "America\/Chicago": "ಶಿಕಾಗೋ",
        "America\/Chihuahua": "ಚಿವಾವ",
        "America\/Coral_Harbour": "ಅಟಿಕೊಕಾನ್",
        "America\/Cordoba": "ಕೊರ್ಡೊಬಾ",
        "America\/Costa_Rica": "ಕೋಸ್ಟಾ ರಿಕಾ",
        "America\/Creston": "ಕ್ರೆಸ್ಟನ್",
        "America\/Cuiaba": "ಕ್ಯೂಇಬಾ",
        "America\/Curacao": "ಕುರಾಕಾವ್",
        "America\/Danmarkshavn": "ಡನ್‌ಮಾರ್ಕ್‌ಶ್ವಾನ್",
        "America\/Dawson": "ಡಾಸನ್",
        "America\/Dawson_Creek": "ಡಾಸನ್ ಕ್ರೀಕ್",
        "America\/Denver": "ಡೆನ್ವರ್",
        "America\/Detroit": "ಡೆಟ್ರಾಯ್ಟ್",
        "America\/Dominica": "ಡೊಮಿನಿಕಾ",
        "America\/Edmonton": "ಎಡ್ಮಂಟನ್‌",
        "America\/Eirunepe": "ಇರುನಿಪೆ",
        "America\/El_Salvador": "ಎಲ್ ಸಾಲ್ವಡೋರ್",
        "America\/Fortaleza": "ಫೊರ್ಟಲೆಜಾ",
        "America\/Glace_Bay": "ಗ್ಲೇಸ್ ಬೇ",
        "America\/Godthab": "ನೂಕ್",
        "America\/Goose_Bay": "ಗೂಸ್ ಬೇ",
        "America\/Grand_Turk": "ಗ್ರ್ಯಾಂಡ್ ಟರ್ಕ್",
        "America\/Grenada": "ಗ್ರೆನಾಡ",
        "America\/Guadeloupe": "ಗ್ವಾಡೆಲೋಪ್",
        "America\/Guatemala": "ಗ್ವಾಟೆಮಾಲಾ",
        "America\/Guayaquil": "ಗುಯಾಕ್ವಿಲ್",
        "America\/Guyana": "ಗಯಾನಾ",
        "America\/Halifax": "ಹ್ಯಾಲಿಫೆಕ್ಸ್",
        "America\/Havana": "ಹವಾನಾ",
        "America\/Hermosillo": "ಹರ್ಮೊಸಿಲ್ಲೋ",
        "America\/Indiana\/Knox": "ನಾಕ್ಸ್, ಇಂಡಿಯಾನಾ",
        "America\/Indiana\/Marengo": "ಮರೆಂಗೊ, ಇಂಡಿಯಾನಾ",
        "America\/Indiana\/Petersburg": "ಪೀಟರ್ಸ್‌ಬರ್ಗ್, ಇಂಡಿಯಾನಾ",
        "America\/Indiana\/Tell_City": "ಟೆಲ್ ಸಿಟಿ, ಇಂಡಿಯಾನಾ",
        "America\/Indiana\/Vevay": "ವೇವಾಯ್, ಇಂಡಿಯಾನಾ",
        "America\/Indiana\/Vincennes": "ವಿನ್‌ಸೆನ್ನೀಸ್, ಇಂಡಿಯಾನಾ",
        "America\/Indiana\/Winamac": "ವಿನಾಮ್ಯಾಕ್, ಇಂಡಿಯಾನಾ",
        "America\/Indianapolis": "ಇಂಡಿಯಾನಾಪೊಲಿಸ್",
        "America\/Inuvik": "ಇನುವಿಕ್",
        "America\/Iqaluit": "ಈಕ್ವಾಲಿಟ್",
        "America\/Jamaica": "ಜಮೈಕಾ",
        "America\/Jujuy": "ಜುಜೈ",
        "America\/Juneau": "ಜುನೇವ್",
        "America\/Kentucky\/Monticello": "ಮೊಂಟಿಸೆಲ್ಲೋ, ಕೆಂಟುಕಿ",
        "America\/Kralendijk": "ಕ್ರೆಲೆಂಡಿಜ್ಕ್",
        "America\/La_Paz": "ಲಾ ಪೆಜ್",
        "America\/Lima": "ಲಿಮಾ",
        "America\/Los_Angeles": "ಲಾಸ್ ಏಂಜಲೀಸ್",
        "America\/Louisville": "ಲೂಯೀಸ್‌ವಿಲ್ಲೆ",
        "America\/Lower_Princes": "ಲೋವರ್ ಪ್ರಿನ್ಸಸ್ ಕ್ವಾರ್ಟರ್",
        "America\/Maceio": "ಮೆಸೀಯೊ",
        "America\/Managua": "ಮನಾಗುವಾ",
        "America\/Manaus": "ಮನಾವ್ಸ್",
        "America\/Marigot": "ಮರಿಗೊ",
        "America\/Martinique": "ಮಾರ್ಟಿನಿಕ್",
        "America\/Matamoros": "ಮಟಾಮೋರಸ್",
        "America\/Mazatlan": "ಮಜಟ್ಲಾನ್",
        "America\/Mendoza": "ಮೆಂಡೊಜಾ",
        "America\/Menominee": "ಮೆನೊಮಿನೀ",
        "America\/Merida": "ಮೆರಿದಾ",
        "America\/Metlakatla": "ಮೆಟ್ಲಾಕಾಟ್ಲಾ",
        "America\/Mexico_City": "ಮೆಕ್ಸಿಕೋ ನಗರ",
        "America\/Miquelon": "ಮಿಕೆಲಾನ್",
        "America\/Moncton": "ಮಾಂಕ್ಟನ್",
        "America\/Monterrey": "ಮಾಂಟೆರ್ರಿ",
        "America\/Montevideo": "ಮಾಂಟಿವೀಡಿಯೊ",
        "America\/Montserrat": "ಮಾಂಟ್‌ಸೆರೇಟ್",
        "America\/Nassau": "ನಸ್ಸೌವ್",
        "America\/New_York": "ನ್ಯೂಯಾರ್ಕ್",
        "America\/Nipigon": "ನಿಪಿಗನ್",
        "America\/Nome": "ನೋಮ್",
        "America\/Noronha": "ನೊರೊನ್ಹಾ",
        "America\/North_Dakota\/Beulah": "ಬ್ಯೂಲಾ, ಉತ್ತರ ಡಕೊಟ",
        "America\/North_Dakota\/Center": "ಸೆಂಟರ್, ಉತ್ತರ ಡಕೊಟ",
        "America\/North_Dakota\/New_Salem": "ನ್ಯೂ ಸಲೇಂ, ಉತ್ತರ ಡಕೊಟ",
        "America\/Ojinaga": "ಓಜಿನಾಗಾ",
        "America\/Panama": "ಪನಾಮಾ",
        "America\/Pangnirtung": "ಪಂಗ್ನೀರ್‌ಟಂಗ್",
        "America\/Paramaribo": "ಪರಮಾರಿಬೋ",
        "America\/Phoenix": "ಫಿನಿಕ್ಸ್",
        "America\/Port-au-Prince": "ಪೋರ್ಟ್-ಒ-ಪ್ರಿನ್ಸ್",
        "America\/Port_of_Spain": "ಪೋರ್ಟ್ ಆಫ್ ಸ್ಪೇನ್",
        "America\/Porto_Velho": "ಪೋರ್ಟೊ ವೆಲ್ಹೋ",
        "America\/Puerto_Rico": "ಪ್ಯುರ್ಟೋ ರಿಕೊ",
        "America\/Rainy_River": "ರೈನಿ ರಿವರ್",
        "America\/Rankin_Inlet": "ರಾಂಕಿನ್ ಇನ್‌ಲೆಟ್",
        "America\/Recife": "ರೆಸಿಫಿ",
        "America\/Regina": "ರೆಜಿನಾ",
        "America\/Resolute": "ರೆಸೊಲ್ಯೂಟ್",
        "America\/Rio_Branco": "ರಿಯೋ ಬ್ರ್ಯಾಂಕೊ",
        "America\/Santa_Isabel": "ಸಾಂತಾ ಇಸಾಬೆಲ್",
        "America\/Santarem": "ಸಾಂಟರೆಮ್",
        "America\/Santiago": "ಸ್ಯಾಂಟಿಯಾಗೊ",
        "America\/Santo_Domingo": "ಸ್ಯಾಂಟೋ ಡೊಮಿಂಗೊ",
        "America\/Sao_Paulo": "ಸಾವ್ ಪಾಲೊ",
        "America\/Scoresbysund": "ಇಟ್ಟೊಕ್ಕೊರ್ಟೂಮಿಯೈಟ್",
        "America\/Sitka": "ಸಿತ್ಕಾ",
        "America\/St_Barthelemy": "ಸೇಂಟ್ ಬಾರ್ತೆಲೆಮಿ",
        "America\/St_Johns": "ಸೇಂಟ್ ಜಾನ್ಸ್",
        "America\/St_Kitts": "ಸೇಂಟ್ ಕಿಟ್ಸ್",
        "America\/St_Lucia": "ಸೇಂಟ್ ಲೂಸಿಯಾ",
        "America\/St_Thomas": "ಸೆಂಟ್ ಥಾಮಸ್",
        "America\/St_Vincent": "ಸೇಂಟ್ ವಿನ್ಸೆಂಟ್",
        "America\/Swift_Current": "ಸ್ವಿಫ್ಟ್ ಕರೆಂಟ್",
        "America\/Tegucigalpa": "ತೆಗುಸಿಗಲ್ಪಾ",
        "America\/Thule": "ಥೂಲೆ",
        "America\/Thunder_Bay": "ಥಂಡರ್ ಬೇ",
        "America\/Tijuana": "ತಿಜ್ವಾನಾ",
        "America\/Toronto": "ಟೊರೊಂಟೋ",
        "America\/Tortola": "ಟಾರ್ಟೊಲಾ",
        "America\/Vancouver": "ವ್ಯಾಂಕೊವರ್‌",
        "America\/Whitehorse": "ವೈಟ್‌ಹಾರ್ಸ್",
        "America\/Winnipeg": "ವಿನ್ನಿಪೇಗ್",
        "America\/Yakutat": "ಯಾಕುಟಾಟ್",
        "America\/Yellowknife": "ಯೆಲ್ಲೋ‌ನೈಫ್",
        "Antarctica\/Casey": "ಕೇಸಿ",
        "Antarctica\/Davis": "ಡೇವೀಸ್",
        "Antarctica\/DumontDUrville": "ಡುಮಂಟ್ ಡಿ ಉರ್ವಿಲೆ",
        "Antarctica\/Macquarie": "ಮ್ಯಾಕ್ವೆರಿ",
        "Antarctica\/Mawson": "ಮಾವ್ಸನ್",
        "Antarctica\/McMurdo": "ಮ್ಯಾಕ್‍ಮುರ್ಡೊ",
        "Antarctica\/Palmer": "ಪಾಲ್ಮರ್",
        "Antarctica\/Rothera": "ರೊಥೇರಾ",
        "Antarctica\/Syowa": "ಸ್ಯೋವಾ",
        "Antarctica\/Troll": "ಟ್ರಾಲ್",
        "Antarctica\/Vostok": "ವೋಸ್ಟೋಕ್",
        "Arctic\/Longyearbyen": "ಲಾಂಗ್‌ಇಯರ್‌ಬೇನ್",
        "Asia\/Aden": "ಏಡನ್",
        "Asia\/Almaty": "ಅಲ್ಮಾಟಿ",
        "Asia\/Amman": "ಅಮ್ಮಾನ್",
        "Asia\/Anadyr": "ಅನದ್ಯರ್",
        "Asia\/Aqtau": "ಅಕ್ತಾವ್",
        "Asia\/Aqtobe": "ಅಕ್ಟೋಬೆ",
        "Asia\/Ashgabat": "ಅಶ್ಗಬಾತ್",
        "Asia\/Baghdad": "ಬಾಗ್ದಾದ್",
        "Asia\/Bahrain": "ಬಹ್ರೇನ್",
        "Asia\/Baku": "ಬಕು",
        "Asia\/Bangkok": "ಬ್ಯಾಂಕಾಕ್",
        "Asia\/Beirut": "ಬೀರಟ್",
        "Asia\/Bishkek": "ಬಿಶ್ಕೆಕ್",
        "Asia\/Brunei": "ಬ್ರೂನಿ",
        "Asia\/Calcutta": "ಕೊಲ್ಕತ್ತಾ",
        "Asia\/Choibalsan": "ಚೊಯ್‍ಬಾಲ್ಸನ್",
        "Asia\/Chongqing": "ಚೋಂಗ್‌ಕಿಂಗ್",
        "Asia\/Colombo": "ಕೊಲಂಬೊ",
        "Asia\/Damascus": "ಡಮಾಸ್ಕಸ್",
        "Asia\/Dhaka": "ಢಾಕಾ",
        "Asia\/Dili": "ದಿಲಿ",
        "Asia\/Dubai": "ದುಬೈ",
        "Asia\/Dushanbe": "ದುಶಾಂಬೆ",
        "Asia\/Gaza": "ಗಾಜಾ",
        "Asia\/Harbin": "ಹರ್ಬಿನ್",
        "Asia\/Hebron": "ಹೆಬ್ರಾನ್",
        "Asia\/Hong_Kong": "ಹಾಂಗ್ ಕಾಂಗ್",
        "Asia\/Hovd": "ಹೋವ್ಡ್",
        "Asia\/Irkutsk": "ಇರ್‌ಕುಟ್ಸ್",
        "Asia\/Jakarta": "ಜಕಾರ್ತಾ",
        "Asia\/Jayapura": "ಜಯಪುರ",
        "Asia\/Jerusalem": "ಜೆರುಸಲೆಮ್",
        "Asia\/Kabul": "ಕಾಬೂಲ್",
        "Asia\/Kamchatka": "ಕಮ್ಚತ್ಕ",
        "Asia\/Karachi": "ಕರಾಚಿ",
        "Asia\/Kashgar": "ಕಶ್‌ಗರ್",
        "Asia\/Katmandu": "ಕಠ್ಮಂಡು",
        "Asia\/Khandyga": "ಖಂಡ್ಯಾಗಾ",
        "Asia\/Krasnoyarsk": "ಕ್ರಾಸ್ನೊಯಾರ್ಸ್ಕ್",
        "Asia\/Kuala_Lumpur": "ಕೌಲಾ ಲಂಪುರ",
        "Asia\/Kuching": "ಕುಚಿಂಗ್",
        "Asia\/Kuwait": "ಕುವೈತ್",
        "Asia\/Macau": "ಮಖಾವ್",
        "Asia\/Magadan": "ಮಗದನ್‌",
        "Asia\/Makassar": "ಮೆಕಾಸ್ಸರ್",
        "Asia\/Manila": "ಮನಿಲಾ",
        "Asia\/Muscat": "ಮಸ್ಕತ್",
        "Asia\/Nicosia": "ನಿಕೋಸಿಯಾ",
        "Asia\/Novokuznetsk": "ನೋವೋಕುಜೆ",
        "Asia\/Novosibirsk": "ನೊವೋಸಿಬಿಸ್ಕ್",
        "Asia\/Omsk": "ಒಮ್ಸ್ಕ್",
        "Asia\/Oral": "ಒರಲ್",
        "Asia\/Phnom_Penh": "ನೋಮ್ ಪೆನ್",
        "Asia\/Pontianak": "ಪೊಂಟಿಯಾನಕ್",
        "Asia\/Pyongyang": "ಪ್ಯೊಂಗ್‍ಯಾಂಗ್",
        "Asia\/Qatar": "ಖತಾರ್",
        "Asia\/Qyzylorda": "ಕಿಜೈಲೋರ್ದ",
        "Asia\/Rangoon": "ರಂಗೂನ್",
        "Asia\/Riyadh": "ರಿಯಾದ್",
        "Asia\/Saigon": "ಹೊ ಚಿ ಮಿನ್ ಸಿಟಿ",
        "Asia\/Sakhalin": "ಸಖಾಲಿನ್",
        "Asia\/Samarkand": "ಸಮರಖಂಡ",
        "Asia\/Seoul": "ಸಿಯೋಲ್",
        "Asia\/Shanghai": "ಶಾಂಘೈ",
        "Asia\/Singapore": "ಸಿಂಗಾಪೂರ್",
        "Asia\/Taipei": "ತೈಪೆ",
        "Asia\/Tashkent": "ತಾಶ್ಕೆಂಟ್",
        "Asia\/Tbilisi": "ತಿಬಿಲಿಸಿ",
        "Asia\/Tehran": "ತೆಹ್ರಾನ್",
        "Asia\/Thimphu": "ಥಿಂಪು",
        "Asia\/Tokyo": "ಟೋಕಿಯೊ",
        "Asia\/Ulaanbaatar": "ಉಲಾನ್‍ಬಾತರ್",
        "Asia\/Urumqi": "ಉರುಮ್‍ಕಿ",
        "Asia\/Ust-Nera": "ಉಸ್ತ್-ನೆರಾ",
        "Asia\/Vientiane": "ವಿಯೆಂಟಿಯಾನ್",
        "Asia\/Vladivostok": "ವ್ಲಾದಿವೊಸ್ಟಾಕ್‌",
        "Asia\/Yakutsk": "ಯಕುಟ್ಸ್ಕ್",
        "Asia\/Yekaterinburg": "ಎಕ್ಯಾಟೆರಿನ್ಬರ್ಗ್",
        "Asia\/Yerevan": "ಯೆರಿವಾನ್",
        "Atlantic\/Azores": "ಅಝೋರಿಸ್",
        "Atlantic\/Bermuda": "ಬರ್ಮುಡಾ",
        "Atlantic\/Canary": "ಕ್ಯಾನರಿ",
        "Atlantic\/Cape_Verde": "ಕೇಪ್ ವೆರ್ಡ್",
        "Atlantic\/Faeroe": "ಫ್ಯಾರೊ",
        "Atlantic\/Madeira": "ಮೆಡಿರಾ",
        "Atlantic\/Reykjavik": "ರೈಕ್ಜಾವಿಕ್",
        "Atlantic\/South_Georgia": "ದಕ್ಷಿಣ ಜಾರ್ಜಿಯಾ",
        "Atlantic\/St_Helena": "ಸೇಂಟ್ ಹೆಲೆನಾ",
        "Atlantic\/Stanley": "ಸ್ಟಾನ್ಲಿ",
        "Australia\/Adelaide": "ಅಡಿಲೇಡ್",
        "Australia\/Brisbane": "ಬ್ರಿಸ್ಬೇನ್‌",
        "Australia\/Broken_Hill": "ಬ್ರೊಕನ್ ಹಿಲ್",
        "Australia\/Currie": "ಕರೀ",
        "Australia\/Darwin": "ಡಾರ್ವಿನ್",
        "Australia\/Eucla": "ಯುಕ್ಲಾ",
        "Australia\/Hobart": "ಹೋಬಾರ್ಟ್‌",
        "Australia\/Lindeman": "ಲಿಂಡಿಮಾನ್",
        "Australia\/Lord_Howe": "ಲಾರ್ಡ್ ಹೋ",
        "Australia\/Melbourne": "ಮೆಲ್ಬರ್ನ್",
        "Australia\/Perth": "ಪರ್ಥ್",
        "Australia\/Sydney": "ಸಿಡ್ನಿ",
        "Etc\/Unknown": "ಅಜ್ಞಾತ ನಗರ",
        "Europe\/Amsterdam": "ಆಮ್‌ಸ್ಟೆರ್‌ಡ್ಯಾಂ",
        "Europe\/Andorra": "ಅಂಡೋರಾ",
        "Europe\/Athens": "ಅಥೆನ್ಸ್",
        "Europe\/Belgrade": "ಬೆಲ್‌ಗ್ರೇಡ್",
        "Europe\/Berlin": "ಬರ್ಲಿನ್",
        "Europe\/Bratislava": "ಬ್ರಾಟಿಸ್ಲಾವ",
        "Europe\/Brussels": "ಬ್ರಸ್ಸೆಲ್ಸ್",
        "Europe\/Bucharest": "ಬುಕಾರೆಸ್ಟ್",
        "Europe\/Budapest": "ಬುಡಾಪೆಸ್ಟ್",
        "Europe\/Busingen": "ಬುಸಿಂಜೆನ್",
        "Europe\/Chisinau": "ಚಿಸಿನಾವ್",
        "Europe\/Copenhagen": "ಕೋಪೆನ್‌ಹೇಗನ್",
        "Europe\/Dublin": "ಡುಬ್ಲಿನ್",
        "Europe\/Gibraltar": "ಜಿಬ್ರಾಲ್ಟರ್",
        "Europe\/Guernsey": "ಗ್ಯುರ್ನ್‍ಸೆ",
        "Europe\/Helsinki": "ಹೆಲ್ಸಿಂಕಿ",
        "Europe\/Isle_of_Man": "ಐಲ್ ಆಫ್ ಮ್ಯಾನ್",
        "Europe\/Istanbul": "ಇಸ್ತಾನ್‌ಬುಲ್",
        "Europe\/Jersey": "ಜೆರ್ಸಿ",
        "Europe\/Kaliningrad": "ಕಲಿನಿನ್‌ಗ್ರಾಡ್",
        "Europe\/Kiev": "ಕಿವ್",
        "Europe\/Lisbon": "ಲಿಸ್ಬನ್",
        "Europe\/Ljubljana": "ಲ್ಯೂಬ್ಲ್ಯಾನಾ",
        "Europe\/London": "ಲಂಡನ್",
        "Europe\/Luxembourg": "ಲಕ್ಸೆಂಬರ್ಗ್",
        "Europe\/Madrid": "ಮ್ಯಾಡ್ರಿಡ್",
        "Europe\/Malta": "ಮಾಲ್ಟಾ",
        "Europe\/Mariehamn": "ಮರಿಹಮ್ನ್",
        "Europe\/Minsk": "ಮಿನ್‌ಸ್ಕ್",
        "Europe\/Monaco": "ಮೊನಾಕೊ",
        "Europe\/Moscow": "ಮಾಸ್ಕೋ",
        "Europe\/Oslo": "ಓಸ್ಲೋ",
        "Europe\/Paris": "ಪ್ಯಾರಿಸ್",
        "Europe\/Podgorica": "ಪೊಡ್ಗೊರಿಕ",
        "Europe\/Prague": "ಪ್ರಾಗ್ವೆ",
        "Europe\/Riga": "ರಿಗಾ",
        "Europe\/Rome": "ರೋಮ್",
        "Europe\/Samara": "ಸಮರ",
        "Europe\/San_Marino": "ಸ್ಯಾನ್ ಮರೀನೊ",
        "Europe\/Sarajevo": "ಸರಜೆವೊ",
        "Europe\/Simferopol": "ಸಿಮ್ಫೆರೋಪೋಲ್",
        "Europe\/Skopje": "ಸ್ಕಾಪಿಯಾ",
        "Europe\/Sofia": "ಸೋಫಿಯಾ",
        "Europe\/Stockholm": "ಸ್ಟಾಕ್‍ಹೋಮ್",
        "Europe\/Tallinn": "ಟ್ಯಾಲಿನ್",
        "Europe\/Tirane": "ಟಿರಾನೆ",
        "Europe\/Uzhgorod": "ಉಜ್‌ಗೊರೊದ್",
        "Europe\/Vaduz": "ವಡೂಜ್",
        "Europe\/Vatican": "ವ್ಯಾಟಿಕನ್",
        "Europe\/Vienna": "ವಿಯೆನ್ನಾ",
        "Europe\/Vilnius": "ವಿಲ್ನಿಯಸ್",
        "Europe\/Volgograd": "ವೊಲ್ಗೊಗ್ರಾಡ್",
        "Europe\/Warsaw": "ವಾರ್ಸಾ",
        "Europe\/Zagreb": "ಜಾಗ್ರೆಬ್‌",
        "Europe\/Zaporozhye": "ಜಾಪರೀಝಿಯಾ",
        "Europe\/Zurich": "ಜ್ಯೂರಿಕ್",
        "Indian\/Antananarivo": "ಅಂಟಾನನಾರಿವೊ",
        "Indian\/Chagos": "ಚಾಗೊಸ್",
        "Indian\/Christmas": "ಕ್ರಿಸ್ಮಸ್",
        "Indian\/Cocos": "ಕೊಕೋಸ್",
        "Indian\/Comoro": "ಕೊಮೋರೊ",
        "Indian\/Kerguelen": "ಕೆರ್ಗ್ಯುಲೆನ್",
        "Indian\/Mahe": "ಮಾಹೆ",
        "Indian\/Maldives": "ಮಾಲ್ಡೀವ್ಸ್",
        "Indian\/Mauritius": "ಮಾರಿಷಸ್",
        "Indian\/Mayotte": "ಮಯೊಟ್ಟೆ",
        "Indian\/Reunion": "ರೀಯೂನಿಯನ್",
        "Pacific\/Apia": "ಅಪಿಯಾ",
        "Pacific\/Auckland": "ಆಕ್ ಲ್ಯಾಂಡ್",
        "Pacific\/Chatham": "ಚತಮ್",
        "Pacific\/Easter": "ಈಸ್ಟರ್",
        "Pacific\/Efate": "ಇಫೇಟ್",
        "Pacific\/Enderbury": "ಎಂಡರ್ಬರಿ",
        "Pacific\/Fakaofo": "ಫಕೋಫೋ",
        "Pacific\/Fiji": "ಫಿಜಿ",
        "Pacific\/Funafuti": "ಫುನಾಫುಟಿ",
        "Pacific\/Galapagos": "ಗಲಾಪಗೋಸ್",
        "Pacific\/Gambier": "ಗ್ಯಾಂಬಿಯರ್",
        "Pacific\/Guadalcanal": "ಗ್ವಾಡಲ್ಕೆನಾಲ್",
        "Pacific\/Guam": "ಗ್ವಾಮ್",
        "Pacific\/Honolulu": "ಹೊನಲುಲು",
        "Pacific\/Johnston": "ಜಾನ್‌ಸ್ಟನ್",
        "Pacific\/Kiritimati": "ಕಿರಿತಿಮತಿ",
        "Pacific\/Kosrae": "ಕೋಸ್ರೆ",
        "Pacific\/Kwajalein": "ಕ್ವಾಜಲೇನ್",
        "Pacific\/Majuro": "ಮಜುರೊ",
        "Pacific\/Marquesas": "ಮಾರ್ಕ್ಯೂಸಸ್",
        "Pacific\/Midway": "ಮಿಡ್‌ವೇ",
        "Pacific\/Nauru": "ನೌರು",
        "Pacific\/Niue": "ನಿಯು",
        "Pacific\/Norfolk": "ನಾರ್ಫೋಕ್",
        "Pacific\/Noumea": "ನ್ಯೂಮಿಯಾ",
        "Pacific\/Pago_Pago": "ಪಾಗೊ ಪಾಗೊ",
        "Pacific\/Palau": "ಪಾಲಾವ್",
        "Pacific\/Pitcairn": "ಪಿಟ್‌ಕೈರ್ನ್",
        "Pacific\/Ponape": "ಪೋನ್‌ಪೆ",
        "Pacific\/Port_Moresby": "ಪೋರ್ಟ್ ಮೋರಿಸ್‌ಬೈ",
        "Pacific\/Rarotonga": "ರರೋಟೋಂಗಾ",
        "Pacific\/Saipan": "ಸೈಪನ್",
        "Pacific\/Tahiti": "ತಹಿತಿ",
        "Pacific\/Tarawa": "ತರಾವಾ",
        "Pacific\/Tongatapu": "ಟೊಂಗಾಟಾಪು",
        "Pacific\/Truk": "ಚುಕ್",
        "Pacific\/Wake": "ವೇಕ್",
        "Pacific\/Wallis": "ವ್ಯಾಲಿಸ್"
    }
}
