{
    "Version": "2.1.9.31",
    "Names": {
        "Africa\/Abidjan": "아비장",
        "Africa\/Accra": "아크라",
        "Africa\/Addis_Ababa": "아디스아바바",
        "Africa\/Algiers": "알제",
        "Africa\/Asmera": "아스메라",
        "Africa\/Bamako": "바마코",
        "Africa\/Bangui": "방기",
        "Africa\/Banjul": "반줄",
        "Africa\/Bissau": "비사우",
        "Africa\/Blantyre": "블랜타이어",
        "Africa\/Brazzaville": "브라자빌",
        "Africa\/Bujumbura": "부줌부라",
        "Africa\/Cairo": "카이로",
        "Africa\/Casablanca": "카사블랑카",
        "Africa\/Ceuta": "세우타",
        "Africa\/Conakry": "코나크리",
        "Africa\/Dakar": "다카르",
        "Africa\/Dar_es_Salaam": "다르에스살람",
        "Africa\/Djibouti": "지부티",
        "Africa\/Douala": "두알라",
        "Africa\/El_Aaiun": "엘아이운",
        "Africa\/Freetown": "프리타운",
        "Africa\/Gaborone": "가보로네",
        "Africa\/Harare": "하라레",
        "Africa\/Johannesburg": "요하네스버그",
        "Africa\/Juba": "주바",
        "Africa\/Kampala": "캄팔라",
        "Africa\/Khartoum": "카르툼",
        "Africa\/Kigali": "키갈리",
        "Africa\/Kinshasa": "킨샤사",
        "Africa\/Lagos": "라고스",
        "Africa\/Libreville": "리브르빌",
        "Africa\/Lome": "로메",
        "Africa\/Luanda": "루안다",
        "Africa\/Lubumbashi": "루붐바시",
        "Africa\/Lusaka": "루사카",
        "Africa\/Malabo": "말라보",
        "Africa\/Maputo": "마푸토",
        "Africa\/Maseru": "마세루",
        "Africa\/Mbabane": "음바바네",
        "Africa\/Mogadishu": "모가디슈",
        "Africa\/Monrovia": "몬로비아",
        "Africa\/Nairobi": "나이로비",
        "Africa\/Ndjamena": "엔자메나",
        "Africa\/Niamey": "니아메",
        "Africa\/Nouakchott": "누악쇼트",
        "Africa\/Ouagadougou": "와가두구",
        "Africa\/Porto-Novo": "포르토노보",
        "Africa\/Sao_Tome": "상투메",
        "Africa\/Tripoli": "트리폴리",
        "Africa\/Tunis": "튀니스",
        "Africa\/Windhoek": "빈트후크",
        "America\/Adak": "에이닥",
        "America\/Anchorage": "앵커리지",
        "America\/Anguilla": "앙귈라",
        "America\/Antigua": "안티과",
        "America\/Araguaina": "아라과이나",
        "America\/Argentina\/La_Rioja": "라 리오하",
        "America\/Argentina\/Rio_Gallegos": "리오 가예고스",
        "America\/Argentina\/Salta": "살타",
        "America\/Argentina\/San_Juan": "산후안",
        "America\/Argentina\/San_Luis": "산루이스",
        "America\/Argentina\/Tucuman": "뚜꾸만",
        "America\/Argentina\/Ushuaia": "우수아이아",
        "America\/Aruba": "아루바",
        "America\/Asuncion": "아순시온",
        "America\/Bahia": "바히아",
        "America\/Bahia_Banderas": "바이아 반데라스",
        "America\/Barbados": "바베이도스",
        "America\/Belem": "벨렘",
        "America\/Belize": "벨리즈",
        "America\/Blanc-Sablon": "블랑 사블롱",
        "America\/Boa_Vista": "보아 비스타",
        "America\/Bogota": "보고타",
        "America\/Boise": "보이시",
        "America\/Buenos_Aires": "부에노스 아이레스",
        "America\/Cambridge_Bay": "케임브리지 베이",
        "America\/Campo_Grande": "캄포 그란데",
        "America\/Cancun": "칸쿤",
        "America\/Caracas": "카라카스",
        "America\/Catamarca": "카타마르카",
        "America\/Cayenne": "카옌",
        "America\/Cayman": "케이맨",
        "America\/Chicago": "시카고",
        "America\/Chihuahua": "치와와",
        "America\/Coral_Harbour": "코랄하버",
        "America\/Cordoba": "코르도바",
        "America\/Costa_Rica": "코스타리카",
        "America\/Creston": "크레스톤",
        "America\/Cuiaba": "쿠이아바",
        "America\/Curacao": "퀴라소",
        "America\/Danmarkshavn": "덴마크샤븐",
        "America\/Dawson": "도슨",
        "America\/Dawson_Creek": "도슨크릭",
        "America\/Denver": "덴버",
        "America\/Detroit": "디트로이트",
        "America\/Dominica": "도미니카",
        "America\/Edmonton": "에드먼턴",
        "America\/Eirunepe": "아이루네페",
        "America\/El_Salvador": "엘살바도르",
        "America\/Fortaleza": "포르탈레자",
        "America\/Glace_Bay": "글라스베이",
        "America\/Godthab": "고드호프",
        "America\/Goose_Bay": "구즈베이",
        "America\/Grand_Turk": "그랜드 터크",
        "America\/Grenada": "그레나다",
        "America\/Guadeloupe": "과들루프",
        "America\/Guatemala": "과테말라",
        "America\/Guayaquil": "과야킬",
        "America\/Guyana": "가이아나",
        "America\/Halifax": "핼리팩스",
        "America\/Havana": "하바나",
        "America\/Hermosillo": "에르모시요",
        "America\/Indiana\/Knox": "인디애나주 녹스",
        "America\/Indiana\/Marengo": "인디애나주, 마렝고",
        "America\/Indiana\/Petersburg": "인디애나주, 피츠버그",
        "America\/Indiana\/Tell_City": "인디아나주, 텔시티",
        "America\/Indiana\/Vevay": "비비",
        "America\/Indiana\/Vincennes": "인디아나주, 뱅센",
        "America\/Indiana\/Winamac": "인디아나주, 워너맥",
        "America\/Indianapolis": "인디애나폴리스",
        "America\/Inuvik": "이누빅",
        "America\/Iqaluit": "이칼루이트",
        "America\/Jamaica": "자메이카",
        "America\/Jujuy": "후후이",
        "America\/Juneau": "주노",
        "America\/Kentucky\/Monticello": "켄터키주, 몬티첼로",
        "America\/Kralendijk": "크라렌디즈크",
        "America\/La_Paz": "라파스",
        "America\/Lima": "리마",
        "America\/Los_Angeles": "로스앤젤레스",
        "America\/Louisville": "루이빌",
        "America\/Lower_Princes": "로워 프린스 쿼터",
        "America\/Maceio": "마세이오",
        "America\/Managua": "마나과",
        "America\/Manaus": "마나우스",
        "America\/Marigot": "마리곳",
        "America\/Martinique": "마티니크",
        "America\/Matamoros": "마타모로스",
        "America\/Mazatlan": "마사틀란",
        "America\/Mendoza": "멘도사",
        "America\/Menominee": "메노미니",
        "America\/Merida": "메리다",
        "America\/Metlakatla": "메틀라카틀라",
        "America\/Mexico_City": "멕시코 시티",
        "America\/Miquelon": "미클롱",
        "America\/Moncton": "몽턴",
        "America\/Monterrey": "몬테레이",
        "America\/Montevideo": "몬테비데오",
        "America\/Montserrat": "몬세라트",
        "America\/Nassau": "나소",
        "America\/New_York": "뉴욕",
        "America\/Nipigon": "니피곤",
        "America\/Nome": "놈",
        "America\/Noronha": "노롱야",
        "America\/North_Dakota\/Beulah": "노스다코타주, 베라",
        "America\/North_Dakota\/Center": "중부, 노스다코타",
        "America\/North_Dakota\/New_Salem": "노스 다코타주, 뉴살렘",
        "America\/Ojinaga": "오히나가",
        "America\/Panama": "파나마",
        "America\/Pangnirtung": "팡니르퉁",
        "America\/Paramaribo": "파라마리보",
        "America\/Phoenix": "피닉스",
        "America\/Port-au-Prince": "포르토프랭스",
        "America\/Port_of_Spain": "포트오브스페인",
        "America\/Porto_Velho": "포르투벨류",
        "America\/Puerto_Rico": "푸에르토리코",
        "America\/Rainy_River": "레이니강",
        "America\/Rankin_Inlet": "랭킹 인렛",
        "America\/Recife": "레시페",
        "America\/Regina": "리자이나",
        "America\/Resolute": "리졸루트",
        "America\/Rio_Branco": "히우 브랑쿠",
        "America\/Santa_Isabel": "산타 이사벨",
        "America\/Santarem": "산타렘",
        "America\/Santiago": "산티아고",
        "America\/Santo_Domingo": "산토도밍고",
        "America\/Sao_Paulo": "상파울로",
        "America\/Scoresbysund": "스코레스바이선드",
        "America\/Sitka": "싯카",
        "America\/St_Barthelemy": "생바르텔레미",
        "America\/St_Johns": "세인트존스",
        "America\/St_Kitts": "세인트 키츠",
        "America\/St_Lucia": "세인트 루시아",
        "America\/St_Thomas": "세인트 토마스",
        "America\/St_Vincent": "세인트 빈센트",
        "America\/Swift_Current": "스위프트커런트",
        "America\/Tegucigalpa": "테구시갈파",
        "America\/Thule": "툴레",
        "America\/Thunder_Bay": "선더베이",
        "America\/Tijuana": "티후아나",
        "America\/Toronto": "토론토",
        "America\/Tortola": "토르톨라",
        "America\/Vancouver": "벤쿠버",
        "America\/Whitehorse": "화이트호스",
        "America\/Winnipeg": "위니펙",
        "America\/Yakutat": "야쿠타트",
        "America\/Yellowknife": "옐로나이프",
        "Antarctica\/Casey": "케이시",
        "Antarctica\/Davis": "데이비스",
        "Antarctica\/DumontDUrville": "뒤몽 뒤르빌",
        "Antarctica\/Macquarie": "맥쿼리",
        "Antarctica\/Mawson": "모슨",
        "Antarctica\/McMurdo": "맥머도",
        "Antarctica\/Palmer": "파머",
        "Antarctica\/Rothera": "로데라",
        "Antarctica\/Syowa": "쇼와",
        "Antarctica\/Troll": "트롤",
        "Antarctica\/Vostok": "보스토크",
        "Arctic\/Longyearbyen": "롱이어비엔",
        "Asia\/Aden": "아덴",
        "Asia\/Almaty": "알마티",
        "Asia\/Amman": "암만",
        "Asia\/Anadyr": "아나디리",
        "Asia\/Aqtau": "아크타우",
        "Asia\/Aqtobe": "악토브",
        "Asia\/Ashgabat": "아슈하바트",
        "Asia\/Baghdad": "바그다드",
        "Asia\/Bahrain": "바레인",
        "Asia\/Baku": "바쿠",
        "Asia\/Bangkok": "방콕",
        "Asia\/Beirut": "베이루트",
        "Asia\/Bishkek": "비슈케크",
        "Asia\/Brunei": "브루나이",
        "Asia\/Calcutta": "콜카타",
        "Asia\/Choibalsan": "초이발산",
        "Asia\/Chongqing": "충칭",
        "Asia\/Colombo": "콜롬보",
        "Asia\/Damascus": "다마스쿠스",
        "Asia\/Dhaka": "다카",
        "Asia\/Dili": "딜리",
        "Asia\/Dubai": "두바이",
        "Asia\/Dushanbe": "두샨베",
        "Asia\/Gaza": "가자",
        "Asia\/Harbin": "하얼빈",
        "Asia\/Hebron": "헤브론",
        "Asia\/Hong_Kong": "홍콩",
        "Asia\/Hovd": "호브드",
        "Asia\/Irkutsk": "이르쿠츠크",
        "Asia\/Jakarta": "자카르타",
        "Asia\/Jayapura": "자야푸라",
        "Asia\/Jerusalem": "예루살렘",
        "Asia\/Kabul": "카불",
        "Asia\/Kamchatka": "캄차카",
        "Asia\/Karachi": "카라치",
        "Asia\/Kashgar": "카슈가르",
        "Asia\/Katmandu": "카트만두",
        "Asia\/Khandyga": "한디가",
        "Asia\/Krasnoyarsk": "크라스노야르스크",
        "Asia\/Kuala_Lumpur": "쿠알라룸푸르",
        "Asia\/Kuching": "쿠칭",
        "Asia\/Kuwait": "쿠웨이트",
        "Asia\/Macau": "마카오",
        "Asia\/Magadan": "마가단",
        "Asia\/Makassar": "마카사르",
        "Asia\/Manila": "마닐라",
        "Asia\/Muscat": "무스카트",
        "Asia\/Nicosia": "니코시아",
        "Asia\/Novokuznetsk": "노보쿠즈네츠크",
        "Asia\/Novosibirsk": "노보시비르스크",
        "Asia\/Omsk": "옴스크",
        "Asia\/Oral": "오랄",
        "Asia\/Phnom_Penh": "프놈펜",
        "Asia\/Pontianak": "폰티아나크",
        "Asia\/Pyongyang": "평양",
        "Asia\/Qatar": "카타르",
        "Asia\/Qyzylorda": "키질로르다",
        "Asia\/Rangoon": "랑군",
        "Asia\/Riyadh": "리야드",
        "Asia\/Saigon": "사이공",
        "Asia\/Sakhalin": "사할린",
        "Asia\/Samarkand": "사마르칸트",
        "Asia\/Seoul": "서울",
        "Asia\/Shanghai": "상하이",
        "Asia\/Singapore": "싱가포르",
        "Asia\/Taipei": "타이베이",
        "Asia\/Tashkent": "타슈켄트",
        "Asia\/Tbilisi": "트빌리시",
        "Asia\/Tehran": "테헤란",
        "Asia\/Thimphu": "팀부",
        "Asia\/Tokyo": "도쿄",
        "Asia\/Ulaanbaatar": "울란바토르",
        "Asia\/Urumqi": "우루무치",
        "Asia\/Ust-Nera": "우스티네라",
        "Asia\/Vientiane": "비엔티안",
        "Asia\/Vladivostok": "블라디보스토크",
        "Asia\/Yakutsk": "야쿠츠크",
        "Asia\/Yekaterinburg": "예카테린부르크",
        "Asia\/Yerevan": "예레반",
        "Atlantic\/Azores": "아조레스",
        "Atlantic\/Bermuda": "버뮤다",
        "Atlantic\/Canary": "카나리아 제도",
        "Atlantic\/Cape_Verde": "카보 베르데",
        "Atlantic\/Faeroe": "페로 제도",
        "Atlantic\/Madeira": "마데이라",
        "Atlantic\/Reykjavik": "레이캬비크",
        "Atlantic\/South_Georgia": "사우스조지아",
        "Atlantic\/St_Helena": "세인트 헬레나",
        "Atlantic\/Stanley": "스탠리",
        "Australia\/Adelaide": "애들레이드",
        "Australia\/Brisbane": "브리스베인",
        "Australia\/Broken_Hill": "브로컨힐",
        "Australia\/Currie": "퀴리",
        "Australia\/Darwin": "다윈",
        "Australia\/Eucla": "유클라",
        "Australia\/Hobart": "호바트",
        "Australia\/Lindeman": "린데만",
        "Australia\/Lord_Howe": "로드 하우",
        "Australia\/Melbourne": "멜버른",
        "Australia\/Perth": "퍼스",
        "Australia\/Sydney": "시드니",
        "Etc\/Unknown": "알 수 없는 장소",
        "Europe\/Amsterdam": "암스테르담",
        "Europe\/Andorra": "안도라",
        "Europe\/Athens": "아테네",
        "Europe\/Belgrade": "베오그라드",
        "Europe\/Berlin": "베를린",
        "Europe\/Bratislava": "브라티슬라바",
        "Europe\/Brussels": "브뤼셀",
        "Europe\/Bucharest": "부쿠레슈티",
        "Europe\/Budapest": "부다페스트",
        "Europe\/Busingen": "뷔지겐",
        "Europe\/Chisinau": "키시나우",
        "Europe\/Copenhagen": "코펜하겐",
        "Europe\/Dublin": "더블린",
        "Europe\/Gibraltar": "지브롤터",
        "Europe\/Guernsey": "건지",
        "Europe\/Helsinki": "헬싱키",
        "Europe\/Isle_of_Man": "맨섬",
        "Europe\/Istanbul": "이스탄불",
        "Europe\/Jersey": "저지",
        "Europe\/Kaliningrad": "칼리닌그라드",
        "Europe\/Kiev": "키예프",
        "Europe\/Lisbon": "리스본",
        "Europe\/Ljubljana": "류블랴나",
        "Europe\/London": "런던",
        "Europe\/Luxembourg": "룩셈부르크",
        "Europe\/Madrid": "마드리드",
        "Europe\/Malta": "몰타",
        "Europe\/Mariehamn": "마리에함",
        "Europe\/Minsk": "민스크",
        "Europe\/Monaco": "모나코",
        "Europe\/Moscow": "모스크바",
        "Europe\/Oslo": "오슬로",
        "Europe\/Paris": "파리",
        "Europe\/Podgorica": "포드고리차",
        "Europe\/Prague": "프라하",
        "Europe\/Riga": "리가",
        "Europe\/Rome": "로마",
        "Europe\/Samara": "사마라",
        "Europe\/San_Marino": "산마리노",
        "Europe\/Sarajevo": "사라예보",
        "Europe\/Simferopol": "심페로폴",
        "Europe\/Skopje": "스코페",
        "Europe\/Sofia": "소피아",
        "Europe\/Stockholm": "스톡홀름",
        "Europe\/Tallinn": "탈린",
        "Europe\/Tirane": "티라나",
        "Europe\/Uzhgorod": "우주고로트",
        "Europe\/Vaduz": "파두츠",
        "Europe\/Vatican": "바티칸",
        "Europe\/Vienna": "비엔나",
        "Europe\/Vilnius": "빌니우스",
        "Europe\/Volgograd": "볼고그라트",
        "Europe\/Warsaw": "바르샤바",
        "Europe\/Zagreb": "자그레브",
        "Europe\/Zaporozhye": "자포로지예",
        "Europe\/Zurich": "취리히",
        "Indian\/Antananarivo": "안타나나리보",
        "Indian\/Chagos": "차고스",
        "Indian\/Christmas": "크리스마스",
        "Indian\/Cocos": "코코스",
        "Indian\/Comoro": "코모로",
        "Indian\/Kerguelen": "케르켈렌",
        "Indian\/Mahe": "마헤",
        "Indian\/Maldives": "몰디브",
        "Indian\/Mauritius": "모리셔스",
        "Indian\/Mayotte": "메요트",
        "Indian\/Reunion": "레위니옹",
        "Pacific\/Apia": "아피아",
        "Pacific\/Auckland": "오클랜드",
        "Pacific\/Chatham": "채텀",
        "Pacific\/Easter": "이스터 섬",
        "Pacific\/Efate": "에파테",
        "Pacific\/Enderbury": "엔더베리",
        "Pacific\/Fakaofo": "파카오푸",
        "Pacific\/Fiji": "피지",
        "Pacific\/Funafuti": "푸나푸티",
        "Pacific\/Galapagos": "갈라파고스",
        "Pacific\/Gambier": "감비어",
        "Pacific\/Guadalcanal": "과달카날",
        "Pacific\/Guam": "괌",
        "Pacific\/Honolulu": "호놀룰루",
        "Pacific\/Johnston": "존스톤",
        "Pacific\/Kiritimati": "키리티마티",
        "Pacific\/Kosrae": "코스레",
        "Pacific\/Kwajalein": "콰잘렌",
        "Pacific\/Majuro": "마주로",
        "Pacific\/Marquesas": "마퀘사스",
        "Pacific\/Midway": "미드웨이",
        "Pacific\/Nauru": "나우루",
        "Pacific\/Niue": "니우에",
        "Pacific\/Norfolk": "노퍽",
        "Pacific\/Noumea": "누메아",
        "Pacific\/Pago_Pago": "파고파고",
        "Pacific\/Palau": "팔라우",
        "Pacific\/Pitcairn": "핏케언",
        "Pacific\/Ponape": "포나페",
        "Pacific\/Port_Moresby": "포트모르즈비",
        "Pacific\/Rarotonga": "라로통가",
        "Pacific\/Saipan": "사이판",
        "Pacific\/Tahiti": "타히티",
        "Pacific\/Tarawa": "타라와",
        "Pacific\/Tongatapu": "통가타푸",
        "Pacific\/Truk": "트루크",
        "Pacific\/Wake": "웨이크",
        "Pacific\/Wallis": "월리스"
    }
}
