{
    "Version": "2.1.8.9",
    "Names": {
        "Africa\/Abidjan": "Абиджан",
        "Africa\/Accra": "Аккра",
        "Africa\/Addis_Ababa": "Аддис-Абеба",
        "Africa\/Algiers": "Алжир",
        "Africa\/Asmera": "Асмара",
        "Africa\/Bamako": "Бамако",
        "Africa\/Bangui": "Баги",
        "Africa\/Banjul": "Банжул",
        "Africa\/Bissau": "Бисау",
        "Africa\/Blantyre": "Блантайр",
        "Africa\/Brazzaville": "Браззавилл",
        "Africa\/Bujumbura": "Бужумбура",
        "Africa\/Cairo": "Каир",
        "Africa\/Casablanca": "Касабланка",
        "Africa\/Ceuta": "Сеута",
        "Africa\/Conakry": "Конакри",
        "Africa\/Dakar": "Дакар",
        "Africa\/Dar_es_Salaam": "Дар эс Салаам",
        "Africa\/Djibouti": "Жибути",
        "Africa\/Douala": "Дуала",
        "Africa\/El_Aaiun": "Эл Айун",
        "Africa\/Freetown": "Фритаун",
        "Africa\/Gaborone": "Габороне",
        "Africa\/Harare": "Хараре",
        "Africa\/Johannesburg": "Йоханнесбург",
        "Africa\/Juba": "Жуба",
        "Africa\/Kampala": "Кампала",
        "Africa\/Khartoum": "Картум",
        "Africa\/Kigali": "Кигали",
        "Africa\/Kinshasa": "Киншаса",
        "Africa\/Lagos": "Лагос",
        "Africa\/Libreville": "Либревилл",
        "Africa\/Lome": "Ломе",
        "Africa\/Luanda": "Луанда",
        "Africa\/Lubumbashi": "Лубумбаши",
        "Africa\/Lusaka": "Лусака",
        "Africa\/Malabo": "Малабо",
        "Africa\/Maputo": "Мапуто",
        "Africa\/Maseru": "Масеру",
        "Africa\/Mbabane": "Мбабане",
        "Africa\/Mogadishu": "Могадишу",
        "Africa\/Monrovia": "Монровиа",
        "Africa\/Nairobi": "Найроби",
        "Africa\/Ndjamena": "Нжамена",
        "Africa\/Niamey": "Нйаме",
        "Africa\/Nouakchott": "Нуакшот",
        "Africa\/Ouagadougou": "Уагадугу",
        "Africa\/Porto-Novo": "Порто-Ново",
        "Africa\/Sao_Tome": "Сао Томе",
        "Africa\/Tripoli": "Триполи",
        "Africa\/Tunis": "Тунис",
        "Africa\/Windhoek": "Уиндхук",
        "America\/Adak": "Адак",
        "America\/Anchorage": "Анкориж",
        "America\/Anguilla": "Ангуила",
        "America\/Antigua": "Антигуа",
        "America\/Araguaina": "Арагуаина",
        "America\/Argentina\/La_Rioja": "Ла-Риоха",
        "America\/Argentina\/Rio_Gallegos": "Рио Галлегос",
        "America\/Argentina\/Salta": "Салта",
        "America\/Argentina\/San_Juan": "Сан Хуан",
        "America\/Argentina\/San_Luis": "Сан Луи",
        "America\/Argentina\/Tucuman": "Тукуман",
        "America\/Argentina\/Ushuaia": "Ушуайа",
        "America\/Aruba": "Аруба",
        "America\/Asuncion": "Асунсион",
        "America\/Bahia": "Байиа",
        "America\/Bahia_Banderas": "Баийа Бандерас",
        "America\/Barbados": "Барбадос",
        "America\/Belem": "Белем",
        "America\/Belize": "Белиз",
        "America\/Blanc-Sablon": "Бланк-Саблон",
        "America\/Boa_Vista": "Боа Виста",
        "America\/Bogota": "Богота",
        "America\/Boise": "Бойсе",
        "America\/Buenos_Aires": "Буэнос-Айрес",
        "America\/Cambridge_Bay": "Кэмбриж Бей",
        "America\/Campo_Grande": "Кампо Гранде",
        "America\/Cancun": "Канкун",
        "America\/Caracas": "Каракас",
        "America\/Catamarca": "Катамарка",
        "America\/Cayenne": "Кайен",
        "America\/Cayman": "Кайман",
        "America\/Chicago": "Чикаго",
        "America\/Chihuahua": "Чихуахуа",
        "America\/Coral_Harbour": "Атикокан",
        "America\/Cordoba": "Кордова",
        "America\/Costa_Rica": "Коста-Рика",
        "America\/Creston": "Крестон",
        "America\/Cuiaba": "Куйаба",
        "America\/Curacao": "Кюрасао",
        "America\/Danmarkshavn": "Данмарксхавн",
        "America\/Dawson": "Доусон",
        "America\/Dawson_Creek": "Доусон Грек",
        "America\/Denver": "Денвер",
        "America\/Detroit": "Детройт",
        "America\/Dominica": "Доминика",
        "America\/Edmonton": "Эдмонтон",
        "America\/Eirunepe": "Эйрунепе",
        "America\/El_Salvador": "Эл Салвадор",
        "America\/Fortaleza": "Форталеза",
        "America\/Glace_Bay": "Глейс Бей",
        "America\/Godthab": "Нуук",
        "America\/Goose_Bay": "Гус Бей",
        "America\/Grand_Turk": "Гранд Түрк",
        "America\/Grenada": "Гренада",
        "America\/Guadeloupe": "Гваделупе",
        "America\/Guatemala": "Гватемала",
        "America\/Guayaquil": "Гуайакил",
        "America\/Guyana": "Гуйана",
        "America\/Halifax": "Галифакс",
        "America\/Havana": "Гавана",
        "America\/Hermosillo": "Эрмосилло",
        "America\/Indiana\/Knox": "Нокс, Индиана",
        "America\/Indiana\/Marengo": "Маренго, Индиана",
        "America\/Indiana\/Petersburg": "Питерсбург, Индиана",
        "America\/Indiana\/Tell_City": "Телл Сити, Индиана",
        "America\/Indiana\/Vevay": "Вивей, Индиана",
        "America\/Indiana\/Vincennes": "Винсен, Индиана",
        "America\/Indiana\/Winamac": "Уинамак, Индиана",
        "America\/Indianapolis": "Индианаполис",
        "America\/Inuvik": "Инувик",
        "America\/Iqaluit": "Икалуит",
        "America\/Jamaica": "Ямайка",
        "America\/Jujuy": "Жужуй",
        "America\/Juneau": "Жуно",
        "America\/Kentucky\/Monticello": "Монтичелло, Кентукки",
        "America\/Kralendijk": "Кралендейк",
        "America\/La_Paz": "Ла Пас",
        "America\/Lima": "Лима",
        "America\/Los_Angeles": "Лос-Анжелес",
        "America\/Louisville": "Луизвилл",
        "America\/Lower_Princes": "Лоуэр Принсес Куате",
        "America\/Maceio": "Масейо",
        "America\/Managua": "Манагуа",
        "America\/Manaus": "Манаус",
        "America\/Marigot": "Мариго",
        "America\/Martinique": "Мартиник",
        "America\/Matamoros": "Матаморос",
        "America\/Mazatlan": "Мазатлан",
        "America\/Mendoza": "Мендоза",
        "America\/Menominee": "Меномини",
        "America\/Merida": "Мерида",
        "America\/Metlakatla": "Метлакатла",
        "America\/Mexico_City": "Мехико шаары",
        "America\/Miquelon": "Микелон",
        "America\/Moncton": "Монктон",
        "America\/Monterrey": "Монтерей",
        "America\/Montevideo": "Монтевидео",
        "America\/Montserrat": "Монсерат",
        "America\/Nassau": "Нассау",
        "America\/New_York": "Нью-Йорк",
        "America\/Nipigon": "Нипигон",
        "America\/Nome": "Ном",
        "America\/Noronha": "Норониа",
        "America\/North_Dakota\/Beulah": "Беула, Түндүк Дакота",
        "America\/North_Dakota\/Center": "Сентер, Түндүк Дакота",
        "America\/North_Dakota\/New_Salem": "Нью-Салем, Түндүк Дакота",
        "America\/Ojinaga": "Охинага",
        "America\/Panama": "Панама",
        "America\/Pangnirtung": "Пангиртуӊ",
        "America\/Paramaribo": "Парамарибо",
        "America\/Phoenix": "Феникс",
        "America\/Port-au-Prince": "Порт-о-Пренс",
        "America\/Port_of_Spain": "Порт оф Спейн",
        "America\/Porto_Velho": "Порто Велио",
        "America\/Puerto_Rico": "Пуэрто-Рико",
        "America\/Rainy_River": "Рейни Ривер",
        "America\/Rankin_Inlet": "Рэнкин Инлет",
        "America\/Recife": "Ресифи",
        "America\/Regina": "Регина",
        "America\/Resolute": "Резолут",
        "America\/Rio_Branco": "Рио Бранко",
        "America\/Santa_Isabel": "Санта Изабел",
        "America\/Santarem": "Сантарем",
        "America\/Santiago": "Сантиаго",
        "America\/Santo_Domingo": "Санто Доминго",
        "America\/Sao_Paulo": "Сао Пауло",
        "America\/Scoresbysund": "Иттоккортоормиит",
        "America\/Sitka": "Ситка",
        "America\/St_Barthelemy": "Сент-Бартелеми",
        "America\/St_Johns": "Сент Жонс",
        "America\/St_Kitts": "Сент-Китс",
        "America\/St_Lucia": "Санта Лючия",
        "America\/St_Thomas": "Сент-Томас",
        "America\/St_Vincent": "Сент-Винсент",
        "America\/Swift_Current": "Свифт Каррент",
        "America\/Tegucigalpa": "Тегусигальпа",
        "America\/Thule": "Туле",
        "America\/Thunder_Bay": "Сандер Бей",
        "America\/Tijuana": "Тихуана",
        "America\/Toronto": "Торонто",
        "America\/Tortola": "Тортола",
        "America\/Vancouver": "Ванкувер",
        "America\/Whitehorse": "Уайтхорс",
        "America\/Winnipeg": "Уиннипег",
        "America\/Yakutat": "Якутат",
        "America\/Yellowknife": "Йеллоунайф",
        "Antarctica\/Casey": "Кейси",
        "Antarctica\/Davis": "Дэвис",
        "Antarctica\/DumontDUrville": "Дүмон д-Өрвил",
        "Antarctica\/Macquarie": "Маккуори",
        "Antarctica\/Mawson": "Моосон",
        "Antarctica\/McMurdo": "МакМөрдо",
        "Antarctica\/Palmer": "Палмер",
        "Antarctica\/Rothera": "Ротера",
        "Antarctica\/Syowa": "Саоа",
        "Antarctica\/Troll": "Тролл",
        "Antarctica\/Vostok": "Восток",
        "Arctic\/Longyearbyen": "Лонгйербиен",
        "Asia\/Aden": "Аден",
        "Asia\/Almaty": "Алматы",
        "Asia\/Amman": "Амман",
        "Asia\/Anadyr": "Анадыр",
        "Asia\/Aqtau": "Актау",
        "Asia\/Aqtobe": "Актобе",
        "Asia\/Ashgabat": "Ашхабад",
        "Asia\/Baghdad": "Багдад",
        "Asia\/Bahrain": "Бахрейн",
        "Asia\/Baku": "Баку",
        "Asia\/Bangkok": "Бангкок",
        "Asia\/Beirut": "Бейрут",
        "Asia\/Bishkek": "Бишкек",
        "Asia\/Brunei": "Бруней",
        "Asia\/Calcutta": "Калькутта",
        "Asia\/Choibalsan": "Чойбалсан",
        "Asia\/Chongqing": "Чунцин",
        "Asia\/Colombo": "Коломбо",
        "Asia\/Damascus": "Дамаск",
        "Asia\/Dhaka": "Дакка",
        "Asia\/Dili": "Дили",
        "Asia\/Dubai": "Дубай",
        "Asia\/Dushanbe": "Дүйшөмбү",
        "Asia\/Gaza": "Газа",
        "Asia\/Harbin": "Харбин",
        "Asia\/Hebron": "Хеброн",
        "Asia\/Hong_Kong": "Гонконг",
        "Asia\/Hovd": "Ховд",
        "Asia\/Irkutsk": "Иркутск",
        "Asia\/Jakarta": "Жакарта",
        "Asia\/Jayapura": "Жайапура",
        "Asia\/Jerusalem": "Иерусалим",
        "Asia\/Kabul": "Кабул",
        "Asia\/Kamchatka": "Камчатка",
        "Asia\/Karachi": "Карачи",
        "Asia\/Kashgar": "Кашкар",
        "Asia\/Katmandu": "Катманду",
        "Asia\/Khandyga": "Кандыга",
        "Asia\/Krasnoyarsk": "Красноярск",
        "Asia\/Kuala_Lumpur": "Куала Лумпур",
        "Asia\/Kuching": "Кучиӊ",
        "Asia\/Kuwait": "Кувейт",
        "Asia\/Macau": "Макау",
        "Asia\/Magadan": "Магадан",
        "Asia\/Makassar": "Макассар",
        "Asia\/Manila": "Манила",
        "Asia\/Muscat": "Мускат",
        "Asia\/Nicosia": "Никосия",
        "Asia\/Novokuznetsk": "Новокузнецк",
        "Asia\/Novosibirsk": "Новосибирск",
        "Asia\/Omsk": "Омск",
        "Asia\/Oral": "Орал",
        "Asia\/Phnom_Penh": "Пномпень",
        "Asia\/Pontianak": "Понтианак",
        "Asia\/Pyongyang": "Пхенйан",
        "Asia\/Qatar": "Катар",
        "Asia\/Qyzylorda": "Кызылорда",
        "Asia\/Rangoon": "Рангун",
        "Asia\/Riyadh": "Рийад",
        "Asia\/Saigon": "Хо Ши Мин",
        "Asia\/Sakhalin": "Сахалин",
        "Asia\/Samarkand": "Самарканд",
        "Asia\/Seoul": "Сеул",
        "Asia\/Shanghai": "Шанхай",
        "Asia\/Singapore": "Сингапур",
        "Asia\/Taipei": "Тайпей",
        "Asia\/Tashkent": "Ташкент",
        "Asia\/Tbilisi": "Тбилиси",
        "Asia\/Tehran": "Тегеран",
        "Asia\/Thimphu": "Тимпу",
        "Asia\/Tokyo": "Токио",
        "Asia\/Ulaanbaatar": "Улан-Батор",
        "Asia\/Urumqi": "Үрүмчү",
        "Asia\/Ust-Nera": "Усть-Нера",
        "Asia\/Vientiane": "Виентиан",
        "Asia\/Vladivostok": "Владивосток",
        "Asia\/Yakutsk": "Якутск",
        "Asia\/Yekaterinburg": "Екатеринбург",
        "Asia\/Yerevan": "Ереван",
        "Atlantic\/Azores": "Азорс",
        "Atlantic\/Bermuda": "Бермуда",
        "Atlantic\/Canary": "Канари",
        "Atlantic\/Cape_Verde": "Капе Верде",
        "Atlantic\/Faeroe": "Фарер",
        "Atlantic\/Madeira": "Мадейра",
        "Atlantic\/Reykjavik": "Рейкьявик",
        "Atlantic\/South_Georgia": "Түштүк Жоржия",
        "Atlantic\/St_Helena": "Сент Елена",
        "Atlantic\/Stanley": "Стэнли",
        "Australia\/Adelaide": "Аделаида",
        "Australia\/Brisbane": "Брисбен",
        "Australia\/Broken_Hill": "Броукен Хил",
        "Australia\/Currie": "Керри",
        "Australia\/Darwin": "Дарвин",
        "Australia\/Eucla": "Юкла",
        "Australia\/Hobart": "Хобарт",
        "Australia\/Lindeman": "Линдеман",
        "Australia\/Lord_Howe": "Лорд Хау",
        "Australia\/Melbourne": "Мельбурн",
        "Australia\/Perth": "Перт",
        "Australia\/Sydney": "Сидней",
        "Etc\/Unknown": "белгисиз шаар",
        "Europe\/Amsterdam": "Амстердам",
        "Europe\/Andorra": "Андорра",
        "Europe\/Athens": "Афины",
        "Europe\/Belgrade": "Белград",
        "Europe\/Berlin": "Берлин",
        "Europe\/Bratislava": "Братислава",
        "Europe\/Brussels": "Брюсель",
        "Europe\/Bucharest": "Бухарест",
        "Europe\/Budapest": "Будапешт",
        "Europe\/Busingen": "Бузинген",
        "Europe\/Chisinau": "Кишинев",
        "Europe\/Copenhagen": "Копенгаген",
        "Europe\/Dublin": "Дублин",
        "Europe\/Gibraltar": "Гибралтар",
        "Europe\/Guernsey": "Гернси",
        "Europe\/Helsinki": "Хельсинки",
        "Europe\/Isle_of_Man": "Мэн аралы",
        "Europe\/Istanbul": "Стамбул",
        "Europe\/Jersey": "Жерси",
        "Europe\/Kaliningrad": "Калининград",
        "Europe\/Kiev": "Киев",
        "Europe\/Lisbon": "Лиссабон",
        "Europe\/Ljubljana": "Любляна",
        "Europe\/London": "Лондон",
        "Europe\/Luxembourg": "Люксембург",
        "Europe\/Madrid": "Мадрид",
        "Europe\/Malta": "Мальта",
        "Europe\/Mariehamn": "Мариехамн",
        "Europe\/Minsk": "Минск",
        "Europe\/Monaco": "Монако",
        "Europe\/Moscow": "Москва",
        "Europe\/Oslo": "Осло",
        "Europe\/Paris": "Париж",
        "Europe\/Podgorica": "Подгорица",
        "Europe\/Prague": "Прага",
        "Europe\/Riga": "Рига",
        "Europe\/Rome": "Рим",
        "Europe\/Samara": "Самара",
        "Europe\/San_Marino": "Сан Марино",
        "Europe\/Sarajevo": "Сараево",
        "Europe\/Simferopol": "Симферополь",
        "Europe\/Skopje": "Скопйе",
        "Europe\/Sofia": "София",
        "Europe\/Stockholm": "Стокгольм",
        "Europe\/Tallinn": "Таллин",
        "Europe\/Tirane": "Тирана",
        "Europe\/Uzhgorod": "Ужгород",
        "Europe\/Vaduz": "Фадуц",
        "Europe\/Vatican": "Ватикан",
        "Europe\/Vienna": "Вена",
        "Europe\/Vilnius": "Вильнюс",
        "Europe\/Volgograd": "Волгоград",
        "Europe\/Warsaw": "Варшава",
        "Europe\/Zagreb": "Загреб",
        "Europe\/Zaporozhye": "Запорожье",
        "Europe\/Zurich": "Цюрих",
        "Indian\/Antananarivo": "Антананариво",
        "Indian\/Chagos": "Чагос",
        "Indian\/Christmas": "Крисмас",
        "Indian\/Cocos": "Кокос",
        "Indian\/Comoro": "Коморо",
        "Indian\/Kerguelen": "Кергелен",
        "Indian\/Mahe": "Маэ",
        "Indian\/Maldives": "Малдивз",
        "Indian\/Mauritius": "Маврикий",
        "Indian\/Mayotte": "Майотт",
        "Indian\/Reunion": "Реюнион",
        "Pacific\/Apia": "Апиа",
        "Pacific\/Auckland": "Оклэнд",
        "Pacific\/Chatham": "Чатем",
        "Pacific\/Easter": "Истер",
        "Pacific\/Efate": "Эфат",
        "Pacific\/Enderbury": "Эндербери",
        "Pacific\/Fakaofo": "Факаофо",
        "Pacific\/Fiji": "Фижи",
        "Pacific\/Funafuti": "Фунафути",
        "Pacific\/Galapagos": "Галапагос",
        "Pacific\/Gambier": "Гамбие",
        "Pacific\/Guadalcanal": "Гуадалканал",
        "Pacific\/Guam": "Гуам",
        "Pacific\/Honolulu": "Гонолулу",
        "Pacific\/Johnston": "Жонстон",
        "Pacific\/Kiritimati": "Киритимати",
        "Pacific\/Kosrae": "Козрае",
        "Pacific\/Kwajalein": "Куажалейн",
        "Pacific\/Majuro": "Мажуро",
        "Pacific\/Marquesas": "Маркезас",
        "Pacific\/Midway": "Мидуэй",
        "Pacific\/Nauru": "Науру",
        "Pacific\/Niue": "Ниуэ",
        "Pacific\/Norfolk": "Норфолк",
        "Pacific\/Noumea": "Нумеа",
        "Pacific\/Pago_Pago": "Паго Паго",
        "Pacific\/Palau": "Палау",
        "Pacific\/Pitcairn": "Питкэрн",
        "Pacific\/Ponape": "Понпей",
        "Pacific\/Port_Moresby": "Порт Моэрсби",
        "Pacific\/Rarotonga": "Раготонга",
        "Pacific\/Saipan": "Сайпан",
        "Pacific\/Tahiti": "Таити",
        "Pacific\/Tarawa": "Тарава",
        "Pacific\/Tongatapu": "Тонгатапу",
        "Pacific\/Truk": "Чуук",
        "Pacific\/Wake": "Уейк",
        "Pacific\/Wallis": "Уолис"
    }
}
