{
    "Version": "2.1.8.9",
    "Names": {
        "Africa\/Abidjan": "Abidžana",
        "Africa\/Accra": "Akra",
        "Africa\/Addis_Ababa": "Adisabeba",
        "Africa\/Algiers": "Alžīra",
        "Africa\/Asmera": "Asmara",
        "Africa\/Bamako": "Bamako",
        "Africa\/Bangui": "Bangi",
        "Africa\/Banjul": "Bandžula",
        "Africa\/Bissau": "Bisava",
        "Africa\/Blantyre": "Blantaira",
        "Africa\/Brazzaville": "Brazavila",
        "Africa\/Bujumbura": "Bužumbura",
        "Africa\/Cairo": "Kaira",
        "Africa\/Casablanca": "Kasablanka",
        "Africa\/Ceuta": "Seuta",
        "Africa\/Conakry": "Konakri",
        "Africa\/Dakar": "Dakara",
        "Africa\/Dar_es_Salaam": "Dāresalāma",
        "Africa\/Djibouti": "Džibutija",
        "Africa\/Douala": "Duala",
        "Africa\/El_Aaiun": "Ajūna",
        "Africa\/Freetown": "Frītauna",
        "Africa\/Gaborone": "Gaborone",
        "Africa\/Harare": "Harare",
        "Africa\/Johannesburg": "Johannesburga",
        "Africa\/Juba": "Džūba",
        "Africa\/Kampala": "Kampala",
        "Africa\/Khartoum": "Hartūma",
        "Africa\/Kigali": "Kigali",
        "Africa\/Kinshasa": "Kinšasa",
        "Africa\/Lagos": "Lagosa",
        "Africa\/Libreville": "Librevila",
        "Africa\/Lome": "Lome",
        "Africa\/Luanda": "Luanda",
        "Africa\/Lubumbashi": "Lubumbaši",
        "Africa\/Lusaka": "Lusaka",
        "Africa\/Malabo": "Malabo",
        "Africa\/Maputo": "Maputu",
        "Africa\/Maseru": "Maseru",
        "Africa\/Mbabane": "Mbabane",
        "Africa\/Mogadishu": "Mogadīšo",
        "Africa\/Monrovia": "Monrovija",
        "Africa\/Nairobi": "Nairobi",
        "Africa\/Ndjamena": "Ndžamena",
        "Africa\/Niamey": "Niameja",
        "Africa\/Nouakchott": "Nuakšota",
        "Africa\/Ouagadougou": "Vagadugu",
        "Africa\/Porto-Novo": "Portonovo",
        "Africa\/Sao_Tome": "Santome",
        "Africa\/Tripoli": "Tripole",
        "Africa\/Tunis": "Tunisa",
        "Africa\/Windhoek": "Vindhuka",
        "America\/Adak": "Adaka",
        "America\/Anchorage": "Ankurāža",
        "America\/Anguilla": "Angilja",
        "America\/Antigua": "Antigva",
        "America\/Araguaina": "Aragvaina",
        "America\/Argentina\/La_Rioja": "Larjoha",
        "America\/Argentina\/Rio_Gallegos": "Riogaljegosa",
        "America\/Argentina\/Salta": "Salta",
        "America\/Argentina\/San_Juan": "Sanhuana",
        "America\/Argentina\/San_Luis": "Sanluisa",
        "America\/Argentina\/Tucuman": "Tukumana",
        "America\/Argentina\/Ushuaia": "Ušuaja",
        "America\/Aruba": "Aruba",
        "America\/Asuncion": "Asunsjona",
        "America\/Bahia": "Baija",
        "America\/Bahia_Banderas": "Bajabanderasa",
        "America\/Barbados": "Barbadosa",
        "America\/Belem": "Belena",
        "America\/Belize": "Beliza",
        "America\/Blanc-Sablon": "Blansablona",
        "America\/Boa_Vista": "Boavista",
        "America\/Bogota": "Bogota",
        "America\/Boise": "Boisisitija",
        "America\/Buenos_Aires": "Buenosairesa",
        "America\/Cambridge_Bay": "Keimbridžbeja",
        "America\/Campo_Grande": "Kampugrandi",
        "America\/Cancun": "Kankuna",
        "America\/Caracas": "Karakasa",
        "America\/Catamarca": "Katamarka",
        "America\/Cayenne": "Kajenna",
        "America\/Cayman": "Kaimanu salas",
        "America\/Chicago": "Čikāga",
        "America\/Chihuahua": "Čivava",
        "America\/Coral_Harbour": "Atikokana",
        "America\/Cordoba": "Kordova",
        "America\/Costa_Rica": "Kostarika",
        "America\/Creston": "Krestona",
        "America\/Cuiaba": "Kujaba",
        "America\/Curacao": "Kirasao",
        "America\/Danmarkshavn": "Denmārkšavna",
        "America\/Dawson": "Dousona",
        "America\/Dawson_Creek": "Dousonkrīka",
        "America\/Denver": "Denvera",
        "America\/Detroit": "Detroita",
        "America\/Dominica": "Dominika",
        "America\/Edmonton": "Edmontona",
        "America\/Eirunepe": "Eirunepe",
        "America\/El_Salvador": "Salvadora",
        "America\/Fortaleza": "Fortaleza",
        "America\/Glace_Bay": "Gleisbeja",
        "America\/Godthab": "Nūka",
        "America\/Goose_Bay": "Gūsbeja",
        "America\/Grand_Turk": "Grandtkērka",
        "America\/Grenada": "Grenāda",
        "America\/Guadeloupe": "Gvadelupa",
        "America\/Guatemala": "Gvatemala",
        "America\/Guayaquil": "Gvajakila",
        "America\/Guyana": "Gajāna",
        "America\/Halifax": "Helifeksa",
        "America\/Havana": "Havana",
        "America\/Hermosillo": "Ermosiljo",
        "America\/Indiana\/Knox": "Noksa, Indiāna",
        "America\/Indiana\/Marengo": "Marengo, Indiāna",
        "America\/Indiana\/Petersburg": "Pītersbērga, Indiāna",
        "America\/Indiana\/Tell_City": "Telsitija, Indiāna",
        "America\/Indiana\/Vevay": "Vīveja, Indiāna",
        "America\/Indiana\/Vincennes": "Vinsensa, Indiāna",
        "America\/Indiana\/Winamac": "Vinamaka, Indiāna",
        "America\/Indianapolis": "Indianapolisa",
        "America\/Inuvik": "Inuvika",
        "America\/Iqaluit": "Ikaluita",
        "America\/Jamaica": "Jamaika",
        "America\/Jujuy": "Huhuja",
        "America\/Juneau": "Džuno",
        "America\/Kentucky\/Monticello": "Montičelo, Kentuki",
        "America\/Kralendijk": "Krālendeika",
        "America\/La_Paz": "Lapasa",
        "America\/Lima": "Lima",
        "America\/Los_Angeles": "Losandželosa",
        "America\/Louisville": "Lūivila",
        "America\/Lower_Princes": "Louerprinseskvotera",
        "America\/Maceio": "Masejo",
        "America\/Managua": "Managva",
        "America\/Manaus": "Manausa",
        "America\/Marigot": "Merigota",
        "America\/Martinique": "Martinika",
        "America\/Matamoros": "Matamorosa",
        "America\/Mazatlan": "Masatlana",
        "America\/Mendoza": "Mendosa",
        "America\/Menominee": "Menominī",
        "America\/Merida": "Merida",
        "America\/Metlakatla": "Metlakatla",
        "America\/Mexico_City": "Mehiko",
        "America\/Miquelon": "Mikelona",
        "America\/Moncton": "Monktona",
        "America\/Monterrey": "Monterreja",
        "America\/Montevideo": "Montevideo",
        "America\/Montserrat": "Montserrata",
        "America\/Nassau": "Naso",
        "America\/New_York": "Ņujorka",
        "America\/Nipigon": "Nipigona",
        "America\/Nome": "Noma",
        "America\/Noronha": "Noroņa",
        "America\/North_Dakota\/Beulah": "Bjula, Ziemeļdakota",
        "America\/North_Dakota\/Center": "Sentera, Ziemeļdakota",
        "America\/North_Dakota\/New_Salem": "Ņūseilema, Ziemeļdakota",
        "America\/Ojinaga": "Ohinaga",
        "America\/Panama": "Panama",
        "America\/Pangnirtung": "Pannirtuna",
        "America\/Paramaribo": "Paramaribo",
        "America\/Phoenix": "Fīniksa",
        "America\/Port-au-Prince": "Portoprensa",
        "America\/Port_of_Spain": "Portofspeina",
        "America\/Porto_Velho": "Portuveļu",
        "America\/Puerto_Rico": "Puertoriko",
        "America\/Rainy_River": "Reinirivera",
        "America\/Rankin_Inlet": "Rankininleta",
        "America\/Recife": "Resifi",
        "America\/Regina": "Ridžaina",
        "America\/Resolute": "Rezolūta",
        "America\/Rio_Branco": "Riobranko",
        "America\/Santa_Isabel": "Santaisabela",
        "America\/Santarem": "Santarena",
        "America\/Santiago": "Santjago",
        "America\/Santo_Domingo": "Santodomingo",
        "America\/Sao_Paulo": "Sanpaulu",
        "America\/Scoresbysund": "Itokortormita",
        "America\/Sitka": "Sitka",
        "America\/St_Barthelemy": "Senbartelmī",
        "America\/St_Johns": "Sentdžonsa",
        "America\/St_Kitts": "Sentkitsa",
        "America\/St_Lucia": "Sentlūsija",
        "America\/St_Thomas": "Sentomasa",
        "America\/St_Vincent": "Sentvinsenta",
        "America\/Swift_Current": "Sviftkarenta",
        "America\/Tegucigalpa": "Tegusigalpa",
        "America\/Thule": "Tule",
        "America\/Thunder_Bay": "Tanderbeja",
        "America\/Tijuana": "Tihuana",
        "America\/Toronto": "Toronto",
        "America\/Tortola": "Tortola",
        "America\/Vancouver": "Vankūvera",
        "America\/Whitehorse": "Vaithorsa",
        "America\/Winnipeg": "Vinipega",
        "America\/Yakutat": "Jakutata",
        "America\/Yellowknife": "Jelounaifa",
        "Antarctica\/Casey": "Keisi",
        "Antarctica\/Davis": "Deivisa",
        "Antarctica\/DumontDUrville": "Dimondirvila",
        "Antarctica\/Macquarie": "Makvori",
        "Antarctica\/Mawson": "Mosona",
        "Antarctica\/McMurdo": "Makmerdo",
        "Antarctica\/Palmer": "Pālmera",
        "Antarctica\/Rothera": "Rotera",
        "Antarctica\/Syowa": "Šova",
        "Antarctica\/Troll": "Trolla",
        "Antarctica\/Vostok": "Vostoka",
        "Arctic\/Longyearbyen": "Longjērbīene",
        "Asia\/Aden": "Adena",
        "Asia\/Almaty": "Almati",
        "Asia\/Amman": "Ammāna",
        "Asia\/Anadyr": "Anadira",
        "Asia\/Aqtau": "Aktau",
        "Asia\/Aqtobe": "Aktebe",
        "Asia\/Ashgabat": "Ašgabata",
        "Asia\/Baghdad": "Bagdāde",
        "Asia\/Bahrain": "Bahreina",
        "Asia\/Baku": "Baku",
        "Asia\/Bangkok": "Bangkoka",
        "Asia\/Beirut": "Beirūta",
        "Asia\/Bishkek": "Biškeka",
        "Asia\/Brunei": "Bruneja",
        "Asia\/Calcutta": "Kalkāta",
        "Asia\/Choibalsan": "Čoibalsana",
        "Asia\/Chongqing": "Čuncjina",
        "Asia\/Colombo": "Kolombo",
        "Asia\/Damascus": "Damaska",
        "Asia\/Dhaka": "Daka",
        "Asia\/Dili": "Dili",
        "Asia\/Dubai": "Dubaija",
        "Asia\/Dushanbe": "Dušanbe",
        "Asia\/Gaza": "Gaza",
        "Asia\/Harbin": "Harbina",
        "Asia\/Hebron": "Hebrona",
        "Asia\/Hong_Kong": "Honkonga",
        "Asia\/Hovd": "Hovda",
        "Asia\/Irkutsk": "Irkutska",
        "Asia\/Jakarta": "Džakarta",
        "Asia\/Jayapura": "Džajapura",
        "Asia\/Jerusalem": "Jeruzaleme",
        "Asia\/Kabul": "Kabula",
        "Asia\/Kamchatka": "Kamčatka",
        "Asia\/Karachi": "Karāči",
        "Asia\/Kashgar": "Keškera",
        "Asia\/Katmandu": "Katmandu",
        "Asia\/Khandyga": "Handiga",
        "Asia\/Krasnoyarsk": "Krasnojarska",
        "Asia\/Kuala_Lumpur": "Kualalumpura",
        "Asia\/Kuching": "Kučina",
        "Asia\/Kuwait": "Kuveita",
        "Asia\/Macau": "Makao",
        "Asia\/Magadan": "Magadana",
        "Asia\/Makassar": "Makasara",
        "Asia\/Manila": "Manila",
        "Asia\/Muscat": "Maskata",
        "Asia\/Nicosia": "Nikosija",
        "Asia\/Novokuznetsk": "Novokuzņecka",
        "Asia\/Novosibirsk": "Novosibirska",
        "Asia\/Omsk": "Omska",
        "Asia\/Oral": "Orala",
        "Asia\/Phnom_Penh": "Pnompeņa",
        "Asia\/Pontianak": "Pontianaka",
        "Asia\/Pyongyang": "Phenjana",
        "Asia\/Qatar": "Katara",
        "Asia\/Qyzylorda": "Kizilorda",
        "Asia\/Rangoon": "Ranguna",
        "Asia\/Riyadh": "Rijāda",
        "Asia\/Saigon": "Hošimina",
        "Asia\/Sakhalin": "Sahalīna",
        "Asia\/Samarkand": "Samarkanda",
        "Asia\/Seoul": "Seula",
        "Asia\/Shanghai": "Šanhaja",
        "Asia\/Singapore": "Singapūra",
        "Asia\/Taipei": "Taibei",
        "Asia\/Tashkent": "Taškenta",
        "Asia\/Tbilisi": "Tbilisi",
        "Asia\/Tehran": "Teherāna",
        "Asia\/Thimphu": "Thimphu",
        "Asia\/Tokyo": "Tokija",
        "Asia\/Ulaanbaatar": "Ulanbatora",
        "Asia\/Urumqi": "Urumči",
        "Asia\/Ust-Nera": "Ustjņera",
        "Asia\/Vientiane": "Vjenčana",
        "Asia\/Vladivostok": "Vladivostoka",
        "Asia\/Yakutsk": "Jakutska",
        "Asia\/Yekaterinburg": "Jekaterinburga",
        "Asia\/Yerevan": "Erevāna",
        "Atlantic\/Azores": "Azoru salas",
        "Atlantic\/Bermuda": "Bermuda",
        "Atlantic\/Canary": "Kanāriju salas",
        "Atlantic\/Cape_Verde": "Kaboverde",
        "Atlantic\/Faeroe": "Fēru salas",
        "Atlantic\/Madeira": "Madeira",
        "Atlantic\/Reykjavik": "Reikjavika",
        "Atlantic\/South_Georgia": "Dienviddžordžija",
        "Atlantic\/St_Helena": "Sv.Helēnas sala",
        "Atlantic\/Stanley": "Stenli",
        "Australia\/Adelaide": "Adelaida",
        "Australia\/Brisbane": "Brisbena",
        "Australia\/Broken_Hill": "Brokenhila",
        "Australia\/Currie": "Kari",
        "Australia\/Darwin": "Dārvina",
        "Australia\/Eucla": "Jukla",
        "Australia\/Hobart": "Hobārta",
        "Australia\/Lindeman": "Lindemana",
        "Australia\/Lord_Howe": "Lordhava",
        "Australia\/Melbourne": "Melburna",
        "Australia\/Perth": "Pērta",
        "Australia\/Sydney": "Sidneja",
        "Etc\/Unknown": "nezināma pilsēta",
        "Europe\/Amsterdam": "Amsterdama",
        "Europe\/Andorra": "Andora",
        "Europe\/Athens": "Atēnas",
        "Europe\/Belgrade": "Belgrada",
        "Europe\/Berlin": "Berlīne",
        "Europe\/Bratislava": "Bratislava",
        "Europe\/Brussels": "Brisele",
        "Europe\/Bucharest": "Bukareste",
        "Europe\/Budapest": "Budapešta",
        "Europe\/Busingen": "Bīzingene",
        "Europe\/Chisinau": "Kišiņeva",
        "Europe\/Copenhagen": "Kopenhāgena",
        "Europe\/Dublin": "Dublina",
        "Europe\/Gibraltar": "Gibraltārs",
        "Europe\/Guernsey": "Gērnsija",
        "Europe\/Helsinki": "Helsinki",
        "Europe\/Isle_of_Man": "Menas sala",
        "Europe\/Istanbul": "Stambula",
        "Europe\/Jersey": "Džērsija",
        "Europe\/Kaliningrad": "Kaļiņingrada",
        "Europe\/Kiev": "Kijeva",
        "Europe\/Lisbon": "Lisabona",
        "Europe\/Ljubljana": "Ļubļana",
        "Europe\/London": "Londona",
        "Europe\/Luxembourg": "Luksemburga",
        "Europe\/Madrid": "Madride",
        "Europe\/Malta": "Malta",
        "Europe\/Mariehamn": "Mariehamna",
        "Europe\/Minsk": "Minska",
        "Europe\/Monaco": "Monako",
        "Europe\/Moscow": "Maskava",
        "Europe\/Oslo": "Oslo",
        "Europe\/Paris": "Parīze",
        "Europe\/Podgorica": "Podgorica",
        "Europe\/Prague": "Prāga",
        "Europe\/Riga": "Rīga",
        "Europe\/Rome": "Roma",
        "Europe\/Samara": "Samara",
        "Europe\/San_Marino": "Sanmarīno",
        "Europe\/Sarajevo": "Sarajeva",
        "Europe\/Simferopol": "Simferopole",
        "Europe\/Skopje": "Skopje",
        "Europe\/Sofia": "Sofija",
        "Europe\/Stockholm": "Stokholma",
        "Europe\/Tallinn": "Tallina",
        "Europe\/Tirane": "Tirāna",
        "Europe\/Uzhgorod": "Užhoroda",
        "Europe\/Vaduz": "Vaduca",
        "Europe\/Vatican": "Vatikāns",
        "Europe\/Vienna": "Vīne",
        "Europe\/Vilnius": "Viļņa",
        "Europe\/Volgograd": "Volgograda",
        "Europe\/Warsaw": "Varšava",
        "Europe\/Zagreb": "Zagreba",
        "Europe\/Zaporozhye": "Zaporožje",
        "Europe\/Zurich": "Cīrihe",
        "Indian\/Antananarivo": "Antananarivu",
        "Indian\/Chagos": "Čagosu arhipelāgs",
        "Indian\/Christmas": "Ziemsvētku sala",
        "Indian\/Cocos": "Kokosa sala",
        "Indian\/Comoro": "Komoras",
        "Indian\/Kerguelen": "Kergelēna sala",
        "Indian\/Mahe": "Mae",
        "Indian\/Maldives": "Maldīvija",
        "Indian\/Mauritius": "Maurīcija",
        "Indian\/Mayotte": "Majota",
        "Indian\/Reunion": "Reinjona",
        "Pacific\/Apia": "Apija",
        "Pacific\/Auckland": "Oklenda",
        "Pacific\/Chatham": "Četema",
        "Pacific\/Easter": "Lieldienu sala",
        "Pacific\/Efate": "Efate",
        "Pacific\/Enderbury": "Enderberija",
        "Pacific\/Fakaofo": "Fakaofo",
        "Pacific\/Fiji": "Fidži",
        "Pacific\/Funafuti": "Funafuti",
        "Pacific\/Galapagos": "Galapagu salas",
        "Pacific\/Gambier": "Gambjē salas",
        "Pacific\/Guadalcanal": "Gvadalkanala",
        "Pacific\/Guam": "Guama",
        "Pacific\/Honolulu": "Honolulu",
        "Pacific\/Johnston": "Džonstona atols",
        "Pacific\/Kiritimati": "Kirisimasi",
        "Pacific\/Kosrae": "Kosraja",
        "Pacific\/Kwajalein": "Kvadžaleina",
        "Pacific\/Majuro": "Madžuro",
        "Pacific\/Marquesas": "Marķīza salas",
        "Pacific\/Midway": "Midvejs",
        "Pacific\/Nauru": "Nauru",
        "Pacific\/Niue": "Niue",
        "Pacific\/Norfolk": "Norfolka",
        "Pacific\/Noumea": "Numea",
        "Pacific\/Pago_Pago": "Pagopago",
        "Pacific\/Palau": "Palau",
        "Pacific\/Pitcairn": "Pitkērna",
        "Pacific\/Ponape": "Ponpeja",
        "Pacific\/Port_Moresby": "Portmorsbi",
        "Pacific\/Rarotonga": "Rarotonga",
        "Pacific\/Saipan": "Saipana",
        "Pacific\/Tahiti": "Taiti",
        "Pacific\/Tarawa": "Tarava",
        "Pacific\/Tongatapu": "Tongatapu",
        "Pacific\/Truk": "Čūka",
        "Pacific\/Wake": "Veika sala",
        "Pacific\/Wallis": "Volisa"
    }
}
