{
    "Version": "36",
    "Names": {
        "Africa\/Abidjan": "Wā Toharite Greenwich (Abidjan)",
        "Africa\/Accra": "Wā Toharite Greenwich (Accra)",
        "Africa\/Algiers": "Wā Uropi Waenga (Algiers)",
        "Africa\/Bamako": "Wā Toharite Greenwich (Bamako)",
        "Africa\/Banjul": "Wā Toharite Greenwich (Banjul)",
        "Africa\/Bissau": "Wā Toharite Greenwich (Bissau)",
        "Africa\/Cairo": "Wā Uropi Rāwhiti (Cairo)",
        "Africa\/Casablanca": "Wā Uropi Uru (Casablanca)",
        "Africa\/Ceuta": "Wā Uropi Waenga (Ceuta)",
        "Africa\/Conakry": "Wā Toharite Greenwich (Conakry)",
        "Africa\/Dakar": "Wā Toharite Greenwich (Dakar)",
        "Africa\/El_Aaiun": "Wā Uropi Uru (El Aaiun)",
        "Africa\/Freetown": "Wā Toharite Greenwich (Freetown)",
        "Africa\/Lome": "Wā Toharite Greenwich (Lome)",
        "Africa\/Monrovia": "Wā Toharite Greenwich (Monrovia)",
        "Africa\/Nouakchott": "Wā Toharite Greenwich (Nouakchott)",
        "Africa\/Ouagadougou": "Wā Toharite Greenwich (Ouagadougou)",
        "Africa\/Sao_Tome": "Wā Toharite Greenwich (Sao Tome)",
        "Africa\/Tripoli": "Wā Uropi Rāwhiti (Tripoli)",
        "Africa\/Tunis": "Wā Uropi Waenga (Tunis)",
        "America\/Adak": "Hononga o Amerika (Adak)",
        "America\/Anchorage": "Hononga o Amerika (Anchorage)",
        "America\/Anguilla": "Wā Ranatiki (Anguilla)",
        "America\/Antigua": "Wā Ranatiki (Antigua)",
        "America\/Araguaina": "Parahi (Araguaina)",
        "America\/Aruba": "Wā Ranatiki (Aruba)",
        "America\/Bahia": "Parahi (Bahia)",
        "America\/Bahia_Banderas": "Wā Waenga (Bahia Banderas)",
        "America\/Barbados": "Wā Ranatiki (Barbados)",
        "America\/Belem": "Parahi (Belem)",
        "America\/Belize": "Wā Waenga (Belize)",
        "America\/Blanc-Sablon": "Wā Ranatiki (Blanc-Sablon)",
        "America\/Boa_Vista": "Parahi (Boa Vista)",
        "America\/Boise": "Wā Maunga (Boise)",
        "America\/Cambridge_Bay": "Wā Maunga (Cambridge Bay)",
        "America\/Campo_Grande": "Parahi (Campo Grande)",
        "America\/Cancun": "Wā Rāwhiti (Cancun)",
        "America\/Cayman": "Wā Rāwhiti (Cayman)",
        "America\/Chicago": "Wā Waenga (Chicago)",
        "America\/Coral_Harbour": "Wā Rāwhiti (Atikokan)",
        "America\/Costa_Rica": "Wā Waenga (Costa Rica)",
        "America\/Creston": "Wā Maunga (Creston)",
        "America\/Cuiaba": "Parahi (Cuiaba)",
        "America\/Curacao": "Wā Ranatiki (Curacao)",
        "America\/Danmarkshavn": "Wā Toharite Greenwich (Danmarkshavn)",
        "America\/Dawson": "Wā Kiwa (Dawson)",
        "America\/Dawson_Creek": "Wā Maunga (Dawson Creek)",
        "America\/Denver": "Wā Maunga (Denver)",
        "America\/Detroit": "Wā Rāwhiti (Detroit)",
        "America\/Dominica": "Wā Ranatiki (Dominica)",
        "America\/Edmonton": "Wā Maunga (Edmonton)",
        "America\/Eirunepe": "Parahi (Eirunepe)",
        "America\/El_Salvador": "Wā Waenga (El Salvador)",
        "America\/Fort_Nelson": "Wā Maunga (Fort Nelson)",
        "America\/Fortaleza": "Parahi (Fortaleza)",
        "America\/Glace_Bay": "Wā Ranatiki (Glace Bay)",
        "America\/Goose_Bay": "Wā Ranatiki (Goose Bay)",
        "America\/Grand_Turk": "Wā Rāwhiti (Grand Turk)",
        "America\/Grenada": "Wā Ranatiki (Grenada)",
        "America\/Guadeloupe": "Wā Ranatiki (Guadeloupe)",
        "America\/Guatemala": "Wā Waenga (Guatemala)",
        "America\/Halifax": "Wā Ranatiki (Halifax)",
        "America\/Indiana\/Knox": "Wā Waenga (Knox, Indiana)",
        "America\/Indiana\/Marengo": "Wā Rāwhiti (Marengo, Indiana)",
        "America\/Indiana\/Petersburg": "Wā Rāwhiti (Petersburg, Indiana)",
        "America\/Indiana\/Tell_City": "Wā Waenga (Tell City, Indiana)",
        "America\/Indiana\/Vevay": "Wā Rāwhiti (Vevay, Indiana)",
        "America\/Indiana\/Vincennes": "Wā Rāwhiti (Vincennes, Indiana)",
        "America\/Indiana\/Winamac": "Wā Rāwhiti (Winamac, Indiana)",
        "America\/Indianapolis": "Wā Rāwhiti (Indianapolis)",
        "America\/Inuvik": "Wā Maunga (Inuvik)",
        "America\/Iqaluit": "Wā Rāwhiti (Iqaluit)",
        "America\/Jamaica": "Wā Rāwhiti (Jamaica)",
        "America\/Juneau": "Hononga o Amerika (Juneau)",
        "America\/Kentucky\/Monticello": "Wā Rāwhiti (Monticello, Kentucky)",
        "America\/Kralendijk": "Wā Ranatiki (Kralendijk)",
        "America\/Los_Angeles": "Wā Kiwa (Los Angeles)",
        "America\/Louisville": "Wā Rāwhiti (Louisville)",
        "America\/Lower_Princes": "Wā Ranatiki (Lower Prince’s Quarter)",
        "America\/Maceio": "Parahi (Maceio)",
        "America\/Managua": "Wā Waenga (Managua)",
        "America\/Manaus": "Parahi (Manaus)",
        "America\/Marigot": "Wā Ranatiki (Marigot)",
        "America\/Martinique": "Wā Ranatiki (Martinique)",
        "America\/Matamoros": "Wā Waenga (Matamoros)",
        "America\/Menominee": "Wā Waenga (Menominee)",
        "America\/Merida": "Wā Waenga (Merida)",
        "America\/Metlakatla": "Hononga o Amerika (Metlakatla)",
        "America\/Mexico_City": "Wā Waenga (Mexico City)",
        "America\/Moncton": "Wā Ranatiki (Moncton)",
        "America\/Monterrey": "Wā Waenga (Monterrey)",
        "America\/Montserrat": "Wā Ranatiki (Montserrat)",
        "America\/Nassau": "Wā Rāwhiti (Nassau)",
        "America\/New_York": "Wā Rāwhiti (New York)",
        "America\/Nipigon": "Wā Rāwhiti (Nipigon)",
        "America\/Nome": "Hononga o Amerika (Nome)",
        "America\/Noronha": "Parahi (Noronha)",
        "America\/North_Dakota\/Beulah": "Wā Waenga (Beulah, North Dakota)",
        "America\/North_Dakota\/Center": "Wā Waenga (Center, North Dakota)",
        "America\/North_Dakota\/New_Salem": "Wā Waenga (New Salem, North Dakota)",
        "America\/Ojinaga": "Wā Maunga (Ojinaga)",
        "America\/Panama": "Wā Rāwhiti (Panama)",
        "America\/Pangnirtung": "Wā Rāwhiti (Pangnirtung)",
        "America\/Phoenix": "Wā Maunga (Phoenix)",
        "America\/Port-au-Prince": "Wā Rāwhiti (Port-au-Prince)",
        "America\/Port_of_Spain": "Wā Ranatiki (Port of Spain)",
        "America\/Porto_Velho": "Parahi (Porto Velho)",
        "America\/Puerto_Rico": "Wā Ranatiki (Puerto Rico)",
        "America\/Rainy_River": "Wā Waenga (Rainy River)",
        "America\/Rankin_Inlet": "Wā Waenga (Rankin Inlet)",
        "America\/Recife": "Parahi (Recife)",
        "America\/Regina": "Wā Waenga (Regina)",
        "America\/Resolute": "Wā Waenga (Resolute)",
        "America\/Rio_Branco": "Parahi (Rio Branco)",
        "America\/Santarem": "Parahi (Santarem)",
        "America\/Santo_Domingo": "Wā Ranatiki (Santo Domingo)",
        "America\/Sao_Paulo": "Parahi (Sao Paulo)",
        "America\/Sitka": "Hononga o Amerika (Sitka)",
        "America\/St_Barthelemy": "Wā Ranatiki (St. Barthelemy)",
        "America\/St_Kitts": "Wā Ranatiki (St. Kitts)",
        "America\/St_Lucia": "Wā Ranatiki (St. Lucia)",
        "America\/St_Thomas": "Wā Ranatiki (St. Thomas)",
        "America\/St_Vincent": "Wā Ranatiki (St. Vincent)",
        "America\/Swift_Current": "Wā Waenga (Swift Current)",
        "America\/Tegucigalpa": "Wā Waenga (Tegucigalpa)",
        "America\/Thule": "Wā Ranatiki (Thule)",
        "America\/Thunder_Bay": "Wā Rāwhiti (Thunder Bay)",
        "America\/Tijuana": "Wā Kiwa (Tijuana)",
        "America\/Toronto": "Wā Rāwhiti (Toronto)",
        "America\/Tortola": "Wā Ranatiki (Tortola)",
        "America\/Vancouver": "Wā Kiwa (Vancouver)",
        "America\/Whitehorse": "Wā Kiwa (Whitehorse)",
        "America\/Winnipeg": "Wā Waenga (Winnipeg)",
        "America\/Yakutat": "Hononga o Amerika (Yakutat)",
        "America\/Yellowknife": "Wā Maunga (Yellowknife)",
        "Antarctica\/Troll": "Wā Toharite Greenwich (Troll)",
        "Arctic\/Longyearbyen": "Wā Uropi Waenga (Longyearbyen)",
        "Asia\/Amman": "Wā Uropi Rāwhiti (Amman)",
        "Asia\/Anadyr": "Rūhia (Anadyr)",
        "Asia\/Barnaul": "Rūhia (Barnaul)",
        "Asia\/Beirut": "Wā Uropi Rāwhiti (Beirut)",
        "Asia\/Calcutta": "Inia (Kolkata)",
        "Asia\/Chita": "Rūhia (Chita)",
        "Asia\/Damascus": "Wā Uropi Rāwhiti (Damascus)",
        "Asia\/Famagusta": "Wā Uropi Rāwhiti (Famagusta)",
        "Asia\/Gaza": "Wā Uropi Rāwhiti (Gaza)",
        "Asia\/Hebron": "Wā Uropi Rāwhiti (Hebron)",
        "Asia\/Irkutsk": "Rūhia (Irkutsk)",
        "Asia\/Kamchatka": "Rūhia (Kamchatka)",
        "Asia\/Khandyga": "Rūhia (Khandyga)",
        "Asia\/Krasnoyarsk": "Rūhia (Krasnoyarsk)",
        "Asia\/Magadan": "Rūhia (Magadan)",
        "Asia\/Nicosia": "Wā Uropi Rāwhiti (Nicosia)",
        "Asia\/Novokuznetsk": "Rūhia (Novokuznetsk)",
        "Asia\/Novosibirsk": "Rūhia (Novosibirsk)",
        "Asia\/Omsk": "Rūhia (Omsk)",
        "Asia\/Sakhalin": "Rūhia (Sakhalin)",
        "Asia\/Shanghai": "Haina (Shanghai)",
        "Asia\/Srednekolymsk": "Rūhia (Srednekolymsk)",
        "Asia\/Tokyo": "Hapani (Tokyo)",
        "Asia\/Tomsk": "Rūhia (Tomsk)",
        "Asia\/Urumqi": "Haina (Urumqi)",
        "Asia\/Ust-Nera": "Rūhia (Ust-Nera)",
        "Asia\/Vladivostok": "Rūhia (Vladivostok)",
        "Asia\/Yakutsk": "Rūhia (Yakutsk)",
        "Asia\/Yekaterinburg": "Rūhia (Yekaterinburg)",
        "Atlantic\/Bermuda": "Wā Ranatiki (Bermuda)",
        "Atlantic\/Canary": "Wā Uropi Uru (Canary)",
        "Atlantic\/Faeroe": "Wā Uropi Uru (Faroe)",
        "Atlantic\/Madeira": "Wā Uropi Uru (Madeira)",
        "Atlantic\/Reykjavik": "Wā Toharite Greenwich (Reykjavik)",
        "Atlantic\/St_Helena": "Wā Toharite Greenwich (St. Helena)",
        "CST6CDT": "Wā Waenga",
        "EST5EDT": "Wā Rāwhiti",
        "Etc\/GMT": "Wā Toharite Greenwich",
        "Etc\/UTC": "Wā Aonui Kōtuitui",
        "Europe\/Amsterdam": "Wā Uropi Waenga (Amsterdam)",
        "Europe\/Andorra": "Wā Uropi Waenga (Andorra)",
        "Europe\/Astrakhan": "Rūhia (Astrakhan)",
        "Europe\/Athens": "Wā Uropi Rāwhiti (Athens)",
        "Europe\/Belgrade": "Wā Uropi Waenga (Belgrade)",
        "Europe\/Berlin": "Wā Uropi Waenga (Berlin)",
        "Europe\/Bratislava": "Wā Uropi Waenga (Bratislava)",
        "Europe\/Brussels": "Wā Uropi Waenga (Brussels)",
        "Europe\/Bucharest": "Wā Uropi Rāwhiti (Bucharest)",
        "Europe\/Budapest": "Wā Uropi Waenga (Budapest)",
        "Europe\/Busingen": "Wā Uropi Waenga (Busingen)",
        "Europe\/Chisinau": "Wā Uropi Rāwhiti (Chisinau)",
        "Europe\/Copenhagen": "Wā Uropi Waenga (Copenhagen)",
        "Europe\/Dublin": "Wā Toharite Greenwich (Dublin)",
        "Europe\/Gibraltar": "Wā Uropi Waenga (Gibraltar)",
        "Europe\/Guernsey": "Wā Toharite Greenwich (Guernsey)",
        "Europe\/Helsinki": "Wā Uropi Rāwhiti (Helsinki)",
        "Europe\/Isle_of_Man": "Wā Toharite Greenwich (Isle of Man)",
        "Europe\/Jersey": "Wā Toharite Greenwich (Jersey)",
        "Europe\/Kaliningrad": "Wā Uropi Rāwhiti (Kaliningrad)",
        "Europe\/Kiev": "Wā Uropi Rāwhiti (Kiev)",
        "Europe\/Kirov": "Rūhia (Kirov)",
        "Europe\/Lisbon": "Wā Uropi Uru (Lisbon)",
        "Europe\/Ljubljana": "Wā Uropi Waenga (Ljubljana)",
        "Europe\/London": "Wā Toharite Greenwich (London)",
        "Europe\/Luxembourg": "Wā Uropi Waenga (Luxembourg)",
        "Europe\/Madrid": "Wā Uropi Waenga (Madrid)",
        "Europe\/Malta": "Wā Uropi Waenga (Malta)",
        "Europe\/Mariehamn": "Wā Uropi Rāwhiti (Mariehamn)",
        "Europe\/Monaco": "Wā Uropi Waenga (Monaco)",
        "Europe\/Moscow": "Rūhia (Moscow)",
        "Europe\/Oslo": "Wā Uropi Waenga (Oslo)",
        "Europe\/Paris": "Wā Uropi Waenga (Paris)",
        "Europe\/Podgorica": "Wā Uropi Waenga (Podgorica)",
        "Europe\/Prague": "Wā Uropi Waenga (Prague)",
        "Europe\/Riga": "Wā Uropi Rāwhiti (Riga)",
        "Europe\/Rome": "Wā Uropi Waenga (Rome)",
        "Europe\/Samara": "Rūhia (Samara)",
        "Europe\/San_Marino": "Wā Uropi Waenga (San Marino)",
        "Europe\/Sarajevo": "Wā Uropi Waenga (Sarajevo)",
        "Europe\/Saratov": "Rūhia (Saratov)",
        "Europe\/Skopje": "Wā Uropi Waenga (Skopje)",
        "Europe\/Sofia": "Wā Uropi Rāwhiti (Sofia)",
        "Europe\/Stockholm": "Wā Uropi Waenga (Stockholm)",
        "Europe\/Tallinn": "Wā Uropi Rāwhiti (Tallinn)",
        "Europe\/Tirane": "Wā Uropi Waenga (Tirane)",
        "Europe\/Ulyanovsk": "Rūhia (Ulyanovsk)",
        "Europe\/Uzhgorod": "Wā Uropi Rāwhiti (Uzhgorod)",
        "Europe\/Vaduz": "Wā Uropi Waenga (Vaduz)",
        "Europe\/Vatican": "Wā Uropi Waenga (Vatican)",
        "Europe\/Vienna": "Wā Uropi Waenga (Vienna)",
        "Europe\/Vilnius": "Wā Uropi Rāwhiti (Vilnius)",
        "Europe\/Volgograd": "Rūhia (Volgograd)",
        "Europe\/Warsaw": "Wā Uropi Waenga (Warsaw)",
        "Europe\/Zagreb": "Wā Uropi Waenga (Zagreb)",
        "Europe\/Zaporozhye": "Wā Uropi Rāwhiti (Zaporozhye)",
        "Europe\/Zurich": "Wā Uropi Waenga (Zurich)",
        "MST7MDT": "Wā Maunga",
        "PST8PDT": "Wā Kiwa",
        "Pacific\/Auckland": "Aotearoa (Tāmaki Makaurau)",
        "Pacific\/Chatham": "Aotearoa (Rēkohu)",
        "Pacific\/Honolulu": "Hononga o Amerika (Honolulu)"
    },
    "Meta": []
}
