{
    "Version": "2.1.8.9",
    "Names": {
        "Africa\/Abidjan": "Абиџан",
        "Africa\/Accra": "Акра",
        "Africa\/Addis_Ababa": "Адис Абеба",
        "Africa\/Algiers": "Алжир",
        "Africa\/Asmera": "Асмара",
        "Africa\/Bamako": "Бамако",
        "Africa\/Bangui": "Банги",
        "Africa\/Banjul": "Банџул",
        "Africa\/Bissau": "Бисау",
        "Africa\/Blantyre": "Блантајр",
        "Africa\/Brazzaville": "Бразавил",
        "Africa\/Bujumbura": "Буџумбура",
        "Africa\/Cairo": "Каиро",
        "Africa\/Casablanca": "Казабланка",
        "Africa\/Ceuta": "Сеута",
        "Africa\/Conakry": "Конакри",
        "Africa\/Dakar": "Дакар",
        "Africa\/Dar_es_Salaam": "Дар ес Салам",
        "Africa\/Djibouti": "Џибути",
        "Africa\/Douala": "Дуала",
        "Africa\/El_Aaiun": "Ел Ајун",
        "Africa\/Freetown": "Фритаун",
        "Africa\/Gaborone": "Габороне",
        "Africa\/Harare": "Хараре",
        "Africa\/Johannesburg": "Јоханесбург",
        "Africa\/Juba": "Џуба",
        "Africa\/Kampala": "Кампала",
        "Africa\/Khartoum": "Картум",
        "Africa\/Kigali": "Кигали",
        "Africa\/Kinshasa": "Киншаса",
        "Africa\/Lagos": "Лагос",
        "Africa\/Libreville": "Либрвил",
        "Africa\/Lome": "Ломе",
        "Africa\/Luanda": "Луанда",
        "Africa\/Lubumbashi": "Лубумбаши",
        "Africa\/Lusaka": "Лусака",
        "Africa\/Malabo": "Малабо",
        "Africa\/Maputo": "Мапуто",
        "Africa\/Maseru": "Масеру",
        "Africa\/Mbabane": "Мбабане",
        "Africa\/Mogadishu": "Могадишу",
        "Africa\/Monrovia": "Монровија",
        "Africa\/Nairobi": "Најроби",
        "Africa\/Ndjamena": "Нџамена",
        "Africa\/Niamey": "Нијамеј",
        "Africa\/Nouakchott": "Нуакшот",
        "Africa\/Ouagadougou": "Уагадугу",
        "Africa\/Porto-Novo": "Порто Ново",
        "Africa\/Sao_Tome": "Сао Томе",
        "Africa\/Tripoli": "Триполи",
        "Africa\/Tunis": "Тунис",
        "Africa\/Windhoek": "Виндхук",
        "America\/Adak": "Адак",
        "America\/Anchorage": "Енкориџ",
        "America\/Anguilla": "Ангилја",
        "America\/Antigua": "Антигва",
        "America\/Araguaina": "Арагвајана",
        "America\/Argentina\/La_Rioja": "Ла Риоха",
        "America\/Argentina\/Rio_Gallegos": "Рио Галегос",
        "America\/Argentina\/Salta": "Салта",
        "America\/Argentina\/San_Juan": "Сан Хуан",
        "America\/Argentina\/San_Luis": "Сан Луис",
        "America\/Argentina\/Tucuman": "Тукуман",
        "America\/Argentina\/Ushuaia": "Ушуаја",
        "America\/Aruba": "Аруба",
        "America\/Asuncion": "Асунсион",
        "America\/Bahia": "Бахиа",
        "America\/Bahia_Banderas": "Бахија де Бандерас",
        "America\/Barbados": "Барбадос",
        "America\/Belem": "Белем",
        "America\/Belize": "Белизе",
        "America\/Blanc-Sablon": "Бланк-Сејблон",
        "America\/Boa_Vista": "Боа Виста",
        "America\/Bogota": "Богота",
        "America\/Boise": "Бојзи",
        "America\/Buenos_Aires": "Буенос Аирес",
        "America\/Cambridge_Bay": "Кембриџ Беј",
        "America\/Campo_Grande": "Кампо Гранде",
        "America\/Cancun": "Канкун",
        "America\/Caracas": "Каракас",
        "America\/Catamarca": "Катамарка",
        "America\/Cayenne": "Кајена",
        "America\/Cayman": "Кајмански Острови",
        "America\/Chicago": "Чикаго",
        "America\/Chihuahua": "Чивава",
        "America\/Coral_Harbour": "Корал Харбор",
        "America\/Cordoba": "Кордоба",
        "America\/Costa_Rica": "Костарика",
        "America\/Creston": "Крестон",
        "America\/Cuiaba": "Кујаба",
        "America\/Curacao": "Курасао",
        "America\/Danmarkshavn": "Данмаркшан",
        "America\/Dawson": "Досон",
        "America\/Dawson_Creek": "Досон Крик",
        "America\/Denver": "Денвер",
        "America\/Detroit": "Детроит",
        "America\/Dominica": "Доминика",
        "America\/Edmonton": "Едмонтон",
        "America\/Eirunepe": "Еирунепе",
        "America\/El_Salvador": "Ел Салвадор",
        "America\/Fortaleza": "Форталеза",
        "America\/Glace_Bay": "Глејс Беј",
        "America\/Godthab": "Нук",
        "America\/Goose_Bay": "Гус Беј",
        "America\/Grand_Turk": "Гранд Турк",
        "America\/Grenada": "Гренада",
        "America\/Guadeloupe": "Гвадалупе",
        "America\/Guatemala": "Гватемала",
        "America\/Guayaquil": "Гвајакил",
        "America\/Guyana": "Гвајана",
        "America\/Halifax": "Халифакс",
        "America\/Havana": "Хавана",
        "America\/Hermosillo": "Ермосиљо",
        "America\/Indiana\/Knox": "Нокс, Индијана",
        "America\/Indiana\/Marengo": "Маренго, Индијана",
        "America\/Indiana\/Petersburg": "Питерсбург, Индијана",
        "America\/Indiana\/Tell_City": "Тел Сити, Индијана",
        "America\/Indiana\/Vevay": "Вивеј, Индијана",
        "America\/Indiana\/Vincennes": "Венсен, Индијана",
        "America\/Indiana\/Winamac": "Винамак, Индијана",
        "America\/Indianapolis": "Индијанаполис",
        "America\/Inuvik": "Инувик",
        "America\/Iqaluit": "Икалуит",
        "America\/Jamaica": "Јамајка",
        "America\/Jujuy": "Хухуј",
        "America\/Juneau": "Џуно",
        "America\/Kentucky\/Monticello": "Монтичело, Кентаки",
        "America\/Kralendijk": "Кралендајк",
        "America\/La_Paz": "Ла Паз",
        "America\/Lima": "Лима",
        "America\/Los_Angeles": "Лос Анџелес",
        "America\/Louisville": "Луизвил",
        "America\/Lower_Princes": "Долен Принс квортр",
        "America\/Maceio": "Масејо",
        "America\/Managua": "Манагва",
        "America\/Manaus": "Манаус",
        "America\/Marigot": "Мариго",
        "America\/Martinique": "Мартиник",
        "America\/Matamoros": "Матаморос",
        "America\/Mazatlan": "Мазатлан",
        "America\/Mendoza": "Мендоза",
        "America\/Menominee": "Меномини",
        "America\/Merida": "Мерида",
        "America\/Metlakatla": "Метлакатла",
        "America\/Mexico_City": "Мексико Сити",
        "America\/Miquelon": "Микелан",
        "America\/Moncton": "Монктон",
        "America\/Monterrey": "Монтереј",
        "America\/Montevideo": "Монтевидео",
        "America\/Montserrat": "Монтсерат",
        "America\/Nassau": "Насау",
        "America\/New_York": "Њујорк",
        "America\/Nipigon": "Нипигон",
        "America\/Nome": "Ном",
        "America\/Noronha": "Нороња",
        "America\/North_Dakota\/Beulah": "Бјула, Северна Дакота",
        "America\/North_Dakota\/Center": "Центар, Северна Дакота",
        "America\/North_Dakota\/New_Salem": "Њу Салем, Северна Дакота",
        "America\/Ojinaga": "Охинага",
        "America\/Panama": "Панама",
        "America\/Pangnirtung": "Пангниртунг",
        "America\/Paramaribo": "Парамарибо",
        "America\/Phoenix": "Феникс",
        "America\/Port-au-Prince": "Порт о Пренс",
        "America\/Port_of_Spain": "Порт ов Спејн",
        "America\/Porto_Velho": "Порто Вељо",
        "America\/Puerto_Rico": "Порторико",
        "America\/Rainy_River": "Рејни Ривер",
        "America\/Rankin_Inlet": "Ренкин Инлет",
        "America\/Recife": "Ресифи",
        "America\/Regina": "Реџајна",
        "America\/Resolute": "Резолут",
        "America\/Rio_Branco": "Рио Бранко",
        "America\/Santa_Isabel": "Света Изабела",
        "America\/Santarem": "Сантарем",
        "America\/Santiago": "Сантијаго",
        "America\/Santo_Domingo": "Санто Доминго",
        "America\/Sao_Paulo": "Сао Паоло",
        "America\/Scoresbysund": "Итокортормит",
        "America\/Sitka": "Ситка",
        "America\/St_Barthelemy": "Сент Бартоломеј",
        "America\/St_Johns": "Сент Џонс",
        "America\/St_Kitts": "Свети Кристофер",
        "America\/St_Lucia": "Света Луција",
        "America\/St_Thomas": "Сент Томас",
        "America\/St_Vincent": "Сент Винсент",
        "America\/Swift_Current": "Свифт Курент",
        "America\/Tegucigalpa": "Тегусигалпа",
        "America\/Thule": "Туле",
        "America\/Thunder_Bay": "Тандр Беј",
        "America\/Tijuana": "Тихуана",
        "America\/Toronto": "Торонто",
        "America\/Tortola": "Тортола",
        "America\/Vancouver": "Ванкувер",
        "America\/Whitehorse": "Вајтхорс",
        "America\/Winnipeg": "Винипег",
        "America\/Yakutat": "Јакутат",
        "America\/Yellowknife": "Јелоунајф",
        "Antarctica\/Casey": "Кејси",
        "Antarctica\/Davis": "Дејвис",
        "Antarctica\/DumontDUrville": "Димон Дирвил",
        "Antarctica\/Macquarie": "Маквори",
        "Antarctica\/Mawson": "Мосон",
        "Antarctica\/McMurdo": "Макмурдо",
        "Antarctica\/Palmer": "Палмер",
        "Antarctica\/Rothera": "Ротера",
        "Antarctica\/Syowa": "Сајова",
        "Antarctica\/Troll": "Трол",
        "Antarctica\/Vostok": "Восток",
        "Arctic\/Longyearbyen": "Лонгјирбјен",
        "Asia\/Aden": "Аден",
        "Asia\/Almaty": "Алмати",
        "Asia\/Amman": "Аман",
        "Asia\/Anadyr": "Анадир",
        "Asia\/Aqtau": "Актау",
        "Asia\/Aqtobe": "Актобе",
        "Asia\/Ashgabat": "Ашкабад",
        "Asia\/Baghdad": "Багдад",
        "Asia\/Bahrain": "Бахреин",
        "Asia\/Baku": "Баку",
        "Asia\/Bangkok": "Бангкок",
        "Asia\/Beirut": "Бејрут",
        "Asia\/Bishkek": "Бишкек",
        "Asia\/Brunei": "Брунеј",
        "Asia\/Calcutta": "Колката",
        "Asia\/Choibalsan": "Чојбалсан",
        "Asia\/Chongqing": "Чонгчинг",
        "Asia\/Colombo": "Коломбо",
        "Asia\/Damascus": "Дамаск",
        "Asia\/Dhaka": "Дака",
        "Asia\/Dili": "Дили",
        "Asia\/Dubai": "Дубаи",
        "Asia\/Dushanbe": "Душанбе",
        "Asia\/Gaza": "Газа",
        "Asia\/Harbin": "Харбин",
        "Asia\/Hebron": "Хеброн",
        "Asia\/Hong_Kong": "Хонг Конг",
        "Asia\/Hovd": "Ховд",
        "Asia\/Irkutsk": "Иркутск",
        "Asia\/Jakarta": "Џакарта",
        "Asia\/Jayapura": "Џајапура",
        "Asia\/Jerusalem": "Ерусалим",
        "Asia\/Kabul": "Кабул",
        "Asia\/Kamchatka": "Камчатка",
        "Asia\/Karachi": "Карачи",
        "Asia\/Kashgar": "Кашгар",
        "Asia\/Katmandu": "Катманду",
        "Asia\/Khandyga": "Хандига",
        "Asia\/Krasnoyarsk": "Краснојарск",
        "Asia\/Kuala_Lumpur": "Куала Лумпур",
        "Asia\/Kuching": "Кучинг",
        "Asia\/Kuwait": "Кувајт",
        "Asia\/Macau": "Макао",
        "Asia\/Magadan": "Магадан",
        "Asia\/Makassar": "Макасар",
        "Asia\/Manila": "Манила",
        "Asia\/Muscat": "Мускат",
        "Asia\/Nicosia": "Никозија",
        "Asia\/Novokuznetsk": "Новокузњецк",
        "Asia\/Novosibirsk": "Новосибирск",
        "Asia\/Omsk": "Омск",
        "Asia\/Oral": "Орал",
        "Asia\/Phnom_Penh": "Пном Пен",
        "Asia\/Pontianak": "Понтијанак",
        "Asia\/Pyongyang": "Пјонгјанг",
        "Asia\/Qatar": "Катар",
        "Asia\/Qyzylorda": "Кизилорда",
        "Asia\/Rangoon": "Рангун",
        "Asia\/Riyadh": "Ријад",
        "Asia\/Saigon": "Хо Ши Мин",
        "Asia\/Sakhalin": "Сакалин",
        "Asia\/Samarkand": "Самарканд",
        "Asia\/Seoul": "Сеул",
        "Asia\/Shanghai": "Шангај",
        "Asia\/Singapore": "Сингапур",
        "Asia\/Taipei": "Тајпеј",
        "Asia\/Tashkent": "Ташкент",
        "Asia\/Tbilisi": "Тбилиси",
        "Asia\/Tehran": "Техеран",
        "Asia\/Thimphu": "Тимпу",
        "Asia\/Tokyo": "Токио",
        "Asia\/Ulaanbaatar": "Улан Батор",
        "Asia\/Urumqi": "Урумчи",
        "Asia\/Ust-Nera": "Уст-Нера",
        "Asia\/Vientiane": "Виентијан",
        "Asia\/Vladivostok": "Владивосток",
        "Asia\/Yakutsk": "Јакутск",
        "Asia\/Yekaterinburg": "Екатеринбург",
        "Asia\/Yerevan": "Ереван",
        "Atlantic\/Azores": "Азорски Острови",
        "Atlantic\/Bermuda": "Бермуди",
        "Atlantic\/Canary": "Канарски Острови",
        "Atlantic\/Cape_Verde": "Зелен ‘Рт",
        "Atlantic\/Faeroe": "Фарски Острови",
        "Atlantic\/Madeira": "Мадеира",
        "Atlantic\/Reykjavik": "Рејкјавик",
        "Atlantic\/South_Georgia": "Јужна Џорџија",
        "Atlantic\/St_Helena": "Света Елена",
        "Atlantic\/Stanley": "Стенли",
        "Australia\/Adelaide": "Аделаида",
        "Australia\/Brisbane": "Бризбејн",
        "Australia\/Broken_Hill": "Брокен Хил",
        "Australia\/Currie": "Курие",
        "Australia\/Darwin": "Дарвин",
        "Australia\/Eucla": "Јукла",
        "Australia\/Hobart": "Хобарт",
        "Australia\/Lindeman": "Линдеман",
        "Australia\/Lord_Howe": "Лорд Хау",
        "Australia\/Melbourne": "Мелбурн",
        "Australia\/Perth": "Перт",
        "Australia\/Sydney": "Сиднеј",
        "Etc\/Unknown": "Непознато",
        "Europe\/Amsterdam": "Амстердам",
        "Europe\/Andorra": "Андора",
        "Europe\/Athens": "Атина",
        "Europe\/Belgrade": "Белград",
        "Europe\/Berlin": "Берлин",
        "Europe\/Bratislava": "Братислава",
        "Europe\/Brussels": "Брисел",
        "Europe\/Bucharest": "Букурешт",
        "Europe\/Budapest": "Будимпешта",
        "Europe\/Busingen": "Бисинген",
        "Europe\/Chisinau": "Кишинау",
        "Europe\/Copenhagen": "Копенхаген",
        "Europe\/Dublin": "Даблин",
        "Europe\/Gibraltar": "Гибралтар",
        "Europe\/Guernsey": "Гернзи",
        "Europe\/Helsinki": "Хелсинки",
        "Europe\/Isle_of_Man": "Остров Ман",
        "Europe\/Istanbul": "Истанбул",
        "Europe\/Jersey": "Џерзи",
        "Europe\/Kaliningrad": "Калининград",
        "Europe\/Kiev": "Киев",
        "Europe\/Lisbon": "Лисабон",
        "Europe\/Ljubljana": "Љубљана",
        "Europe\/London": "Лондон",
        "Europe\/Luxembourg": "Луксембург",
        "Europe\/Madrid": "Мадрид",
        "Europe\/Malta": "Малта",
        "Europe\/Mariehamn": "Маријехамен",
        "Europe\/Minsk": "Минск",
        "Europe\/Monaco": "Монако",
        "Europe\/Moscow": "Москва",
        "Europe\/Oslo": "Осло",
        "Europe\/Paris": "Париз",
        "Europe\/Podgorica": "Подгорица",
        "Europe\/Prague": "Прага",
        "Europe\/Riga": "Рига",
        "Europe\/Rome": "Рим",
        "Europe\/Samara": "Самара",
        "Europe\/San_Marino": "Сан Марино",
        "Europe\/Sarajevo": "Сараево",
        "Europe\/Simferopol": "Симферопол",
        "Europe\/Skopje": "Скопје",
        "Europe\/Sofia": "Софија",
        "Europe\/Stockholm": "Стокхолм",
        "Europe\/Tallinn": "Талин",
        "Europe\/Tirane": "Тирана",
        "Europe\/Uzhgorod": "Ужгород",
        "Europe\/Vaduz": "Вадуц",
        "Europe\/Vatican": "Ватикан",
        "Europe\/Vienna": "Виена",
        "Europe\/Vilnius": "Вилнус",
        "Europe\/Volgograd": "Волгоград",
        "Europe\/Warsaw": "Варшава",
        "Europe\/Zagreb": "Загреб",
        "Europe\/Zaporozhye": "Запорожје",
        "Europe\/Zurich": "Цирих",
        "Indian\/Antananarivo": "Антананариво",
        "Indian\/Chagos": "Чагос",
        "Indian\/Christmas": "Божиќен Остров",
        "Indian\/Cocos": "Кокосови Острови",
        "Indian\/Comoro": "Коморски Острови",
        "Indian\/Kerguelen": "Кергелен",
        "Indian\/Mahe": "Махе",
        "Indian\/Maldives": "Малдиви",
        "Indian\/Mauritius": "Маврициус",
        "Indian\/Mayotte": "Мајот",
        "Indian\/Reunion": "Ријунион",
        "Pacific\/Apia": "Апија",
        "Pacific\/Auckland": "Окленд",
        "Pacific\/Chatham": "Чатам",
        "Pacific\/Easter": "Велигденски Остров",
        "Pacific\/Efate": "Ефате",
        "Pacific\/Enderbury": "Ендербери",
        "Pacific\/Fakaofo": "Факаофо",
        "Pacific\/Fiji": "Фиџи",
        "Pacific\/Funafuti": "Фунафути",
        "Pacific\/Galapagos": "Галапагос",
        "Pacific\/Gambier": "Гамбије",
        "Pacific\/Guadalcanal": "Гвадалканал",
        "Pacific\/Guam": "Гвам",
        "Pacific\/Honolulu": "Хонолулу",
        "Pacific\/Johnston": "Џонстон",
        "Pacific\/Kiritimati": "Киритимати",
        "Pacific\/Kosrae": "Косрае",
        "Pacific\/Kwajalein": "Кваџалејн",
        "Pacific\/Majuro": "Маџуро",
        "Pacific\/Marquesas": "Маркески Острови",
        "Pacific\/Midway": "Мидвеј",
        "Pacific\/Nauru": "Науру",
        "Pacific\/Niue": "Ниуе",
        "Pacific\/Norfolk": "Норфолк",
        "Pacific\/Noumea": "Нумеа",
        "Pacific\/Pago_Pago": "Паго Паго",
        "Pacific\/Palau": "Палау",
        "Pacific\/Pitcairn": "Питкернски Острови",
        "Pacific\/Ponape": "Понпеј",
        "Pacific\/Port_Moresby": "Порт Морсби",
        "Pacific\/Rarotonga": "Раротонга",
        "Pacific\/Saipan": "Сајпан",
        "Pacific\/Tahiti": "Тахити",
        "Pacific\/Tarawa": "Тарава",
        "Pacific\/Tongatapu": "Тонгатапу",
        "Pacific\/Truk": "Чук",
        "Pacific\/Wake": "Вејк",
        "Pacific\/Wallis": "Валис"
    }
}
