{
    "Version": "2.1.8.9",
    "Names": {
        "Africa\/Abidjan": "അബിദ്‌ജാൻ‌",
        "Africa\/Accra": "ആക്ര",
        "Africa\/Addis_Ababa": "അഡിസ് അബാബ",
        "Africa\/Algiers": "അൾജിയേഴ്‌സ്",
        "Africa\/Asmera": "അസ്‍മാര",
        "Africa\/Bamako": "ബമാകോ",
        "Africa\/Bangui": "ബംഗുയി",
        "Africa\/Banjul": "ബഞ്ചുൽ",
        "Africa\/Bissau": "ബിസ്സാവു",
        "Africa\/Blantyre": "ബ്ലാണ്ടെയർ‌",
        "Africa\/Brazzaville": "ബ്രാസവിൽ",
        "Africa\/Bujumbura": "ബുജും‌ബുര",
        "Africa\/Cairo": "കെയ്‌റോ",
        "Africa\/Casablanca": "കാസബ്ലാങ്ക",
        "Africa\/Ceuta": "ക്യൂട്ട",
        "Africa\/Conakry": "കൊണാക്രി",
        "Africa\/Dakar": "ഡാക്കർ‌",
        "Africa\/Dar_es_Salaam": "ദാർ എസ് സലാം",
        "Africa\/Djibouti": "ദിജിബൗട്ടി",
        "Africa\/Douala": "ഡൌല",
        "Africa\/El_Aaiun": "എൽ‌ ഐയുൻ‌",
        "Africa\/Freetown": "ഫ്രീടൌൺ‌",
        "Africa\/Gaborone": "ഗാബറോൺ",
        "Africa\/Harare": "ഹരാരെ",
        "Africa\/Johannesburg": "ജോഹന്നാസ്ബർ‌ഗ്",
        "Africa\/Juba": "ജുബ",
        "Africa\/Kampala": "കമ്പാല",
        "Africa\/Khartoum": "ഖാർ‌തൌം",
        "Africa\/Kigali": "കിഗാലി",
        "Africa\/Kinshasa": "കിൻഷാസ",
        "Africa\/Lagos": "ലാഗോസ്",
        "Africa\/Libreville": "ലിബ്രെവില്ല",
        "Africa\/Lome": "ലോം",
        "Africa\/Luanda": "ലുവാൻഡ",
        "Africa\/Lubumbashi": "ലൂബുംബാഷി",
        "Africa\/Lusaka": "ലുസാക",
        "Africa\/Malabo": "മലാബോ",
        "Africa\/Maputo": "മാപ്യുട്ടോ",
        "Africa\/Maseru": "മസേറു",
        "Africa\/Mbabane": "മബാബെയ്‌ൻ‌",
        "Africa\/Mogadishu": "മൊഗാദിഷു",
        "Africa\/Monrovia": "മൺ‌റോവിയ",
        "Africa\/Nairobi": "നയ്‌റോബി",
        "Africa\/Ndjamena": "ജമെന",
        "Africa\/Niamey": "നിയാമി",
        "Africa\/Nouakchott": "നൌവാൿഷോട്ട്",
        "Africa\/Ouagadougou": "ഔഗാദൌഗൌ",
        "Africa\/Porto-Novo": "പോർ‌ട്ടോ-നോവോ",
        "Africa\/Sao_Tome": "സാവോ ടോം‌",
        "Africa\/Tripoli": "ട്രിപൊളി",
        "Africa\/Tunis": "ട്യൂണിസ്",
        "Africa\/Windhoek": "വിൻഡ്‌ഹോക്",
        "America\/Adak": "അഡാക്",
        "America\/Anchorage": "ആങ്കറേജ്",
        "America\/Anguilla": "ആൻഗ്വില്ല",
        "America\/Antigua": "ആൻറിഗ്വ",
        "America\/Araguaina": "അറഗ്വൈന",
        "America\/Argentina\/La_Rioja": "ലാ റിയോജ",
        "America\/Argentina\/Rio_Gallegos": "റിയോ ഗ്യാലഗോസ്",
        "America\/Argentina\/Salta": "സാൽട്ട",
        "America\/Argentina\/San_Juan": "സാൻ ജുവാൻ",
        "America\/Argentina\/San_Luis": "സാൻ ലൂയിസ്",
        "America\/Argentina\/Tucuman": "റ്റുകുമാൻ",
        "America\/Argentina\/Ushuaia": "ഉഷിയ",
        "America\/Aruba": "അറൂബ",
        "America\/Asuncion": "അസൻ‌ഷ്യൻ‌",
        "America\/Bahia": "ബഹിയ",
        "America\/Bahia_Banderas": "ബഹിയ ബൻഡാരസ്",
        "America\/Barbados": "ബാർബഡോസ്",
        "America\/Belem": "ബെലം",
        "America\/Belize": "ബെലീസ്",
        "America\/Blanc-Sablon": "ബ്ലാങ്ക് സാബ്ലോൺ",
        "America\/Boa_Vista": "ബോവ വിസ്റ്റ",
        "America\/Bogota": "ബൊഗോട്ട",
        "America\/Boise": "ബൊയ്സി",
        "America\/Buenos_Aires": "ബ്യൂണസ് ഐറിസ്",
        "America\/Cambridge_Bay": "കേംബ്രിഡ്‌ജ് ബേ",
        "America\/Campo_Grande": "ക്യാന്പോ ഗ്രാൻഡെ",
        "America\/Cancun": "കാൻകൂൺ",
        "America\/Caracas": "കരാക്കസ്",
        "America\/Catamarca": "‍ക്യാറ്റമാർക്ക",
        "America\/Cayenne": "കയീൻ‌",
        "America\/Cayman": "കേമാൻ",
        "America\/Chicago": "ചിക്കാഗോ",
        "America\/Chihuahua": "ചിഹ്വാഹ",
        "America\/Coral_Harbour": "ആത്തികോക്കൺ",
        "America\/Cordoba": "കോർഡോബ",
        "America\/Costa_Rica": "കോസ്റ്റ റിക്ക",
        "America\/Creston": "ക്രെസ്റ്റൺ",
        "America\/Cuiaba": "കുയ്‌ബ",
        "America\/Curacao": "കുറാക്കാവോ",
        "America\/Danmarkshavn": "ഡാൻമാർക്ക്ഷാവ്ൻ",
        "America\/Dawson": "ഡോവ്സൺ",
        "America\/Dawson_Creek": "ഡോവ്സൺ ക്രീക്ക്",
        "America\/Denver": "ഡെൻ‌വർ",
        "America\/Detroit": "ഡെട്രോയിറ്റ്",
        "America\/Dominica": "ഡൊമിനിക്ക",
        "America\/Edmonton": "എഡ്മോൺടൺ",
        "America\/Eirunepe": "യെറുനീപ്പെ",
        "America\/El_Salvador": "എൽ സാൽ‌വദോർ",
        "America\/Fortaleza": "ഫോർട്ടലീസ",
        "America\/Glace_Bay": "ഗ്ലെയ്സ് ബേ",
        "America\/Godthab": "നൂക്ക്",
        "America\/Goose_Bay": "ഗൂസ് ബേ",
        "America\/Grand_Turk": "ഗ്രാൻഡ് ടർക്ക്",
        "America\/Grenada": "ഗ്രനേഡ",
        "America\/Guadeloupe": "ഗ്വാഡലൂപ്പ്",
        "America\/Guatemala": "ഗ്വാട്ടിമാല",
        "America\/Guayaquil": "ഗുവായക്വിൽ",
        "America\/Guyana": "ഗയാന",
        "America\/Halifax": "ഹാലിഫാക്സ്",
        "America\/Havana": "ഹവാന",
        "America\/Hermosillo": "ഹെർമോസില്ലോ",
        "America\/Indiana\/Knox": "നോക്സ്, ഇൻഡ്യാന",
        "America\/Indiana\/Marengo": "മരെങ്കോ, ഇൻഡ്യാനാ",
        "America\/Indiana\/Petersburg": "പീറ്റേഴ്സ്ബർഗ്, ഇൻഡ്യാന",
        "America\/Indiana\/Tell_City": "റ്റെൽ സിറ്റി, ഇൻഡ്യാന",
        "America\/Indiana\/Vevay": "വിവെയ്, ഇൻഡ്യാന",
        "America\/Indiana\/Vincennes": "വിൻസെൻസ്, ഇൻഡ്യാന",
        "America\/Indiana\/Winamac": "വിനാമാക്, ഇൻഡ്യാന",
        "America\/Indianapolis": "ഇൻഡ്യാനാപോലീസ്",
        "America\/Inuvik": "ഇനുവിക്",
        "America\/Iqaluit": "ഇഖാലിത്",
        "America\/Jamaica": "ജമൈക്ക",
        "America\/Jujuy": "ജുജുയ്",
        "America\/Juneau": "ജൂനോ",
        "America\/Kentucky\/Monticello": "മോണ്ടിസെല്ലോ, കെൻറക്കി",
        "America\/Kralendijk": "കാർലൻഡിജെക്ക്",
        "America\/La_Paz": "ലാ പാസ്",
        "America\/Lima": "ലിമ",
        "America\/Los_Angeles": "ലോസ് എയ്ഞ്ചലസ്",
        "America\/Louisville": "ലൂയിസ്‌വില്ലെ",
        "America\/Lower_Princes": "ലോവർ പ്രിൻസസ് ക്വാർട്ടർ",
        "America\/Maceio": "മാസിയോ",
        "America\/Managua": "മനാഗ്വ",
        "America\/Manaus": "മനൗസ്",
        "America\/Marigot": "മാരിഗോ",
        "America\/Martinique": "മാർട്ടിനിക്",
        "America\/Matamoros": "മറ്റാമൊറോസ്",
        "America\/Mazatlan": "മാസറ്റ്ലാൻ",
        "America\/Mendoza": "മെൻഡോസ",
        "America\/Menominee": "മെനോമിനീ",
        "America\/Merida": "മെരിഡ",
        "America\/Metlakatla": "മെഡ്‌ലകട്‌ലെ",
        "America\/Mexico_City": "മെക്സിക്കോ സിറ്റി",
        "America\/Miquelon": "മൈക്വെലൻ‌",
        "America\/Moncton": "മോംഗ്‌ടൻ",
        "America\/Monterrey": "മോണ്ടെറി",
        "America\/Montevideo": "മൊണ്ടെ‌വീഡിയോ",
        "America\/Montserrat": "മൊണ്ടെസരത്ത്",
        "America\/Nassau": "നാസൗ",
        "America\/New_York": "ന്യൂയോർക്ക്",
        "America\/Nipigon": "നിപ്പിഗോൺ",
        "America\/Nome": "നോം",
        "America\/Noronha": "നൊറോന",
        "America\/North_Dakota\/Beulah": "ബ്യൂല, വടക്കൻ ഡെക്കോട്ട",
        "America\/North_Dakota\/Center": "സെന്റർ, വടക്കൻ ഡെക്കോട്ട",
        "America\/North_Dakota\/New_Salem": "ന്യൂ സെയ്‌ലം, വടക്കൻ ഡെക്കോട്ട",
        "America\/Ojinaga": "ഒജിൻഗ",
        "America\/Panama": "പനാമ",
        "America\/Pangnirtung": "പാൻഗ്‌നിറ്റംഗ്",
        "America\/Paramaribo": "പരാമാരിബോ",
        "America\/Phoenix": "ഫീനിക്സ്",
        "America\/Port-au-Prince": "പോർട്ടോപ്രിൻസ്",
        "America\/Port_of_Spain": "പോർ‌ട്ട് ഓഫ് സ്‌പെയിൻ‌",
        "America\/Porto_Velho": "പോർട്ടോ വെല്ലോ",
        "America\/Puerto_Rico": "പ്യൂർട്ടോ റിക്കോ",
        "America\/Rainy_River": "റെയ്നി റിവർ",
        "America\/Rankin_Inlet": "റാങ്കിൻ ഇൻലെറ്റ്",
        "America\/Recife": "റെസീഫെ",
        "America\/Regina": "റിജീന",
        "America\/Resolute": "റെസല്യൂട്ട്",
        "America\/Rio_Branco": "റിയോ ബ്രാങ്കോ",
        "America\/Santa_Isabel": "സാന്ത ഇസബേൽ",
        "America\/Santarem": "സാൻററെം",
        "America\/Santiago": "സാൻറിയാഗോ",
        "America\/Santo_Domingo": "സാന്തോ ഡോമിംഗോ",
        "America\/Sao_Paulo": "സാവോപോളോ",
        "America\/Scoresbysund": "ഇറ്റ്വാഖ്വാർടൂർമിറ്റ്",
        "America\/Sitka": "സിറ്റ്‌കാ",
        "America\/St_Barthelemy": "സെൻറ് ബർത്തലെമി",
        "America\/St_Johns": "സെന്റ്. ജോൺസ്",
        "America\/St_Kitts": "സെന്റ് കിറ്റ്സ്",
        "America\/St_Lucia": "സെൻറ് ലൂസിയ",
        "America\/St_Thomas": "സെൻറ്. തോമസ്",
        "America\/St_Vincent": "സെൻറ് വിൻ‌സെൻറ്",
        "America\/Swift_Current": "സ്വിഫ്റ്റ് കറൻറ്",
        "America\/Tegucigalpa": "ടെഗൂസിഗാൽപ",
        "America\/Thule": "തൂളി",
        "America\/Thunder_Bay": "തണ്ടർ ബേ",
        "America\/Tijuana": "തിയുവാന",
        "America\/Toronto": "ടൊറണ്ടോ",
        "America\/Tortola": "ടോർ‌ട്ടോള",
        "America\/Vancouver": "വാൻ‌കൂവർ",
        "America\/Whitehorse": "വൈറ്റ്ഹോഴ്സ്",
        "America\/Winnipeg": "വിന്നിപെഗ്",
        "America\/Yakutat": "യാകുറ്റാറ്റ്",
        "America\/Yellowknife": "യെല്ലോനൈഫ്",
        "Antarctica\/Casey": "കാസെ",
        "Antarctica\/Davis": "ഡെയ്‌വിസ്",
        "Antarctica\/DumontDUrville": "ഡ്യൂമണ്ട് ഡി യുർവിൽ",
        "Antarctica\/Macquarie": "മക്വയറി",
        "Antarctica\/Mawson": "മാവ്സൺ",
        "Antarctica\/McMurdo": "മാക്മർഡോ",
        "Antarctica\/Palmer": "പാമർ",
        "Antarctica\/Rothera": "റൊതീറ",
        "Antarctica\/Syowa": "സ്യോവ",
        "Antarctica\/Troll": "ട്രോൾ",
        "Antarctica\/Vostok": "വോസ്റ്റോക്",
        "Arctic\/Longyearbyen": "ലംഗ്‍യെർബിൻ",
        "Asia\/Aden": "ഏദെൻ",
        "Asia\/Almaty": "അൽമാട്ടി",
        "Asia\/Amman": "അമ്മാൻ‌",
        "Asia\/Anadyr": "അനാഡിർ",
        "Asia\/Aqtau": "അക്തൗ",
        "Asia\/Aqtobe": "അഖ്‌തോബ്",
        "Asia\/Ashgabat": "ആഷ്‌ഗാബട്ട്",
        "Asia\/Baghdad": "ബാഗ്‌ദാദ്",
        "Asia\/Bahrain": "ബഹ്റിൻ",
        "Asia\/Baku": "ബാക്കു",
        "Asia\/Bangkok": "ബാങ്കോക്ക്",
        "Asia\/Beirut": "ബെയ്‌റൂട്ട്",
        "Asia\/Bishkek": "ബിഷ്‌കേക്",
        "Asia\/Brunei": "ബ്രൂണൈ",
        "Asia\/Calcutta": "കൊൽ‌ക്കത്ത",
        "Asia\/Choibalsan": "ചൊയ്ബൽസൻ",
        "Asia\/Chongqing": "ചോങ്ഖിങ്",
        "Asia\/Colombo": "കൊളം‌ബോ",
        "Asia\/Damascus": "ദമാസ്കസ്",
        "Asia\/Dhaka": "ധാക്ക",
        "Asia\/Dili": "ദിലി",
        "Asia\/Dubai": "ദുബായ്",
        "Asia\/Dushanbe": "ദുഷൻ‌ബെ",
        "Asia\/Gaza": "ഗാസ",
        "Asia\/Harbin": "ഹാർബിൻ",
        "Asia\/Hebron": "ഹെബ്‌റോൺ",
        "Asia\/Hong_Kong": "ഹോങ്കോംഗ്",
        "Asia\/Hovd": "ഹോഡ്",
        "Asia\/Irkutsk": "ഇർകസ്ക്",
        "Asia\/Jakarta": "ജക്കാർത്ത",
        "Asia\/Jayapura": "ജയപുര",
        "Asia\/Jerusalem": "ജെറുസലേം",
        "Asia\/Kabul": "കാബൂൾ",
        "Asia\/Kamchatka": "കാംചട്ക",
        "Asia\/Karachi": "കറാച്ചി",
        "Asia\/Kashgar": "കാഷ്ഗർ",
        "Asia\/Katmandu": "കാഠ്‌മണ്ഡു",
        "Asia\/Khandyga": "കച്ചൻഗ",
        "Asia\/Krasnoyarsk": "ക്രാസ്നോയാസ്ക്",
        "Asia\/Kuala_Lumpur": "ക്വാലലം‌പൂർ‌‌",
        "Asia\/Kuching": "കുചിങ്",
        "Asia\/Kuwait": "കുവൈത്ത്",
        "Asia\/Macau": "മക്കാവു",
        "Asia\/Magadan": "മഗഡാൻ",
        "Asia\/Makassar": "മകസ്സർ",
        "Asia\/Manila": "മനില",
        "Asia\/Muscat": "മസ്കറ്റ്",
        "Asia\/Nicosia": "നിക്കോഷ്യ",
        "Asia\/Novokuznetsk": "നോവോകുസെൻസ്‌ക്",
        "Asia\/Novosibirsk": "നൊവോസിബിർസ്ക്",
        "Asia\/Omsk": "ഒംസ്ക്",
        "Asia\/Oral": "ഓറൽ",
        "Asia\/Phnom_Penh": "നാം പെൻ",
        "Asia\/Pontianak": "പൊൻറിയാനക്",
        "Asia\/Pyongyang": "പ്യോംഗ്‌യാംഗ്",
        "Asia\/Qatar": "ഖത്തർ",
        "Asia\/Qyzylorda": "ഖിസിലോർഡ",
        "Asia\/Rangoon": "റങ്കൂൺ‌",
        "Asia\/Riyadh": "റിയാദ്",
        "Asia\/Saigon": "ഹോ ചി മിൻ സിറ്റി",
        "Asia\/Sakhalin": "സഖാലിൻ",
        "Asia\/Samarkand": "സമർക്കന്ദ്",
        "Asia\/Seoul": "സിയോൾ",
        "Asia\/Shanghai": "ഷാങ്‌ഹായി",
        "Asia\/Singapore": "സിംഗപ്പൂർ",
        "Asia\/Taipei": "തായ്‌പെയ്",
        "Asia\/Tashkent": "താഷ്‌ക്കൻറ്",
        "Asia\/Tbilisi": "തിബിലിസി",
        "Asia\/Tehran": "ടെഹ്‌റാൻ‌",
        "Asia\/Thimphu": "തിംഫു",
        "Asia\/Tokyo": "ടോക്കിയോ",
        "Asia\/Ulaanbaatar": "ഉലാൻബാത്തർ",
        "Asia\/Urumqi": "ഉറുംഖി",
        "Asia\/Ust-Nera": "യുസ്-നേര",
        "Asia\/Vientiane": "വെന്റിയാൻ",
        "Asia\/Vladivostok": "വ്ളാഡിവോസ്റ്റോക്",
        "Asia\/Yakutsk": "യാക്കറ്റ്സ്‌ക്",
        "Asia\/Yekaterinburg": "യാകാറ്റെറിൻബർഗ്",
        "Asia\/Yerevan": "യേരവൻ‌",
        "Atlantic\/Azores": "അസോറസ്",
        "Atlantic\/Bermuda": "ബർമുഡ",
        "Atlantic\/Canary": "ക്യാനറി",
        "Atlantic\/Cape_Verde": "കേപ് വെർദെ",
        "Atlantic\/Faeroe": "ഫെറോ",
        "Atlantic\/Madeira": "മഡെയ്റ",
        "Atlantic\/Reykjavik": "റേയ്‌ജാവിക്",
        "Atlantic\/South_Georgia": "ദക്ഷിണ ജോർജിയ",
        "Atlantic\/St_Helena": "സെൻറ് ഹെലെന",
        "Atlantic\/Stanley": "സ്റ്റാൻ‌ലി",
        "Australia\/Adelaide": "അഡിലെയ്‌ഡ്",
        "Australia\/Brisbane": "ബ്രിസ്‌ബെയിൻ",
        "Australia\/Broken_Hill": "ബ്രോക്കൺ ഹിൽ",
        "Australia\/Currie": "ക്യൂറി",
        "Australia\/Darwin": "ഡാർവിൻ",
        "Australia\/Eucla": "യൂക്ല",
        "Australia\/Hobart": "ഹൊബാർട്ട്",
        "Australia\/Lindeman": "ലിൻഡെമാൻ",
        "Australia\/Lord_Howe": "ലോഡ് ഹോവ്",
        "Australia\/Melbourne": "മെൽബൺ",
        "Australia\/Perth": "പെർത്ത്",
        "Australia\/Sydney": "സിഡ്നി",
        "Etc\/Unknown": "അജ്ഞാത നഗരം",
        "Europe\/Amsterdam": "ആം‌സ്റ്റർ‌ഡാം",
        "Europe\/Andorra": "അണ്ടോറ",
        "Europe\/Athens": "ഏതൻ‌സ്",
        "Europe\/Belgrade": "ബെൽഗ്രേഡ്",
        "Europe\/Berlin": "ബെർ‌ലിൻ‌",
        "Europe\/Bratislava": "ബ്രാട്ടിസ്‍ലാവ",
        "Europe\/Brussels": "ബ്രസ്സൽ‌സ്",
        "Europe\/Bucharest": "ബുച്ചാറെസ്റ്റ്",
        "Europe\/Budapest": "ബുഡാപെസ്റ്റ്",
        "Europe\/Busingen": "ബുസിൻജൻ",
        "Europe\/Chisinau": "ചിസിനാവു",
        "Europe\/Copenhagen": "കോപ്പൻ‌ഹേഗൻ‌",
        "Europe\/Dublin": "ഡബ്ലിൻ",
        "Europe\/Gibraltar": "ജിബ്രാൾട്ടർ",
        "Europe\/Guernsey": "ഗേൺസേ",
        "Europe\/Helsinki": "ഹെൽ‌സിങ്കി",
        "Europe\/Isle_of_Man": "ഐൽ‌ ഓഫ് മാൻ‌",
        "Europe\/Istanbul": "ഇസ്താം‌ബുൾ‌",
        "Europe\/Jersey": "ജേഴ്‌സി",
        "Europe\/Kaliningrad": "കലിനിൻഗ്രാഡ്",
        "Europe\/Kiev": "കീവ്",
        "Europe\/Lisbon": "ലിസ്‌ബൺ‌",
        "Europe\/Ljubljana": "ലുബ്‍ലിയാന",
        "Europe\/London": "ലണ്ടൻ‌",
        "Europe\/Luxembourg": "ലക്‌സംബർഗ്",
        "Europe\/Madrid": "മാഡ്രിഡ്",
        "Europe\/Malta": "മാൾട്ട",
        "Europe\/Mariehamn": "മരിയാഹാമൻ",
        "Europe\/Minsk": "മിൻ‌സ്ക്",
        "Europe\/Monaco": "മൊണാക്കോ",
        "Europe\/Moscow": "മോസ്കോ",
        "Europe\/Oslo": "ഓസ്ലോ",
        "Europe\/Paris": "പാരീസ്",
        "Europe\/Podgorica": "പൊഡ്‍ഗൊറിസ",
        "Europe\/Prague": "പ്രാഗ്",
        "Europe\/Riga": "റിഗ",
        "Europe\/Rome": "റോം",
        "Europe\/Samara": "സമാറ",
        "Europe\/San_Marino": "സാൻ മാരിനോ",
        "Europe\/Sarajevo": "സരയേവോ",
        "Europe\/Simferopol": "സിംഫെറോപോൾ",
        "Europe\/Skopje": "സ്കോപ്പിയെ",
        "Europe\/Sofia": "സോഫിയ",
        "Europe\/Stockholm": "സ്റ്റോക്ക്ഹോം",
        "Europe\/Tallinn": "ടാലിൻ‌",
        "Europe\/Tirane": "ടിരാനെ",
        "Europe\/Uzhgorod": "ഉസ്ഗൊറോഡ്",
        "Europe\/Vaduz": "വാദുസ്",
        "Europe\/Vatican": "വത്തിക്കാൻ",
        "Europe\/Vienna": "വിയന്ന",
        "Europe\/Vilnius": "വിൽ‌നിയസ്",
        "Europe\/Volgograd": "വോൾഗോഗ്രാഡ്",
        "Europe\/Warsaw": "വാർസോ",
        "Europe\/Zagreb": "സാക്രെബ്",
        "Europe\/Zaporozhye": "സാപ്പറോസൈ",
        "Europe\/Zurich": "സൂറിച്ച്",
        "Indian\/Antananarivo": "അൻറാനനറിവോ",
        "Indian\/Chagos": "ചാഗോസ്",
        "Indian\/Christmas": "ക്രിസ്തുമസ്",
        "Indian\/Cocos": "കോക്കോസ്",
        "Indian\/Comoro": "കൊമോറോ",
        "Indian\/Kerguelen": "കെർഗുലെൻ",
        "Indian\/Mahe": "മാഹി",
        "Indian\/Maldives": "മാലിദ്വീപുകൾ",
        "Indian\/Mauritius": "മൌറീഷ്യസ്",
        "Indian\/Mayotte": "മയോട്ടി",
        "Indian\/Reunion": "റീയൂണിയൻ",
        "Pacific\/Apia": "ആപിയ",
        "Pacific\/Auckland": "ഓക്ക്‌‌ലാൻറ്",
        "Pacific\/Chatham": "ചാതം",
        "Pacific\/Easter": "ഈസ്റ്റർ",
        "Pacific\/Efate": "ഇഫാതെ",
        "Pacific\/Enderbury": "എൻഡബറി",
        "Pacific\/Fakaofo": "ഫക്കാവോഫോ",
        "Pacific\/Fiji": "ഫിജി",
        "Pacific\/Funafuti": "ഫുണാഫുട്ടി",
        "Pacific\/Galapagos": "ഗാലപ്പാഗോസ്",
        "Pacific\/Gambier": "ഗാന്പിയർ",
        "Pacific\/Guadalcanal": "ഗ്വാഡോ കനാൽ",
        "Pacific\/Guam": "ഗ്വാം",
        "Pacific\/Honolulu": "ഹോണലൂലു",
        "Pacific\/Johnston": "ജോൺസ്റ്റൺ",
        "Pacific\/Kiritimati": "കിരിറ്റിമാറ്റി",
        "Pacific\/Kosrae": "കൊസ്രേ",
        "Pacific\/Kwajalein": "ക്വാജലെയ്ൻ",
        "Pacific\/Majuro": "മജൂറോ",
        "Pacific\/Marquesas": "മാർക്യുസാസ്",
        "Pacific\/Midway": "മിഡ്‌വേ",
        "Pacific\/Nauru": "നൗറു",
        "Pacific\/Niue": "നിയു",
        "Pacific\/Norfolk": "നോർ‌ഫോക്ക്",
        "Pacific\/Noumea": "നോമിയ",
        "Pacific\/Pago_Pago": "പാഗോ പോഗോ",
        "Pacific\/Palau": "പലാവു",
        "Pacific\/Pitcairn": "പിറ്റ്കയിൻ‌",
        "Pacific\/Ponape": "പൊനാപ്",
        "Pacific\/Port_Moresby": "പോർട്ട് മോഴ്‌സ്ബൈ",
        "Pacific\/Rarotonga": "റാരോടോംഗ",
        "Pacific\/Saipan": "സെയ്‌പ്പാൻ‌",
        "Pacific\/Tahiti": "താഹിതി",
        "Pacific\/Tarawa": "തരാവ",
        "Pacific\/Tongatapu": "ടോംഗാടാപു",
        "Pacific\/Truk": "ട്രക്",
        "Pacific\/Wake": "വെയ്ക്",
        "Pacific\/Wallis": "വാല്ലിസ്"
    }
}
