{
    "Version": "2.1.8.9",
    "Names": {
        "Africa\/Abidjan": "अबिद्जान",
        "Africa\/Accra": "अ‍ॅक्रा",
        "Africa\/Addis_Ababa": "आदिस अबाबा",
        "Africa\/Algiers": "अल्जिअर्स",
        "Africa\/Asmera": "एस्मारा",
        "Africa\/Bamako": "बामको",
        "Africa\/Bangui": "बांगुई",
        "Africa\/Banjul": "बंजुल",
        "Africa\/Bissau": "बिसाउ",
        "Africa\/Blantyre": "ब्लँटायर",
        "Africa\/Brazzaville": "ब्राझाव्हिले",
        "Africa\/Bujumbura": "बुजुंबुरा",
        "Africa\/Cairo": "कैरो",
        "Africa\/Casablanca": "कॅसाब्लान्का",
        "Africa\/Ceuta": "सेउटा",
        "Africa\/Conakry": "कोनाक्रि",
        "Africa\/Dakar": "डकर",
        "Africa\/Dar_es_Salaam": "दार ए सलाम",
        "Africa\/Djibouti": "जिबौटी",
        "Africa\/Douala": "दोउआला",
        "Africa\/El_Aaiun": "एल ऐउन",
        "Africa\/Freetown": "फ्रीटाउन",
        "Africa\/Gaborone": "गाबोरोन",
        "Africa\/Harare": "हरारे",
        "Africa\/Johannesburg": "जोहान्सबर्ग",
        "Africa\/Juba": "जुबा",
        "Africa\/Kampala": "कंपाला",
        "Africa\/Khartoum": "खार्टुम",
        "Africa\/Kigali": "कीगाली",
        "Africa\/Kinshasa": "किन्शासा",
        "Africa\/Lagos": "लागोस",
        "Africa\/Libreville": "लिबरव्हिल",
        "Africa\/Lome": "लोम",
        "Africa\/Luanda": "लुआंडा",
        "Africa\/Lubumbashi": "लुबंबाशी",
        "Africa\/Lusaka": "लुसाका",
        "Africa\/Malabo": "मलाबो",
        "Africa\/Maputo": "मापुटो",
        "Africa\/Maseru": "मसेरु",
        "Africa\/Mbabane": "मबाबाने",
        "Africa\/Mogadishu": "मोगादिशु",
        "Africa\/Monrovia": "मोनरोव्हिया",
        "Africa\/Nairobi": "नैरोबी",
        "Africa\/Ndjamena": "इंजामेना",
        "Africa\/Niamey": "नियामे",
        "Africa\/Nouakchott": "नुवाकसुत",
        "Africa\/Ouagadougou": "वागडूगू",
        "Africa\/Porto-Novo": "पोर्टो-नोव्हो",
        "Africa\/Sao_Tome": "साओ तोमे",
        "Africa\/Tripoli": "त्रिपोली",
        "Africa\/Tunis": "टयूनिस",
        "Africa\/Windhoek": "विंडहोएक",
        "America\/Adak": "अडॅक",
        "America\/Anchorage": "अँकरेज",
        "America\/Anguilla": "अँग्विला",
        "America\/Antigua": "अँटिग्वा",
        "America\/Araguaina": "अरागुआइना",
        "America\/Argentina\/La_Rioja": "ला रियोजा",
        "America\/Argentina\/Rio_Gallegos": "रियो गॅलेगॉस",
        "America\/Argentina\/Salta": "सॉल्ता",
        "America\/Argentina\/San_Juan": "सान जुआन",
        "America\/Argentina\/San_Luis": "सॅन लुईस",
        "America\/Argentina\/Tucuman": "टुकुमान",
        "America\/Argentina\/Ushuaia": "उस्वाइया",
        "America\/Aruba": "अरुबा",
        "America\/Asuncion": "आसुन्सियोन",
        "America\/Bahia": "बहिया",
        "America\/Bahia_Banderas": "बाहिया बांदेरास",
        "America\/Barbados": "बार्बाडोस",
        "America\/Belem": "बेलेम",
        "America\/Belize": "बेलिझे",
        "America\/Blanc-Sablon": "ब्लांक सॅबलोन",
        "America\/Boa_Vista": "बोआ व्हिस्टा",
        "America\/Bogota": "बोगोटा",
        "America\/Boise": "बोइसी",
        "America\/Buenos_Aires": "ब्युनोस आयर्स",
        "America\/Cambridge_Bay": "केंब्रिज उपसागर",
        "America\/Campo_Grande": "कॅम्पो ग्रँडे",
        "America\/Cancun": "कानकुन",
        "America\/Caracas": "कराकास",
        "America\/Catamarca": "कॅटामार्का",
        "America\/Cayenne": "कायेने",
        "America\/Cayman": "केमन",
        "America\/Chicago": "शिकागो",
        "America\/Chihuahua": "चिहुआहुआ",
        "America\/Coral_Harbour": "अॅटिकोकन",
        "America\/Cordoba": "कॉर्डोबा",
        "America\/Costa_Rica": "कोस्टा रिका",
        "America\/Creston": "क्रेस्टन",
        "America\/Cuiaba": "कुइबा",
        "America\/Curacao": "क्युरासाओ",
        "America\/Danmarkshavn": "डेन्मार्कशॉन",
        "America\/Dawson": "डॉसन",
        "America\/Dawson_Creek": "डॉसन क्रीक",
        "America\/Denver": "डेन्व्हर",
        "America\/Detroit": "डेट्रॉइट",
        "America\/Dominica": "डोमिनिका",
        "America\/Edmonton": "एडमाँटन",
        "America\/Eirunepe": "यूरुनीपे",
        "America\/El_Salvador": "एल साल्वाडोर",
        "America\/Fortaleza": "फोर्टालेझा",
        "America\/Glace_Bay": "ग्लेस उपसागर",
        "America\/Godthab": "नूक",
        "America\/Goose_Bay": "गूस उपसागर",
        "America\/Grand_Turk": "ग्रँड टर्क",
        "America\/Grenada": "ग्रेनेडा",
        "America\/Guadeloupe": "ग्वाडेलोउपे",
        "America\/Guatemala": "ग्वाटेमाला",
        "America\/Guayaquil": "गुआयाक्विल",
        "America\/Guyana": "गयाना",
        "America\/Halifax": "हॅलिफॅक्स",
        "America\/Havana": "हवाना",
        "America\/Hermosillo": "हर्मोसिलो",
        "America\/Indiana\/Knox": "नॉक्स, इंडियाना",
        "America\/Indiana\/Marengo": "मारेंगो, इंडियाना",
        "America\/Indiana\/Petersburg": "पीटर्सबर्ग, इंडियाना",
        "America\/Indiana\/Tell_City": "टेल सिटी, इंडियाना",
        "America\/Indiana\/Vevay": "वेवाय-इंडियाना",
        "America\/Indiana\/Vincennes": "विंसेनस, इंडियाना",
        "America\/Indiana\/Winamac": "विनमॅक, इंडियाना",
        "America\/Indianapolis": "इंडियानापोलिस",
        "America\/Inuvik": "इनुविक",
        "America\/Iqaluit": "इकालुइत",
        "America\/Jamaica": "जमैका",
        "America\/Jujuy": "जुजुय",
        "America\/Juneau": "ज्यूनौ",
        "America\/Kentucky\/Monticello": "माँटिसेलो, केंटुकी",
        "America\/Kralendijk": "क्रालेंदिजिक",
        "America\/La_Paz": "ला पाझ",
        "America\/Lima": "लीमा",
        "America\/Los_Angeles": "लॉस एंजेलिस",
        "America\/Louisville": "लुईव्हिल",
        "America\/Lower_Princes": "लोअर प्रिन्स क्वार्टर",
        "America\/Maceio": "मेसेइओ",
        "America\/Managua": "मानागुआ",
        "America\/Manaus": "मनौस",
        "America\/Marigot": "मेरीगोट",
        "America\/Martinique": "मार्टिनिक",
        "America\/Matamoros": "माटामोरोस",
        "America\/Mazatlan": "माझातलान",
        "America\/Mendoza": "मेंदोझा",
        "America\/Menominee": "मेनोमिनी",
        "America\/Merida": "मेरिडा",
        "America\/Metlakatla": "मेतलाकतला",
        "America\/Mexico_City": "मेक्सिको सिटी",
        "America\/Miquelon": "मिक्वेलोन",
        "America\/Moncton": "माँकटन",
        "America\/Monterrey": "मॉन्टेरे",
        "America\/Montevideo": "मोन्टेव्हिडियो",
        "America\/Montserrat": "माँन्टसेरात",
        "America\/Nassau": "नसाऊ",
        "America\/New_York": "न्यूयॉर्क",
        "America\/Nipigon": "निपिगोन",
        "America\/Nome": "नोम",
        "America\/Noronha": "नोरोन्हा",
        "America\/North_Dakota\/Beulah": "ब्युलाह, उत्तर डकोटा",
        "America\/North_Dakota\/Center": "मध्य, उत्तर डकोटा",
        "America\/North_Dakota\/New_Salem": "न्यू सालेम, उत्तर डकोटा",
        "America\/Ojinaga": "ओजिनागा",
        "America\/Panama": "पनामा",
        "America\/Pangnirtung": "पँगनिरतुंग",
        "America\/Paramaribo": "पारमरीबो",
        "America\/Phoenix": "फॉनिक्स",
        "America\/Port-au-Prince": "पोर्ट-औ-प्रिंस",
        "America\/Port_of_Spain": "पोर्ट ऑफ स्पेन",
        "America\/Porto_Velho": "पोर्टो वेल्हो",
        "America\/Puerto_Rico": "प्युएर्तो रिको",
        "America\/Rainy_River": "रेनी नदी",
        "America\/Rankin_Inlet": "रॅनकिन इनलेट",
        "America\/Recife": "रेसिफे",
        "America\/Regina": "रेजिना",
        "America\/Resolute": "रेजोल्यूट",
        "America\/Rio_Branco": "रियो ब्रांको",
        "America\/Santa_Isabel": "सँटा इसाबेल",
        "America\/Santarem": "सँटारेम",
        "America\/Santiago": "सॅन्टिएगो",
        "America\/Santo_Domingo": "सॅन्टो डोमिंगो",
        "America\/Sao_Paulo": "साओ पावलो",
        "America\/Scoresbysund": "इट्टोकोर्टूरमिट",
        "America\/Sitka": "सितका",
        "America\/St_Barthelemy": "सेंट बार्थेलेमी",
        "America\/St_Johns": "सेंट जॉन्स",
        "America\/St_Kitts": "सेंट किट्स",
        "America\/St_Lucia": "सेंट लुसिया",
        "America\/St_Thomas": "सेंट थॉमस",
        "America\/St_Vincent": "सेंट विन्सेंट",
        "America\/Swift_Current": "स्विफ्ट करंट",
        "America\/Tegucigalpa": "टेगुसिगाल्पा",
        "America\/Thule": "थुले",
        "America\/Thunder_Bay": "थंडर उपसागर",
        "America\/Tijuana": "तिजुआना",
        "America\/Toronto": "टोरोंटो",
        "America\/Tortola": "टोर्टोला",
        "America\/Vancouver": "व्हँकुव्हर",
        "America\/Whitehorse": "व्हाइटहॉर्स",
        "America\/Winnipeg": "विनीपेग",
        "America\/Yakutat": "यकुतात",
        "America\/Yellowknife": "यलोनाइफ",
        "Antarctica\/Casey": "कॅसे",
        "Antarctica\/Davis": "डेव्हिस",
        "Antarctica\/DumontDUrville": "डुमोंट डी‘उर्व्हिल",
        "Antarctica\/Macquarie": "मॅक्वायर",
        "Antarctica\/Mawson": "मॉसन",
        "Antarctica\/McMurdo": "मॅक्मुरडो",
        "Antarctica\/Palmer": "पामेर",
        "Antarctica\/Rothera": "रोथेरा",
        "Antarctica\/Syowa": "स्योवा",
        "Antarctica\/Troll": "ट्रोल",
        "Antarctica\/Vostok": "वोस्टोक",
        "Arctic\/Longyearbyen": "लाँगइयरबीयेन",
        "Asia\/Aden": "एडेन",
        "Asia\/Almaty": "अल्माटी",
        "Asia\/Amman": "अम्मान",
        "Asia\/Anadyr": "एनाडीयर",
        "Asia\/Aqtau": "अ‍ॅक्टौ",
        "Asia\/Aqtobe": "अ‍ॅक्टोबे",
        "Asia\/Ashgabat": "अश्गाबात",
        "Asia\/Baghdad": "बगदाद",
        "Asia\/Bahrain": "बहारीन",
        "Asia\/Baku": "बाकु",
        "Asia\/Bangkok": "बँकॉक",
        "Asia\/Beirut": "बैरुत",
        "Asia\/Bishkek": "बिश्केक",
        "Asia\/Brunei": "ब्रुनेई",
        "Asia\/Calcutta": "कोलकाता",
        "Asia\/Choibalsan": "चोईबाल्सन",
        "Asia\/Chongqing": "चाँगकिंग",
        "Asia\/Colombo": "कोलंबो",
        "Asia\/Damascus": "दमास्कस",
        "Asia\/Dhaka": "ढाका",
        "Asia\/Dili": "डिलि",
        "Asia\/Dubai": "दुबई",
        "Asia\/Dushanbe": "दुशान्बे",
        "Asia\/Gaza": "गाझा",
        "Asia\/Harbin": "हार्बिन",
        "Asia\/Hebron": "हेब्रॉन",
        "Asia\/Hong_Kong": "हाँगकाँग",
        "Asia\/Hovd": "होव्ड",
        "Asia\/Irkutsk": "ईर्कुत्स्क",
        "Asia\/Jakarta": "जकार्ता",
        "Asia\/Jayapura": "जयापुरा",
        "Asia\/Jerusalem": "जेरुसलेम",
        "Asia\/Kabul": "काबूल",
        "Asia\/Kamchatka": "कॅमचाटका",
        "Asia\/Karachi": "कराची",
        "Asia\/Kashgar": "कशगर",
        "Asia\/Katmandu": "काठमांडू",
        "Asia\/Khandyga": "खंदिगा",
        "Asia\/Krasnoyarsk": "क्रास्नोयार्स्क",
        "Asia\/Kuala_Lumpur": "क्वालालंपूर",
        "Asia\/Kuching": "कुचिंग",
        "Asia\/Kuwait": "कुवेत",
        "Asia\/Macau": "मकाऊ",
        "Asia\/Magadan": "मेगाडन",
        "Asia\/Makassar": "मकस्सार",
        "Asia\/Manila": "मनिला",
        "Asia\/Muscat": "मस्कत",
        "Asia\/Nicosia": "निकोसिया",
        "Asia\/Novokuznetsk": "नोवोकुझ्नेत्स्क",
        "Asia\/Novosibirsk": "नोवोसिबिर्स्क",
        "Asia\/Omsk": "ओम्स्क",
        "Asia\/Oral": "ओरल",
        "Asia\/Phnom_Penh": "प्नोम पेन्ह",
        "Asia\/Pontianak": "पाँटियानाक",
        "Asia\/Pyongyang": "प्योंगयांग",
        "Asia\/Qatar": "कतार",
        "Asia\/Qyzylorda": "किझीलोर्डा",
        "Asia\/Rangoon": "रंगून",
        "Asia\/Riyadh": "रियाध",
        "Asia\/Saigon": "हो चि मिन्ह शहर",
        "Asia\/Sakhalin": "साखालिन",
        "Asia\/Samarkand": "समरकंद",
        "Asia\/Seoul": "सेउल",
        "Asia\/Shanghai": "शांघाय",
        "Asia\/Singapore": "सिंगापूर",
        "Asia\/Taipei": "तैपेई",
        "Asia\/Tashkent": "ताश्कंद",
        "Asia\/Tbilisi": "बिलिसी",
        "Asia\/Tehran": "तेहरान",
        "Asia\/Thimphu": "थिंफू",
        "Asia\/Tokyo": "टोकियो",
        "Asia\/Ulaanbaatar": "उलानबातर",
        "Asia\/Urumqi": "उरुम्की",
        "Asia\/Ust-Nera": "उस्त-नेरा",
        "Asia\/Vientiane": "व्हिएन्टाइन",
        "Asia\/Vladivostok": "व्लादिवोस्टोक",
        "Asia\/Yakutsk": "यकुत्स्क",
        "Asia\/Yekaterinburg": "येक्तेरिनबर्ग",
        "Asia\/Yerevan": "येरेवन",
        "Atlantic\/Azores": "अझोरेस",
        "Atlantic\/Bermuda": "बर्मुडा",
        "Atlantic\/Canary": "कॅनरी",
        "Atlantic\/Cape_Verde": "केप व्हर्डे",
        "Atlantic\/Faeroe": "फॅरो",
        "Atlantic\/Madeira": "मडीयरा",
        "Atlantic\/Reykjavik": "रेयक्जाविक",
        "Atlantic\/South_Georgia": "दक्षिण जॉर्जिया",
        "Atlantic\/St_Helena": "सेंट. हेलेना",
        "Atlantic\/Stanley": "स्टॅनले",
        "Australia\/Adelaide": "एडलेड",
        "Australia\/Brisbane": "ब्रिस्बेन",
        "Australia\/Broken_Hill": "ब्रोकन हिल",
        "Australia\/Currie": "कुह्री",
        "Australia\/Darwin": "डार्विन",
        "Australia\/Eucla": "उक्ला",
        "Australia\/Hobart": "होबार्ट",
        "Australia\/Lindeman": "लिंडेमन",
        "Australia\/Lord_Howe": "लॉर्ड होवे",
        "Australia\/Melbourne": "मेलबोर्न",
        "Australia\/Perth": "पर्थ",
        "Australia\/Sydney": "सिडनी",
        "Etc\/Unknown": "अज्ञात शहर",
        "Europe\/Amsterdam": "अ‍ॅमस्टरडॅम",
        "Europe\/Andorra": "अँडोरा",
        "Europe\/Athens": "अथेन्स",
        "Europe\/Belgrade": "बेलग्रेड",
        "Europe\/Berlin": "बर्लिन",
        "Europe\/Bratislava": "ब्रातिस्लाव्हा",
        "Europe\/Brussels": "ब्रुसेल्स",
        "Europe\/Bucharest": "बुखारेस्ट",
        "Europe\/Budapest": "बुडापेस्ट",
        "Europe\/Busingen": "बुसिंजेन",
        "Europe\/Chisinau": "चिसिनौ",
        "Europe\/Copenhagen": "कोपेनहेगन",
        "Europe\/Dublin": "डब्लिन",
        "Europe\/Gibraltar": "जिब्राल्टर",
        "Europe\/Guernsey": "ग्वेर्नसे",
        "Europe\/Helsinki": "हेलसिंकी",
        "Europe\/Isle_of_Man": "आइल ऑफ मॅन",
        "Europe\/Istanbul": "इस्तंबूल",
        "Europe\/Jersey": "जर्सी",
        "Europe\/Kaliningrad": "कलिनिनग्राड",
        "Europe\/Kiev": "कीव",
        "Europe\/Lisbon": "लिस्बन",
        "Europe\/Ljubljana": "लुब्लियाना",
        "Europe\/London": "लंडन",
        "Europe\/Luxembourg": "लक्झेंबर्ग",
        "Europe\/Madrid": "माद्रिद",
        "Europe\/Malta": "माल्टा",
        "Europe\/Mariehamn": "मरियेहामेन",
        "Europe\/Minsk": "मिन्स्क",
        "Europe\/Monaco": "मोनॅको",
        "Europe\/Moscow": "मॉस्को",
        "Europe\/Oslo": "ऑस्लो",
        "Europe\/Paris": "पॅरिस",
        "Europe\/Podgorica": "पॉडगोरिका",
        "Europe\/Prague": "प्राग",
        "Europe\/Riga": "रिगा",
        "Europe\/Rome": "रोम",
        "Europe\/Samara": "समारा",
        "Europe\/San_Marino": "सॅन मरिनो",
        "Europe\/Sarajevo": "साराजेव्हो",
        "Europe\/Simferopol": "सिम्फरोपोल",
        "Europe\/Skopje": "स्कॉप्जे",
        "Europe\/Sofia": "सोफिया",
        "Europe\/Stockholm": "स्टॉकहोम",
        "Europe\/Tallinn": "तल्लिन्न",
        "Europe\/Tirane": "टिराने",
        "Europe\/Uzhgorod": "उझगोरोड",
        "Europe\/Vaduz": "वडूझ",
        "Europe\/Vatican": "व्हॅटिकन",
        "Europe\/Vienna": "व्हिएन्ना",
        "Europe\/Vilnius": "विलनियस",
        "Europe\/Volgograd": "व्होल्गोग्राड",
        "Europe\/Warsaw": "वॉर्सा",
        "Europe\/Zagreb": "झॅग्रेब",
        "Europe\/Zaporozhye": "झापोरोझे",
        "Europe\/Zurich": "झुरिच",
        "Indian\/Antananarivo": "अंटानानारिवो",
        "Indian\/Chagos": "चागोस",
        "Indian\/Christmas": "ख्रिसमस",
        "Indian\/Cocos": "कोकोस",
        "Indian\/Comoro": "कोमोरो",
        "Indian\/Kerguelen": "करग्यूलेन",
        "Indian\/Mahe": "माहे",
        "Indian\/Maldives": "मालदीव",
        "Indian\/Mauritius": "मॉरिशस",
        "Indian\/Mayotte": "मायोट्टे",
        "Indian\/Reunion": "रियुनियन",
        "Pacific\/Apia": "अपिया",
        "Pacific\/Auckland": "ऑकलंड",
        "Pacific\/Chatham": "चॅटहॅम",
        "Pacific\/Easter": "ईस्टर",
        "Pacific\/Efate": "इफेट",
        "Pacific\/Enderbury": "एंडरबरी",
        "Pacific\/Fakaofo": "फाकाओफो",
        "Pacific\/Fiji": "फिजी",
        "Pacific\/Funafuti": "फुनाफुती",
        "Pacific\/Galapagos": "गॅलापागोस",
        "Pacific\/Gambier": "गॅम्बियर",
        "Pacific\/Guadalcanal": "ग्वाडलकनाल",
        "Pacific\/Guam": "गुआम",
        "Pacific\/Honolulu": "होनोलुलू",
        "Pacific\/Johnston": "जोहान्स्टन",
        "Pacific\/Kiritimati": "किरितिमाती",
        "Pacific\/Kosrae": "कोसराए",
        "Pacific\/Kwajalein": "क्वाजालेईन",
        "Pacific\/Majuro": "मजुरो",
        "Pacific\/Marquesas": "मारक्विसास",
        "Pacific\/Midway": "मिडवे",
        "Pacific\/Nauru": "नउरु",
        "Pacific\/Niue": "न्युए",
        "Pacific\/Norfolk": "नॉरफोक",
        "Pacific\/Noumea": "नौमिआ",
        "Pacific\/Pago_Pago": "पॅगो पॅगो",
        "Pacific\/Palau": "पलाऊ",
        "Pacific\/Pitcairn": "पिट्कैर्न",
        "Pacific\/Ponape": "पोनपेई",
        "Pacific\/Port_Moresby": "पोर्ट मोरेस्बे",
        "Pacific\/Rarotonga": "रारोटोंगा",
        "Pacific\/Saipan": "सैपान",
        "Pacific\/Tahiti": "ताहिती",
        "Pacific\/Tarawa": "तारावा",
        "Pacific\/Tongatapu": "टोंगाटापू",
        "Pacific\/Truk": "चूक",
        "Pacific\/Wake": "वेक",
        "Pacific\/Wallis": "वालिस"
    }
}
