{
    "Version": "2.1.8.95",
    "Names": {
        "Africa\/Abidjan": "अविड्जान",
        "Africa\/Accra": "अक्रा",
        "Africa\/Addis_Ababa": "एड्डिस आबाबा",
        "Africa\/Algiers": "अल्जियर्स",
        "Africa\/Asmera": "आस्मारा",
        "Africa\/Bamako": "बोमाको",
        "Africa\/Bangui": "बाङ्गुवी",
        "Africa\/Banjul": "बन्जुल",
        "Africa\/Bissau": "बिसाउ",
        "Africa\/Blantyre": "ब्लान्टायर",
        "Africa\/Brazzaville": "ब्राजाभिल्ले",
        "Africa\/Bujumbura": "बुजुम्बुरा",
        "Africa\/Cairo": "काइरो",
        "Africa\/Casablanca": "कासाब्लान्का",
        "Africa\/Ceuta": "सेउटा",
        "Africa\/Conakry": "कोनाक्री",
        "Africa\/Dakar": "डाकार",
        "Africa\/Dar_es_Salaam": "डार एस् सलाम",
        "Africa\/Djibouti": "जिबौंटी",
        "Africa\/Douala": "डोउआला",
        "Africa\/El_Aaiun": "एल् आइयुन",
        "Africa\/Freetown": "फ्रिटाउन",
        "Africa\/Gaborone": "गावोरोन",
        "Africa\/Harare": "हरारे",
        "Africa\/Johannesburg": "जोहानेसवर्ग",
        "Africa\/Juba": "जुबा",
        "Africa\/Kampala": "काम्पाला",
        "Africa\/Khartoum": "खार्टउम",
        "Africa\/Kigali": "किगाली",
        "Africa\/Kinshasa": "किन्शासा",
        "Africa\/Lagos": "लागोस",
        "Africa\/Libreville": "लिब्रेभिल्ले",
        "Africa\/Lome": "लोम",
        "Africa\/Luanda": "लुवान्डा",
        "Africa\/Lubumbashi": "लुबुम्बासी",
        "Africa\/Lusaka": "लुसाका",
        "Africa\/Malabo": "मालाबो",
        "Africa\/Maputo": "मापुतो",
        "Africa\/Maseru": "मासेरू",
        "Africa\/Mbabane": "एमबाबेन",
        "Africa\/Mogadishu": "मोगाडिशु",
        "Africa\/Monrovia": "मोन्रोभिया",
        "Africa\/Nairobi": "नाइरोबी",
        "Africa\/Ndjamena": "एन्‌जामेना",
        "Africa\/Niamey": "नायमे",
        "Africa\/Nouakchott": "नोउआकचोट",
        "Africa\/Ouagadougou": "औआगाडौगौ",
        "Africa\/Porto-Novo": "पोर्टो-नोभो",
        "Africa\/Sao_Tome": "साओ टोमे",
        "Africa\/Tripoli": "त्रिपोली",
        "Africa\/Tunis": "टुनिस",
        "Africa\/Windhoek": "विन्डहोएक",
        "America\/Adak": "आडाक",
        "America\/Anchorage": "एङ्कोरेज",
        "America\/Anguilla": "एङ्ग्विल्ला",
        "America\/Antigua": "एण्टिगुवा",
        "America\/Araguaina": "आरागुवाना",
        "America\/Argentina\/La_Rioja": "ला रियोजा",
        "America\/Argentina\/Rio_Gallegos": "रियो ग्यालेगोस",
        "America\/Argentina\/Salta": "साल्टा",
        "America\/Argentina\/San_Juan": "सान जुवान",
        "America\/Argentina\/San_Luis": "सान लुइस",
        "America\/Argentina\/Tucuman": "टुकुमान",
        "America\/Argentina\/Ushuaia": "उशुआइआ",
        "America\/Aruba": "एरूवा",
        "America\/Asuncion": "असन्सियन",
        "America\/Bahia": "बाहिया",
        "America\/Bahia_Banderas": "बाहिअ बन्देर्स",
        "America\/Barbados": "वार्वाडोस्",
        "America\/Belem": "बेलेम",
        "America\/Belize": "वेलिज",
        "America\/Blanc-Sablon": "ब्लान्क-साब्लोन",
        "America\/Boa_Vista": "बोआ भिष्टा",
        "America\/Bogota": "बोगोटा",
        "America\/Boise": "बोइज",
        "America\/Buenos_Aires": "ब्यनेश आयर्स",
        "America\/Cambridge_Bay": "क्याम्ब्रिज बे",
        "America\/Campo_Grande": "क्याम्पो ग्रान्डे",
        "America\/Cancun": "कानकुन",
        "America\/Caracas": "काराकास",
        "America\/Catamarca": "कातामार्का",
        "America\/Cayenne": "कायेन्ने",
        "America\/Cayman": "केम्यान",
        "America\/Chicago": "चिकागो",
        "America\/Chihuahua": "चिहुआहुआ",
        "America\/Coral_Harbour": "कोराल बन्दरगाहा",
        "America\/Cordoba": "कोरडोवा",
        "America\/Costa_Rica": "कोष्टा रिका",
        "America\/Creston": "क्रेस्टन",
        "America\/Cuiaba": "क्युइआबा",
        "America\/Curacao": "कुराकाओ",
        "America\/Danmarkshavn": "डान्मार्कशाभन",
        "America\/Dawson": "डेजन",
        "America\/Dawson_Creek": "डेजन क्रिक",
        "America\/Denver": "डेन्भर",
        "America\/Detroit": "डिट्रोइट",
        "America\/Dominica": "डोमिनिका",
        "America\/Edmonton": "एड्मोन्टन",
        "America\/Eirunepe": "आइरनेपे",
        "America\/El_Salvador": "एल् साल्भाडोर",
        "America\/Fortaleza": "फोर्टालेजा",
        "America\/Glace_Bay": "ग्लेस बे",
        "America\/Godthab": "नूक",
        "America\/Goose_Bay": "गुज बे",
        "America\/Grand_Turk": "ग्रान्ड टर्क",
        "America\/Grenada": "ग्रेनाडा",
        "America\/Guadeloupe": "ग्वाडेलुप",
        "America\/Guatemala": "ग्वाटेमाला",
        "America\/Guayaquil": "गुयाक्विल",
        "America\/Guyana": "गुयाना",
        "America\/Halifax": "हालेफाक्स",
        "America\/Havana": "हवाना",
        "America\/Hermosillo": "हेर्मोसिल्लो",
        "America\/Indiana\/Knox": "नोक्स, इण्डियाना",
        "America\/Indiana\/Marengo": "मारेन्गो, इन्डियाना",
        "America\/Indiana\/Petersburg": "पिटर्सबर्ग, इन्डियाना",
        "America\/Indiana\/Tell_City": "टेल सिटी, इन्डियाना",
        "America\/Indiana\/Vevay": "भेभे, इन्डियाना",
        "America\/Indiana\/Vincennes": "भिन्सेन्स",
        "America\/Indiana\/Winamac": "विनामाक, इन्डियाना",
        "America\/Indianapolis": "इण्डियानापोलिस",
        "America\/Inuvik": "इनुभिक",
        "America\/Iqaluit": "इक्वालुइट",
        "America\/Jamaica": "जमाइका",
        "America\/Jujuy": "जुजुई",
        "America\/Juneau": "जुनिउ",
        "America\/Kentucky\/Monticello": "मोन्टिसेल्लो,केन्टकी",
        "America\/Kralendijk": "कालेन्देजिक",
        "America\/La_Paz": "ला पाज",
        "America\/Lima": "लिमा",
        "America\/Los_Angeles": "लस् एन्जेलस",
        "America\/Louisville": "लुइसभिल्ले",
        "America\/Lower_Princes": "लोअर प्रिन्स्स क्वार्टर",
        "America\/Maceio": "मासेइओ",
        "America\/Managua": "मानागुवा",
        "America\/Manaus": "मानाउस",
        "America\/Marigot": "म्यारिगट",
        "America\/Martinique": "मार्टिनिक",
        "America\/Matamoros": "माट्तामोरोस्",
        "America\/Mazatlan": "माजाट्लान",
        "America\/Mendoza": "मेन्डोजा",
        "America\/Menominee": "मेनोमिनी",
        "America\/Merida": "मेरिडा",
        "America\/Metlakatla": "मेट्लाक्टला",
        "America\/Mexico_City": "मेक्सिको सिटी",
        "America\/Miquelon": "मिक्विलन",
        "America\/Moncton": "मोन्कटन",
        "America\/Monterrey": "मोन्टेर्रे",
        "America\/Montevideo": "मोन्टेभिडियो",
        "America\/Montserrat": "मन्टसेर्राट",
        "America\/Nassau": "नास्साउ",
        "America\/New_York": "न्युयोर्क",
        "America\/Nipigon": "निपिगन",
        "America\/Nome": "नोमे",
        "America\/Noronha": "नोरोन्हा",
        "America\/North_Dakota\/Beulah": "बेलुआ, उत्तर डोकोटा",
        "America\/North_Dakota\/Center": "उत्तर डाकोटा, केन्द्र",
        "America\/North_Dakota\/New_Salem": "नयाँ सालेम, उत्तर डाकोटा",
        "America\/Ojinaga": "वोन्जिनागा",
        "America\/Panama": "पानामा",
        "America\/Pangnirtung": "पाङ्निरतुङ",
        "America\/Paramaribo": "पारामारिवो",
        "America\/Phoenix": "फोनिक्स",
        "America\/Port-au-Prince": "पोर्ट-अउ-प्रिन्स",
        "America\/Port_of_Spain": "पोर्ट अफ् स्पेन",
        "America\/Porto_Velho": "पोर्टो भेल्हो",
        "America\/Puerto_Rico": "प्युर्टो रिको",
        "America\/Rainy_River": "रेनिरिभर",
        "America\/Rankin_Inlet": "रान्किन इन्लेट",
        "America\/Recife": "रिसाइफ",
        "America\/Regina": "रेजिना",
        "America\/Resolute": "रिजोलुट",
        "America\/Rio_Branco": "रियो ब्रान्को",
        "America\/Santa_Isabel": "सान्टा ईसाबेल",
        "America\/Santarem": "सान्टारेम",
        "America\/Santiago": "सान्टिआगो",
        "America\/Santo_Domingo": "सान्टो डोमिन्गो",
        "America\/Sao_Paulo": "साओ पाउलो",
        "America\/Scoresbysund": "ईट्टोक्कोरटूर्मिट",
        "America\/Sitka": "सित्तका",
        "America\/St_Barthelemy": "सेन्ट बार्थेलेमी",
        "America\/St_Johns": "सेन्ट जोन्स",
        "America\/St_Kitts": "सेन्ट् किट्स",
        "America\/St_Lucia": "सेन्ट लुसिया",
        "America\/St_Thomas": "सेन्ट थोमस",
        "America\/St_Vincent": "सेन्ट भिन्सेन्ट",
        "America\/Swift_Current": "स्विफ्ट करेण्ट",
        "America\/Tegucigalpa": "टेगुसिगाल्पा",
        "America\/Thule": "थुले",
        "America\/Thunder_Bay": "थण्डर बे",
        "America\/Tijuana": "तिजुआना",
        "America\/Toronto": "टोरोण्टो",
        "America\/Tortola": "टार्टोला",
        "America\/Vancouver": "भ्यानकोभर",
        "America\/Whitehorse": "ह्वाइटहर्स",
        "America\/Winnipeg": "विन्निपेग",
        "America\/Yakutat": "याकुतात",
        "America\/Yellowknife": "येल्लोनाइफ",
        "Antarctica\/Casey": "केजे",
        "Antarctica\/Davis": "डेभिस",
        "Antarctica\/DumontDUrville": "दुमोन्ट डि उर्भेल्ले",
        "Antarctica\/Macquarie": "मक्वारिई",
        "Antarctica\/Mawson": "माउसन",
        "Antarctica\/McMurdo": "माकमुर्डो",
        "Antarctica\/Palmer": "पाल्मेर",
        "Antarctica\/Rothera": "रोथेरा",
        "Antarctica\/Syowa": "सिओआ",
        "Antarctica\/Troll": "ट्रोल",
        "Antarctica\/Vostok": "भास्टोक",
        "Arctic\/Longyearbyen": "लङयिअरबाइएन",
        "Asia\/Aden": "एडेन",
        "Asia\/Almaty": "आल्माटी",
        "Asia\/Amman": "आम्मान",
        "Asia\/Anadyr": "आनाडियर",
        "Asia\/Aqtau": "आक्टाउ",
        "Asia\/Aqtobe": "आक्टोब",
        "Asia\/Ashgabat": "अस्काबाट",
        "Asia\/Baghdad": "बगदाद",
        "Asia\/Bahrain": "बहराईन",
        "Asia\/Baku": "बाकु",
        "Asia\/Bangkok": "बैंकक",
        "Asia\/Beirut": "बेईरुट",
        "Asia\/Bishkek": "बिसकेक्",
        "Asia\/Brunei": "ब्रुनाइ",
        "Asia\/Calcutta": "कोलकाता",
        "Asia\/Choibalsan": "चोइबाल्सान",
        "Asia\/Chongqing": "चोङकिङ",
        "Asia\/Colombo": "कोलम्बो",
        "Asia\/Damascus": "दामास्कस्",
        "Asia\/Dhaka": "ढाका",
        "Asia\/Dili": "दिल्ली",
        "Asia\/Dubai": "दुबही",
        "Asia\/Dushanbe": "दस्सान्बे",
        "Asia\/Gaza": "गाजा",
        "Asia\/Harbin": "हार्विन",
        "Asia\/Hebron": "हिब्रोन",
        "Asia\/Hong_Kong": "हंकग",
        "Asia\/Hovd": "होभ्ड",
        "Asia\/Irkutsk": "इर्कुत्स्क",
        "Asia\/Jakarta": "जाकार्ता",
        "Asia\/Jayapura": "जयापुरा",
        "Asia\/Jerusalem": "जेरुसलेम",
        "Asia\/Kabul": "काबुल",
        "Asia\/Kamchatka": "कामचट्का",
        "Asia\/Karachi": "कराची",
        "Asia\/Kashgar": "काश्गर",
        "Asia\/Katmandu": "काठमाण्डौं",
        "Asia\/Khandyga": "खान्दिगा",
        "Asia\/Krasnoyarsk": "क्रास्नोयार्स्क",
        "Asia\/Kuala_Lumpur": "कुआ लाम्पुर",
        "Asia\/Kuching": "कुचिङ",
        "Asia\/Kuwait": "कुवेत",
        "Asia\/Macau": "मकाउ",
        "Asia\/Magadan": "मागाडान",
        "Asia\/Makassar": "माकास्सार",
        "Asia\/Manila": "मनिला",
        "Asia\/Muscat": "मस्क्याट",
        "Asia\/Nicosia": "निकोसिया",
        "Asia\/Novokuznetsk": "नेभोकुजनेस्क",
        "Asia\/Novosibirsk": "नोबोसिबिर्स्क",
        "Asia\/Omsk": "ओम्स्क",
        "Asia\/Oral": "ओरल",
        "Asia\/Phnom_Penh": "फेनोम फेन",
        "Asia\/Pontianak": "पोन्टिआनाक",
        "Asia\/Pyongyang": "प्योग्ङाग",
        "Asia\/Qatar": "कतार",
        "Asia\/Qyzylorda": "किजिलोर्डा",
        "Asia\/Rangoon": "रान्गुन",
        "Asia\/Riyadh": "रियाद",
        "Asia\/Saigon": "हो ची मिन्ह शहर",
        "Asia\/Sakhalin": "साखालिन",
        "Asia\/Samarkand": "समारकण्ड",
        "Asia\/Seoul": "स्योल",
        "Asia\/Shanghai": "सान्घाई",
        "Asia\/Singapore": "सिंगापुर",
        "Asia\/Taipei": "ताईपे",
        "Asia\/Tashkent": "तास्केन्ट",
        "Asia\/Tbilisi": "तिबिलिसी",
        "Asia\/Tehran": "तेहेराण",
        "Asia\/Thimphu": "थिम्पु",
        "Asia\/Tokyo": "टोकियो",
        "Asia\/Ulaanbaatar": "उलानबटार",
        "Asia\/Urumqi": "उरूम्की",
        "Asia\/Ust-Nera": "उस्ट-नेरा",
        "Asia\/Vientiane": "भेतनाम",
        "Asia\/Vladivostok": "भ्लाडिभास्टोक",
        "Asia\/Yakutsk": "याकुत्स्क",
        "Asia\/Yekaterinburg": "एकटरिनबुर्ग",
        "Asia\/Yerevan": "येरेभान",
        "Atlantic\/Azores": "आजोर्स",
        "Atlantic\/Bermuda": "बर्मुडा",
        "Atlantic\/Canary": "क्यानारी",
        "Atlantic\/Cape_Verde": "केप भर्डे",
        "Atlantic\/Faeroe": "फारोइ",
        "Atlantic\/Madeira": "माडेइरा",
        "Atlantic\/Reykjavik": "रेक्जाभिक",
        "Atlantic\/South_Georgia": "दक्षिण जर्जिया",
        "Atlantic\/St_Helena": "सेन्ट हेलेना",
        "Atlantic\/Stanley": "स्टान्ले",
        "Australia\/Adelaide": "एडेलेड",
        "Australia\/Brisbane": "ब्रिस्बेन",
        "Australia\/Broken_Hill": "ब्रोकन हिल",
        "Australia\/Currie": "क्युरी",
        "Australia\/Darwin": "डार्विन",
        "Australia\/Eucla": "इयुक्ला",
        "Australia\/Hobart": "होभार्ट",
        "Australia\/Lindeman": "लिन्डेम्यान",
        "Australia\/Lord_Howe": "लर्ड होवे",
        "Australia\/Melbourne": "मेल्बर्न",
        "Australia\/Perth": "पर्थ",
        "Australia\/Sydney": "सिड्नी",
        "Etc\/Unknown": "अज्ञात शहर",
        "Europe\/Amsterdam": "एम्स्ट्र्डम",
        "Europe\/Andorra": "आन्डोर्रा",
        "Europe\/Athens": "एथेन्स",
        "Europe\/Belgrade": "बेलग्रेड",
        "Europe\/Berlin": "बर्लिन",
        "Europe\/Bratislava": "ब्राटिस्लाभा",
        "Europe\/Brussels": "ब्रसेल्स",
        "Europe\/Bucharest": "वुचारेस्ट",
        "Europe\/Budapest": "बुडापेस्ट",
        "Europe\/Busingen": "बुसिन्नगन",
        "Europe\/Chisinau": "चिसिनाउ",
        "Europe\/Copenhagen": "कोपेनह्यागन",
        "Europe\/Dublin": "डब्लिन",
        "Europe\/Gibraltar": "जिब्राल्टार",
        "Europe\/Guernsey": "गुएर्नसे",
        "Europe\/Helsinki": "हेल्सिन्की",
        "Europe\/Isle_of_Man": "इजल अफ् म्यान",
        "Europe\/Istanbul": "ईस्टानबुल",
        "Europe\/Jersey": "जर्सी",
        "Europe\/Kaliningrad": "कालिनिनग्राद",
        "Europe\/Kiev": "किभ",
        "Europe\/Lisbon": "लिस्बोन",
        "Europe\/Ljubljana": "लजुबिजाना",
        "Europe\/London": "लण्डन",
        "Europe\/Luxembourg": "लक्जेम्वर्ग",
        "Europe\/Madrid": "म्याड्रिड",
        "Europe\/Malta": "माल्टा",
        "Europe\/Mariehamn": "म्यारिह्याम्न",
        "Europe\/Minsk": "मिन्स्क",
        "Europe\/Monaco": "मोनाको",
        "Europe\/Moscow": "मस्को",
        "Europe\/Oslo": "ओस्लो",
        "Europe\/Paris": "पेरिस",
        "Europe\/Podgorica": "पड्गोरिका",
        "Europe\/Prague": "प्राग",
        "Europe\/Riga": "रिगा",
        "Europe\/Rome": "रोम",
        "Europe\/Samara": "सामारा",
        "Europe\/San_Marino": "सान मारिनो",
        "Europe\/Sarajevo": "साराजेभो",
        "Europe\/Simferopol": "सिम्फेरोपोल",
        "Europe\/Skopje": "स्कोपजे",
        "Europe\/Sofia": "सोफिया",
        "Europe\/Stockholm": "स्टकहोल्म",
        "Europe\/Tallinn": "ताल्लिन",
        "Europe\/Tirane": "टिराने",
        "Europe\/Uzhgorod": "उझगोरद",
        "Europe\/Vaduz": "भाडुज",
        "Europe\/Vatican": "भ्याटिकन",
        "Europe\/Vienna": "भियना",
        "Europe\/Vilnius": "भिल्निअस",
        "Europe\/Volgograd": "भोल्गोग्राद",
        "Europe\/Warsaw": "वारसअ",
        "Europe\/Zagreb": "जाग्रेब",
        "Europe\/Zaporozhye": "जापोरोझ्ये",
        "Europe\/Zurich": "जुरिक",
        "Indian\/Antananarivo": "अन्टानारिभो",
        "Indian\/Chagos": "चागोस",
        "Indian\/Christmas": "ख्रिस्टमस",
        "Indian\/Cocos": "कोकोस",
        "Indian\/Comoro": "कोमोरो",
        "Indian\/Kerguelen": "केर्गुएलेन",
        "Indian\/Mahe": "माहे",
        "Indian\/Maldives": "माल्दिभ्स",
        "Indian\/Mauritius": "मउरिटिअस",
        "Indian\/Mayotte": "मायोट्टे",
        "Indian\/Reunion": "रियुनियन",
        "Pacific\/Apia": "अपिया",
        "Pacific\/Auckland": "अक्कल्यान्ड",
        "Pacific\/Chatham": "चाथाम",
        "Pacific\/Easter": "इस्टर",
        "Pacific\/Efate": "ईफाते",
        "Pacific\/Enderbury": "एन्डरबरी",
        "Pacific\/Fakaofo": "फाकाओफो",
        "Pacific\/Fiji": "फिजी",
        "Pacific\/Funafuti": "फुनाफुति",
        "Pacific\/Galapagos": "गलापागोस",
        "Pacific\/Gambier": "ग्याम्बियर",
        "Pacific\/Guadalcanal": "गुअडालकनाल",
        "Pacific\/Guam": "गुवाम",
        "Pacific\/Honolulu": "होनोलुलु",
        "Pacific\/Johnston": "जोन्सटन",
        "Pacific\/Kiritimati": "किरितिमाटी",
        "Pacific\/Kosrae": "कोस्राए",
        "Pacific\/Kwajalein": "क्वाजालेइन",
        "Pacific\/Majuro": "माजुरो",
        "Pacific\/Marquesas": "मार्केसास",
        "Pacific\/Midway": "मिडवे",
        "Pacific\/Nauru": "नाउरु",
        "Pacific\/Niue": "निउई",
        "Pacific\/Norfolk": "नरफोल्क",
        "Pacific\/Noumea": "नोउमेअ",
        "Pacific\/Pago_Pago": "पागो पागो",
        "Pacific\/Palau": "पलाउ",
        "Pacific\/Pitcairn": "पितकाईरन",
        "Pacific\/Ponape": "पोनापे",
        "Pacific\/Port_Moresby": "पोर्ट मोरेस्बी",
        "Pacific\/Rarotonga": "राओतोंगा",
        "Pacific\/Saipan": "साईपन",
        "Pacific\/Tahiti": "ताहिती",
        "Pacific\/Tarawa": "तरवा",
        "Pacific\/Tongatapu": "टंगातपु",
        "Pacific\/Truk": "चूक",
        "Pacific\/Wake": "वेक",
        "Pacific\/Wallis": "वालिस"
    }
}
