{
    "Names": {
        "Africa\/Addis_Ababa": "Itoophiyaa (Addis Ababa)",
        "Africa\/Nairobi": "Keeniyaa (Nairobi)",
        "America\/Adak": "United States (Adak)",
        "America\/Anchorage": "United States (Anchorage)",
        "America\/Araguaina": "Brazil (Araguaina)",
        "America\/Bahia": "Brazil (Bahia)",
        "America\/Belem": "Brazil (Belem)",
        "America\/Boa_Vista": "Brazil (Boa Vista)",
        "America\/Boise": "United States (Boise)",
        "America\/Campo_Grande": "Brazil (Campo Grande)",
        "America\/Chicago": "United States (Chicago)",
        "America\/Cuiaba": "Brazil (Cuiaba)",
        "America\/Denver": "United States (Denver)",
        "America\/Detroit": "United States (Detroit)",
        "America\/Eirunepe": "Brazil (Eirunepe)",
        "America\/Fortaleza": "Brazil (Fortaleza)",
        "America\/Indiana\/Knox": "United States (Knox, Indiana)",
        "America\/Indiana\/Marengo": "United States (Marengo, Indiana)",
        "America\/Indiana\/Petersburg": "United States (Petersburg, Indiana)",
        "America\/Indiana\/Tell_City": "United States (Tell City, Indiana)",
        "America\/Indiana\/Vevay": "United States (Vevay, Indiana)",
        "America\/Indiana\/Vincennes": "United States (Vincennes, Indiana)",
        "America\/Indiana\/Winamac": "United States (Winamac, Indiana)",
        "America\/Indianapolis": "United States (Indianapolis)",
        "America\/Juneau": "United States (Juneau)",
        "America\/Kentucky\/Monticello": "United States (Monticello, Kentucky)",
        "America\/Los_Angeles": "United States (Los Angeles)",
        "America\/Louisville": "United States (Louisville)",
        "America\/Maceio": "Brazil (Maceio)",
        "America\/Manaus": "Brazil (Manaus)",
        "America\/Menominee": "United States (Menominee)",
        "America\/Metlakatla": "United States (Metlakatla)",
        "America\/New_York": "United States (New York)",
        "America\/Nome": "United States (Nome)",
        "America\/Noronha": "Brazil (Noronha)",
        "America\/North_Dakota\/Beulah": "United States (Beulah, North Dakota)",
        "America\/North_Dakota\/Center": "United States (Center, North Dakota)",
        "America\/North_Dakota\/New_Salem": "United States (New Salem, North Dakota)",
        "America\/Phoenix": "United States (Phoenix)",
        "America\/Porto_Velho": "Brazil (Porto Velho)",
        "America\/Recife": "Brazil (Recife)",
        "America\/Rio_Branco": "Brazil (Rio Branco)",
        "America\/Santarem": "Brazil (Santarem)",
        "America\/Sao_Paulo": "Brazil (Sao Paulo)",
        "America\/Sitka": "United States (Sitka)",
        "America\/Yakutat": "United States (Yakutat)",
        "Antarctica\/Troll": "Troll",
        "Asia\/Anadyr": "Russia (Anadyr)",
        "Asia\/Barnaul": "Russia (Barnaul)",
        "Asia\/Calcutta": "India (Kolkata)",
        "Asia\/Chita": "Russia (Chita)",
        "Asia\/Irkutsk": "Russia (Irkutsk)",
        "Asia\/Kamchatka": "Russia (Kamchatka)",
        "Asia\/Khandyga": "Russia (Khandyga)",
        "Asia\/Krasnoyarsk": "Russia (Krasnoyarsk)",
        "Asia\/Magadan": "Russia (Magadan)",
        "Asia\/Novokuznetsk": "Russia (Novokuznetsk)",
        "Asia\/Novosibirsk": "Russia (Novosibirsk)",
        "Asia\/Omsk": "Russia (Omsk)",
        "Asia\/Sakhalin": "Russia (Sakhalin)",
        "Asia\/Shanghai": "China (Shanghai)",
        "Asia\/Srednekolymsk": "Russia (Srednekolymsk)",
        "Asia\/Tokyo": "Japan (Tokyo)",
        "Asia\/Tomsk": "Russia (Tomsk)",
        "Asia\/Urumqi": "China (Urumqi)",
        "Asia\/Ust-Nera": "Russia (Ust-Nera)",
        "Asia\/Vladivostok": "Russia (Vladivostok)",
        "Asia\/Yakutsk": "Russia (Yakutsk)",
        "Asia\/Yekaterinburg": "Russia (Yekaterinburg)",
        "Europe\/Astrakhan": "Russia (Astrakhan)",
        "Europe\/Berlin": "Germany (Berlin)",
        "Europe\/Busingen": "Germany (Busingen)",
        "Europe\/Kaliningrad": "Russia (Kaliningrad)",
        "Europe\/Kirov": "Russia (Kirov)",
        "Europe\/London": "United Kingdom (London)",
        "Europe\/Moscow": "Russia (Moscow)",
        "Europe\/Paris": "France (Paris)",
        "Europe\/Rome": "Italy (Rome)",
        "Europe\/Samara": "Russia (Samara)",
        "Europe\/Saratov": "Russia (Saratov)",
        "Europe\/Ulyanovsk": "Russia (Ulyanovsk)",
        "Europe\/Volgograd": "Russia (Volgograd)",
        "Pacific\/Honolulu": "United States (Honolulu)"
    },
    "Meta": []
}
