{
    "Version": "2.1.8.9",
    "Names": {
        "Africa\/Abidjan": "ਅਬੀਦਜਾਨ",
        "Africa\/Accra": "ਅੱਕਰਾ",
        "Africa\/Addis_Ababa": "ਐਡਿਸ ਅਬਾਬਾ",
        "Africa\/Algiers": "ਅਲਜੀਅਰਸ",
        "Africa\/Asmera": "ਅਸਮਾਰਾ",
        "Africa\/Bamako": "ਬਮੇਕੋ",
        "Africa\/Bangui": "ਬਾਂਗੁਈ",
        "Africa\/Banjul": "ਬਾਂਜੁਲ",
        "Africa\/Bissau": "ਬਿਸਾਉ",
        "Africa\/Blantyre": "ਬਲੰਟਾਇਰ",
        "Africa\/Brazzaville": "ਬ੍ਰਾਜ਼ਾਵਿਲੇ",
        "Africa\/Bujumbura": "ਬੁਜੁੰਬੁਰਾ",
        "Africa\/Cairo": "ਕੈਰੋ",
        "Africa\/Casablanca": "ਕਾਸਬਲੈਂਕਾ",
        "Africa\/Ceuta": "ਸੀਊਟਾ",
        "Africa\/Conakry": "ਕੋਨੇਕਰੀ",
        "Africa\/Dakar": "ਡਕਾਰ",
        "Africa\/Dar_es_Salaam": "ਦਾਰ ਏਸ ਸਲਾਮ",
        "Africa\/Djibouti": "ਜ਼ੀਬੂਤੀ",
        "Africa\/Douala": "ਡੌਆਲਾ",
        "Africa\/El_Aaiun": "ਅਲ ਅਯੂਨ",
        "Africa\/Freetown": "ਫਰੀਟਾਉਨ",
        "Africa\/Gaborone": "ਗਾਬੋਰੋਨ",
        "Africa\/Harare": "ਹਰਾਰੇ",
        "Africa\/Johannesburg": "ਜੋਹਨਸਬਰਗ",
        "Africa\/Juba": "ਜੂਬਾ",
        "Africa\/Kampala": "ਕੰਪਾਲਾ",
        "Africa\/Khartoum": "ਖਾਰਟੌਮ",
        "Africa\/Kigali": "ਕਿਗਾਲੀ",
        "Africa\/Kinshasa": "ਕਿੰਸ਼ਾਸਾ",
        "Africa\/Lagos": "ਲਾਗੋਸ",
        "Africa\/Libreville": "ਲਿਬਰਵਿਲੇ",
        "Africa\/Lome": "ਲੋਮ",
        "Africa\/Luanda": "ਲੁਆਂਡਾ",
        "Africa\/Lubumbashi": "ਲੁਬੁਮਬਾਸ਼ੀ",
        "Africa\/Lusaka": "ਲੁਸਾਕਾ",
        "Africa\/Malabo": "ਮਾਲਾਬੋ",
        "Africa\/Maputo": "ਮਾਪੁਟੋ",
        "Africa\/Maseru": "ਮਸੇਰੂ",
        "Africa\/Mbabane": "ਏਮਬਾਬਾਨੇ",
        "Africa\/Mogadishu": "ਮੋਗਾਦਿਸ਼ੂ",
        "Africa\/Monrovia": "ਮੋਨਰੋਵੀਆ",
        "Africa\/Nairobi": "ਨੈਰੋਬੀ",
        "Africa\/Ndjamena": "ਐਂਜਾਮੇਨਾ",
        "Africa\/Niamey": "ਨਿਆਮੇ",
        "Africa\/Nouakchott": "ਨੌਆਕਸ਼ਾਟ",
        "Africa\/Ouagadougou": "ਉਆਗਾਡੂਗੂ",
        "Africa\/Porto-Novo": "ਪੋਰਟੋ-ਨੋਵੋ",
        "Africa\/Sao_Tome": "ਸਾਓ ਟੋਮ",
        "Africa\/Tripoli": "ਤ੍ਰਿਪੋਲੀ",
        "Africa\/Tunis": "ਟੁਨਿਸ",
        "Africa\/Windhoek": "ਵਿੰਡਹੋਇਕ",
        "America\/Adak": "ਏਡਕ",
        "America\/Anchorage": "ਐਂਕਰੇਜ",
        "America\/Anguilla": "ਅੰਗੁਇਲਾ",
        "America\/Antigua": "ਐਂਟੀਗੁਆ",
        "America\/Araguaina": "ਆਰਗੁਆਇਨਾ",
        "America\/Argentina\/La_Rioja": "ਲਾ ਰਿਉਜਾ",
        "America\/Argentina\/Rio_Gallegos": "ਰਿਓ ਗੈਲੇਗੋਸ",
        "America\/Argentina\/Salta": "ਸਾਲਟਾ",
        "America\/Argentina\/San_Juan": "ਸੇਨ ਜੁਆਨ",
        "America\/Argentina\/San_Luis": "ਸੇਨ ਲੂਈਸ",
        "America\/Argentina\/Tucuman": "ਟੁਕੁਮਨ",
        "America\/Argentina\/Ushuaia": "ਉਸ਼ਵਾਇਆ",
        "America\/Aruba": "ਅਰੂਬਾ",
        "America\/Asuncion": "ਐਸੁੰਕੀਅਨ",
        "America\/Bahia": "ਬਾਹੀਆ",
        "America\/Bahia_Banderas": "ਬਾਹੀਆ ਬਾਂਦੇਰਸ",
        "America\/Barbados": "ਬਾਰਬਾਡੋਸ",
        "America\/Belem": "ਬੇਲੇਮ",
        "America\/Belize": "ਬੇਲੀਜ਼",
        "America\/Blanc-Sablon": "ਬਲੈਂਕ-ਸੈਬਲਾਨ",
        "America\/Boa_Vista": "ਬੋਆ ਵਿਸਟਾ",
        "America\/Bogota": "ਬੋਗੋਟਾ",
        "America\/Boise": "ਬੋਇਸ",
        "America\/Buenos_Aires": "ਬਿਉਨੋ ਆਇਰਸ",
        "America\/Cambridge_Bay": "ਕੈਮਬ੍ਰਿਜ ਬੇ",
        "America\/Campo_Grande": "ਕੈਂਪੋ ਗ੍ਰਾਂਡੇ",
        "America\/Cancun": "ਕੈਨਕੁਨ",
        "America\/Caracas": "ਕੈਰਾਕਾਸ",
        "America\/Catamarca": "ਕੈਟਾਮਾਰਕਾ",
        "America\/Cayenne": "ਕੇਯੇਨੇ",
        "America\/Cayman": "ਕੇਮੈਨ",
        "America\/Chicago": "ਸ਼ਿਕਾਗੋ",
        "America\/Chihuahua": "ਚਿਹੁਆਹੁਆ",
        "America\/Coral_Harbour": "ਐਟੀਕੋਕਨ",
        "America\/Cordoba": "ਕੋਰਡੋਬਾ",
        "America\/Costa_Rica": "ਕੋਸਟਾ ਰੀਕਾ",
        "America\/Creston": "ਕ੍ਰੈਸਟਨ",
        "America\/Cuiaba": "ਕਯੁਏਬਾ",
        "America\/Curacao": "ਕੁਰਾਕਾਓ",
        "America\/Danmarkshavn": "ਡੈਨਮਾਰਕਸ਼ੌਨ",
        "America\/Dawson": "ਡੌਅਸਨ",
        "America\/Dawson_Creek": "ਡੌਅਸਨ ਕ੍ਰੀਕ",
        "America\/Denver": "ਡੇਨਵਰ",
        "America\/Detroit": "ਡਿਟਰੋਇਟ",
        "America\/Dominica": "ਡੋਮੀਨਿਕਾ",
        "America\/Edmonton": "ਐਡਮੋਂਟਨ",
        "America\/Eirunepe": "ਯੁਰੂਨੀਪੇ",
        "America\/El_Salvador": "ਅਲ ਸਲਵਾਡੋਰ",
        "America\/Fortaleza": "ਫੋਰਟਾਲੇਜ਼ਾ",
        "America\/Glace_Bay": "ਗਲੇਸ ਬੇ",
        "America\/Godthab": "ਨੂਕ",
        "America\/Goose_Bay": "ਗੂਜ਼ ਬੇ",
        "America\/Grand_Turk": "ਗਰਾਂਡ ਤੁਰਕ",
        "America\/Grenada": "ਗ੍ਰੇਨਾਡਾ",
        "America\/Guadeloupe": "ਗੁਆਡੇਲੋਪ",
        "America\/Guatemala": "ਗੁਆਟੇਮਾਲਾ",
        "America\/Guayaquil": "ਗੁਆਇਕਵਿਲ",
        "America\/Guyana": "ਗੁਆਨਾ",
        "America\/Halifax": "ਹੈਲੀਫੈਕਸ",
        "America\/Havana": "ਹਵਾਨਾ",
        "America\/Hermosillo": "ਹਰਮੋਸਿੱਲੋ",
        "America\/Indiana\/Knox": "ਨੋਕਸ, ਇੰਡੀਆਨਾ",
        "America\/Indiana\/Marengo": "ਮਾਰੇਂਗੋ, ਇੰਡੀਆਨਾ",
        "America\/Indiana\/Petersburg": "ਪੀਟਰਸਬਰਗ, ਇੰਡੀਆਨਾ",
        "America\/Indiana\/Tell_City": "ਟੈਲ ਸਿਟੀ, ਇੰਡੀਆਨਾ",
        "America\/Indiana\/Vevay": "ਵੇਵੇ, ਇੰਡੀਆਨਾ",
        "America\/Indiana\/Vincennes": "ਵਿੰਸੇਨੇਸ, ਇੰਡੀਆਨਾ",
        "America\/Indiana\/Winamac": "ਵਿਨਮੈਕ, ਇੰਡੀਆਨਾ",
        "America\/Indianapolis": "ਇੰਡੀਆਨਾਪੋਲਿਸ",
        "America\/Inuvik": "ਇਨੁਵਿਕ",
        "America\/Iqaluit": "ਇਕਾਲੁਈਟ",
        "America\/Jamaica": "ਜਮਾਇਕਾ",
        "America\/Jujuy": "ਜੂਜੁਏ",
        "America\/Juneau": "ਜਯੂਨੋ",
        "America\/Kentucky\/Monticello": "ਮੋਂਟੀਸੈਲੋ, ਕੈਂਟਕੀ",
        "America\/Kralendijk": "ਕ੍ਰਾਲੇਂਦਿਜਕ",
        "America\/La_Paz": "ਲਾ ਪਾਜ਼",
        "America\/Lima": "ਲੀਮਾ",
        "America\/Los_Angeles": "ਲਾਸ ਐਂਜਲਸ",
        "America\/Louisville": "ਲੁਈਸਵਿਲੇ",
        "America\/Lower_Princes": "ਲੋਅਰ ਪ੍ਰਿੰਸ’ਸ ਕਵਾਰਟਰ",
        "America\/Maceio": "ਮੈਸੀਓ",
        "America\/Managua": "ਮਨਾਗੁਆ",
        "America\/Manaus": "ਮਨੌਸ",
        "America\/Marigot": "ਮੈਰੀਗੋਟ",
        "America\/Martinique": "ਮਾਰਟੀਨਿਕ",
        "America\/Matamoros": "ਮਾਟਾਮੋਰਸ",
        "America\/Mazatlan": "ਮਜ਼ੇਤਲਾਨ",
        "America\/Mendoza": "ਮੈਂਡੋਜ਼ਾ",
        "America\/Menominee": "ਮੈਨੋਮਿਨੀ",
        "America\/Merida": "ਮੇਰਿਡਾ",
        "America\/Metlakatla": "ਮੇਟਲਾਕਾਟਲਾ",
        "America\/Mexico_City": "ਮੈਕਸੀਕੋ ਸਿਟੀ",
        "America\/Miquelon": "ਮਿਕੇਲਨ",
        "America\/Moncton": "ਮੋਂਕਟਨ",
        "America\/Monterrey": "ਮੋਨਟੇਰੀ",
        "America\/Montevideo": "ਮੋਂਟੇਵੀਡੀਓ",
        "America\/Montserrat": "ਮੋਂਟਸੇਰਾਤ",
        "America\/Nassau": "ਨਾਸਾਓ",
        "America\/New_York": "ਨਿਊ ਯਾਰਕ",
        "America\/Nipigon": "ਨਿਪਿਗੌਨ",
        "America\/Nome": "ਨੋਮ",
        "America\/Noronha": "ਨੌਰੋਨਹਾ",
        "America\/North_Dakota\/Beulah": "ਬਿਉਲਾ, ਉੱਤਰੀ ਡਕੋਟਾ",
        "America\/North_Dakota\/Center": "ਸੇਂਟਰ, ਉੱਤਰੀ ਡਕੋਟਾ",
        "America\/North_Dakota\/New_Salem": "ਨਿਊ ਸਲੇਮ, ਉੱਤਰੀ ਡਕੋਟਾ",
        "America\/Ojinaga": "ਓਜੀਨਾਗਾ",
        "America\/Panama": "ਪਨਾਮਾ",
        "America\/Pangnirtung": "ਪੈਂਗਨਿਰਟੰਗ",
        "America\/Paramaribo": "ਪੈਰਾਮਰੀਬੋ",
        "America\/Phoenix": "ਫਿਨਿਕਸ",
        "America\/Port-au-Prince": "ਪੋਰਟ-ਔ-ਪ੍ਰਿੰਸ",
        "America\/Port_of_Spain": "ਪੋਰਟ ਔਫ ਸਪੇਨ",
        "America\/Porto_Velho": "ਪੋਰਟੋ ਵੇਲ੍ਹੋ",
        "America\/Puerto_Rico": "ਪਿਊਰਟੋ ਰੀਕੋ",
        "America\/Rainy_River": "ਰੇਨੀ ਰਿਵਰ",
        "America\/Rankin_Inlet": "ਰੈਂਕਿਨ ਇਨਲੈਟ",
        "America\/Recife": "ਰੇਸੀਫੇ",
        "America\/Regina": "ਰੈਜੀਨਾ",
        "America\/Resolute": "ਰੈਜ਼ੋਲਿਊਟ",
        "America\/Rio_Branco": "ਰਿਓ ਬ੍ਰਾਂਕੋ",
        "America\/Santa_Isabel": "ਸੈਂਟਾ ਇਸਾਬੇਲ",
        "America\/Santarem": "ਸੇਂਟਾਰਮ",
        "America\/Santiago": "ਸੇਂਟੀਆਗੋ",
        "America\/Santo_Domingo": "ਸੇਂਟੋ ਡੋਮਿੰਗੋ",
        "America\/Sao_Paulo": "ਸਾਓ ਪੌਲੋ",
        "America\/Scoresbysund": "ਇੱਟੋਕੋਰਟੂਰਮੀਟ",
        "America\/Sitka": "ਸਿਟਕਾ",
        "America\/St_Barthelemy": "ਸੇਂਟ ਬਾਰਥੇਲੇਮੀ",
        "America\/St_Johns": "ਸੇਂਟ ਜੌਨਸ",
        "America\/St_Kitts": "ਸੇਂਟ ਕਿਟਸ",
        "America\/St_Lucia": "ਸੇਂਟ ਲੁਸੀਆ",
        "America\/St_Thomas": "ਸੇਂਟ ਥੋਮਸ",
        "America\/St_Vincent": "ਸੇਂਟ ਵਿਨਸੇਂਟ",
        "America\/Swift_Current": "ਸਵਿਫਟ ਕਰੈਂਟ",
        "America\/Tegucigalpa": "ਟੇਗੁਸੀਗਲਪਾ",
        "America\/Thule": "ਥੁਲੇ",
        "America\/Thunder_Bay": "ਥੰਡਰ ਬੇ",
        "America\/Tijuana": "ਟਿਜੂਆਨਾ",
        "America\/Toronto": "ਟੋਰਾਂਟੋ",
        "America\/Tortola": "ਟੋਰਟੋਲਾ",
        "America\/Vancouver": "ਵੈਨਕੂਵਰ",
        "America\/Whitehorse": "ਵਾਈਟਹੌਰਸ",
        "America\/Winnipeg": "ਵਿਨੀਪੈਗ",
        "America\/Yakutat": "ਯਕੁਤਤ",
        "America\/Yellowknife": "ਯੈਲੋਨਾਈਫ",
        "Antarctica\/Casey": "ਕਾਸੇ",
        "Antarctica\/Davis": "ਡੇਵਿਸ",
        "Antarctica\/DumontDUrville": "ਡਿਉਮੋਂਟ ਡਿਉਰਵਿਲੇ",
        "Antarctica\/Macquarie": "ਮੈਕਕਵੈਰੀ",
        "Antarctica\/Mawson": "ਮੌਸਨ",
        "Antarctica\/McMurdo": "ਮੈਕਮੁਰਡੋ",
        "Antarctica\/Palmer": "ਪਾਮਰ",
        "Antarctica\/Rothera": "ਰੋਥੇਰਾ",
        "Antarctica\/Syowa": "ਸਵੋਯਾ",
        "Antarctica\/Troll": "ਟਰੋਲ",
        "Antarctica\/Vostok": "ਵੋਸਟੋਕ",
        "Arctic\/Longyearbyen": "ਲੋਂਗਈਅਰਬਾਇਨ",
        "Asia\/Aden": "ਅਡੇਨ",
        "Asia\/Almaty": "ਅਲਮੇਟੀ",
        "Asia\/Amman": "ਅਮਾਨ",
        "Asia\/Anadyr": "ਇਨਾਡਾਇਰ",
        "Asia\/Aqtau": "ਅਕਤੌ",
        "Asia\/Aqtobe": "ਅਕਤੋਬੇ",
        "Asia\/Ashgabat": "ਅਸ਼ਗਾਬਾਟ",
        "Asia\/Baghdad": "ਬਗਦਾਦ",
        "Asia\/Bahrain": "ਬਹਿਰੀਨ",
        "Asia\/Baku": "ਬਾਕੂ",
        "Asia\/Bangkok": "ਬੈਂਕਾਕ",
        "Asia\/Beirut": "ਬੈਰੂਤ",
        "Asia\/Bishkek": "ਬਿਸ਼ਕੇਕ",
        "Asia\/Brunei": "ਬਰੂਨੇਈ",
        "Asia\/Calcutta": "ਕੋਲਕਾਤਾ",
        "Asia\/Choibalsan": "ਚੋਇਲਬਾਲਸਨ",
        "Asia\/Chongqing": "ਚੋਂਗਿੰਗ",
        "Asia\/Colombo": "ਕੋਲੰਬੋ",
        "Asia\/Damascus": "ਡੈਮਸਕਸ",
        "Asia\/Dhaka": "ਢਾਕਾ",
        "Asia\/Dili": "ਡਿਲੀ",
        "Asia\/Dubai": "ਦੁਬਈ",
        "Asia\/Dushanbe": "ਦੁਸ਼ਾਂਬੇ",
        "Asia\/Gaza": "ਗਾਜ਼ਾ",
        "Asia\/Harbin": "ਹਾਰਬਿਨ",
        "Asia\/Hebron": "ਹੇਬਰਾਨ",
        "Asia\/Hong_Kong": "ਹਾਂਗ ਕਾਂਗ",
        "Asia\/Hovd": "ਹੋਵਡ",
        "Asia\/Irkutsk": "ਇਰਕੁਤਸਕ",
        "Asia\/Jakarta": "ਜਕਾਰਤਾ",
        "Asia\/Jayapura": "ਜਯਾਪੁਰਾ",
        "Asia\/Jerusalem": "ਜੇਰੂਸਲਮ",
        "Asia\/Kabul": "ਕਾਬੁਲ",
        "Asia\/Kamchatka": "ਕਮਚਟਕਾ",
        "Asia\/Karachi": "ਕਰਾਚੀ",
        "Asia\/Kashgar": "ਕੈਸ਼ਗਰ",
        "Asia\/Katmandu": "ਕਾਠਮਾਂਡੂ",
        "Asia\/Khandyga": "ਖਾਨਡਿਗਾ",
        "Asia\/Krasnoyarsk": "ਕਰੈਸਨੇਜਰਸ",
        "Asia\/Kuala_Lumpur": "ਕੁਆਲਾਲੰਪੁਰ",
        "Asia\/Kuching": "ਕੁਚਿੰਗ",
        "Asia\/Kuwait": "ਕੁਵੈਤ",
        "Asia\/Macau": "ਮਕਾਉ",
        "Asia\/Magadan": "ਮੈਗੇਡਨ",
        "Asia\/Makassar": "ਮਕਸਾਰ",
        "Asia\/Manila": "ਮਨੀਲਾ",
        "Asia\/Muscat": "ਮਸਕਟ",
        "Asia\/Nicosia": "ਨਿਕੋਸੀਆ",
        "Asia\/Novokuznetsk": "ਨੋਵੋਕੁਜ਼ਨੇਟਸਕ",
        "Asia\/Novosibirsk": "ਨੋਵੋਸਿਬੀਰਸਕ",
        "Asia\/Omsk": "ਓਮਸਕ",
        "Asia\/Oral": "ਓਰਲ",
        "Asia\/Phnom_Penh": "ਫਨੋਮ ਪੇਨਹ",
        "Asia\/Pontianak": "ਪੌਂਟੀਆਨਾਕ",
        "Asia\/Pyongyang": "ਪਯੋਂਗਯਾਂਗ",
        "Asia\/Qatar": "ਕਤਰ",
        "Asia\/Qyzylorda": "ਕਿਜ਼ੀਲੋਰਡਾ",
        "Asia\/Rangoon": "ਰੰਗੂਨ",
        "Asia\/Riyadh": "ਰਿਆਧ",
        "Asia\/Saigon": "ਹੋ ਚਾਈ ਮਿਨ੍ਹ ਸਿਟੀ",
        "Asia\/Sakhalin": "ਸਖਲੀਨ",
        "Asia\/Samarkand": "ਸਮਰਕੰਦ",
        "Asia\/Seoul": "ਸਿਉਲ",
        "Asia\/Shanghai": "ਸ਼ੰਘਾਈ",
        "Asia\/Singapore": "ਸਿੰਗਾਪੁਰ",
        "Asia\/Taipei": "ਤੈਪਈ",
        "Asia\/Tashkent": "ਤਾਸ਼ਕੈਂਟ",
        "Asia\/Tbilisi": "ਟਬਿਲਿਸੀ",
        "Asia\/Tehran": "ਤੇਹਰਾਨ",
        "Asia\/Thimphu": "ਥਿੰਫੂ",
        "Asia\/Tokyo": "ਟੋਕੀਓ",
        "Asia\/Ulaanbaatar": "ਉਲਾਨਬਾਤਰ",
        "Asia\/Urumqi": "ਊਰੂਮਕੀ",
        "Asia\/Ust-Nera": "ਉਸਤ-ਨੇਰਾ",
        "Asia\/Vientiane": "ਵਾਏਨਟਿਆਨੇ",
        "Asia\/Vladivostok": "ਵਲਾਦੀਵੋਸਤਕ",
        "Asia\/Yakutsk": "ਯਕੁਤਸਕ",
        "Asia\/Yekaterinburg": "ਯਕੇਤਰਿਨਬਰਗ",
        "Asia\/Yerevan": "ਯੇਰੇਵਨ",
        "Atlantic\/Azores": "ਅਜੋਰੇਸ",
        "Atlantic\/Bermuda": "ਬਰਮੂਡਾ",
        "Atlantic\/Canary": "ਕੇਨੇਰੀ",
        "Atlantic\/Cape_Verde": "ਕੇਪ ਵਰਡ",
        "Atlantic\/Faeroe": "ਫੈਰੋ",
        "Atlantic\/Madeira": "ਮਡੀਅਰਾ",
        "Atlantic\/Reykjavik": "ਰੇਕਜਾਵਿਕ",
        "Atlantic\/South_Georgia": "ਦੱਖਣੀ ਜਾਰਜੀਆ",
        "Atlantic\/St_Helena": "ਸੇਂਟ ਹੇਲੇਨਾ",
        "Atlantic\/Stanley": "ਸਟੇਨਲੀ",
        "Australia\/Adelaide": "ਐਡੀਲੇਡ",
        "Australia\/Brisbane": "ਬ੍ਰਿਸਬੇਨ",
        "Australia\/Broken_Hill": "ਬ੍ਰੋਕਨ ਹਿਲ",
        "Australia\/Currie": "ਕਰੀ",
        "Australia\/Darwin": "ਡਾਰਵਿਨ",
        "Australia\/Eucla": "ਯੂਕਲਾ",
        "Australia\/Hobart": "ਹੋਬਾਰਟ",
        "Australia\/Lindeman": "ਲਿੰਡੇਮਨ",
        "Australia\/Lord_Howe": "ਲੌਰਡ ਹੋਵੇ",
        "Australia\/Melbourne": "ਮੈਲਬੋਰਨ",
        "Australia\/Perth": "ਪਰਥ",
        "Australia\/Sydney": "ਸਿਡਨੀ",
        "Etc\/Unknown": "ਅਣਪਛਾਤਾ ਸ਼ਹਿਰ",
        "Europe\/Amsterdam": "ਐਮਸਟਰਡਮ",
        "Europe\/Andorra": "ਅੰਡੋਰਾ",
        "Europe\/Athens": "ਏਥਨਸ",
        "Europe\/Belgrade": "ਬੈਲਗ੍ਰੇਡ",
        "Europe\/Berlin": "ਬਰਲਿਨ",
        "Europe\/Bratislava": "ਬ੍ਰਟਿਸਲਾਵਾ",
        "Europe\/Brussels": "ਬਰੂਸੇਲਸ",
        "Europe\/Bucharest": "ਬੁਚਾਰੇਸਟ",
        "Europe\/Budapest": "ਬੁਡਾਪੇਸਟ",
        "Europe\/Busingen": "ਬੁਸਿੰਜੇਨ",
        "Europe\/Chisinau": "ਚਿਸਿਨੌ",
        "Europe\/Copenhagen": "ਕੋਪੇਨਹੇਗਨ",
        "Europe\/Dublin": "ਡਬਲਿਨ",
        "Europe\/Gibraltar": "ਜਿਬਰਾਲਟਰ",
        "Europe\/Guernsey": "ਗਰਨਜੀ",
        "Europe\/Helsinki": "ਹੇਲਸਿੰਕੀ",
        "Europe\/Isle_of_Man": "ਆਇਲ ਆਫ ਮੈਨ",
        "Europe\/Istanbul": "ਇਸਤਾਂਬੁਲ",
        "Europe\/Jersey": "ਜਰਸੀ",
        "Europe\/Kaliningrad": "ਕਲੀਨਿੰਗ੍ਰੇਡ",
        "Europe\/Kiev": "ਕੀਵ",
        "Europe\/Lisbon": "ਲਿਸਬਨ",
        "Europe\/Ljubljana": "ਲਜੁਬਲਜਾਨਾ",
        "Europe\/London": "ਲੰਡਨ",
        "Europe\/Luxembourg": "ਲਕਜ਼ਮਬਰਗ",
        "Europe\/Madrid": "ਮੈਡ੍ਰਿਡ",
        "Europe\/Malta": "ਮਾਲਟਾ",
        "Europe\/Mariehamn": "ਮਾਰੀਏਹਾਮੇਨ",
        "Europe\/Minsk": "ਮਿੰਸਕ",
        "Europe\/Monaco": "ਮੋਨਾਕੋ",
        "Europe\/Moscow": "ਮਾਸਕੋ",
        "Europe\/Oslo": "ਓਸਲੋ",
        "Europe\/Paris": "ਪੈਰਿਸ",
        "Europe\/Podgorica": "ਪੋਡਗੋਰੀਕਾ",
        "Europe\/Prague": "ਪ੍ਰਾਗ",
        "Europe\/Riga": "ਰਿਗਾ",
        "Europe\/Rome": "ਰੋਮ",
        "Europe\/Samara": "ਸਮਾਰਾ",
        "Europe\/San_Marino": "ਸੈਨ ਮਰੀਨੋ",
        "Europe\/Sarajevo": "ਸਾਰਾਜੇਵੋ",
        "Europe\/Simferopol": "ਸਿਮਫਰੋਪੋਲ",
        "Europe\/Skopje": "ਸਕੋਪਜੇ",
        "Europe\/Sofia": "ਸੋਫੀਆ",
        "Europe\/Stockholm": "ਸਟਾਕਹੋਮ",
        "Europe\/Tallinn": "ਟੱਲਿਨ",
        "Europe\/Tirane": "ਤਿਰਾਨੇ",
        "Europe\/Uzhgorod": "ਉਜ਼ਗੋਰੋਡ",
        "Europe\/Vaduz": "ਵਾਡੁਜ਼",
        "Europe\/Vatican": "ਵੈਟਿਕਨ",
        "Europe\/Vienna": "ਵਿਆਨਾ",
        "Europe\/Vilnius": "ਵਿਲਨਿਅਸ",
        "Europe\/Volgograd": "ਵੋਲਗੋਗ੍ਰੇਡ",
        "Europe\/Warsaw": "ਵਾਰਸਾਅ",
        "Europe\/Zagreb": "ਜ਼ਗਰੇਬ",
        "Europe\/Zaporozhye": "ਜਪੋਰੋਜ਼ਾਏ",
        "Europe\/Zurich": "ਜਿਊਰਿਖ",
        "Indian\/Antananarivo": "ਅੰਟਾਨਨੇਰਿਵੋ",
        "Indian\/Chagos": "ਚਾਗੋਸ",
        "Indian\/Christmas": "ਕ੍ਰਿਸਮਸ",
        "Indian\/Cocos": "ਕੋਕੋਜ਼",
        "Indian\/Comoro": "ਕੋਮੋਰੋ",
        "Indian\/Kerguelen": "ਕਰਗਯੂਲੇਨ",
        "Indian\/Mahe": "ਮਾਹੇ",
        "Indian\/Maldives": "ਮਾਲਦੀਵ",
        "Indian\/Mauritius": "ਮੌਰਿਸ਼ਸ",
        "Indian\/Mayotte": "ਮਾਯੋਟੀ",
        "Indian\/Reunion": "ਰਿਯੂਨੀਅਨ",
        "Pacific\/Apia": "ਐਪੀਆ",
        "Pacific\/Auckland": "ਆਕਲੈਂਡ",
        "Pacific\/Chatham": "ਚੈਥਮ",
        "Pacific\/Easter": "ਈਸਟਰ",
        "Pacific\/Efate": "ਇਫੇਟ",
        "Pacific\/Enderbury": "ਏਂਡਰਬਰੀ",
        "Pacific\/Fakaofo": "ਫਕਾਉਫੋ",
        "Pacific\/Fiji": "ਫ਼ਿਜੀ",
        "Pacific\/Funafuti": "ਫੁਨਾਫੁਟੀ",
        "Pacific\/Galapagos": "ਗਲਪੇਗੋਸ",
        "Pacific\/Gambier": "ਗੈਂਬੀਅਰ",
        "Pacific\/Guadalcanal": "ਗੁਆਡਾਕੇਨਲ",
        "Pacific\/Guam": "ਗੁਆਮ",
        "Pacific\/Honolulu": "ਹੋਨੋਲੁਲੂ",
        "Pacific\/Johnston": "ਜੋਨਸਟਨ",
        "Pacific\/Kiritimati": "ਕਿਰਿਤਿਮਤੀ",
        "Pacific\/Kosrae": "ਕੋਸ੍ਰਾਏ",
        "Pacific\/Kwajalein": "ਕਵਾਜਾਲੀਨ",
        "Pacific\/Majuro": "ਮੇਜੁਰੋ",
        "Pacific\/Marquesas": "ਮਾਰਕਿਸਾਸ",
        "Pacific\/Midway": "ਮਿਡਵੇ",
        "Pacific\/Nauru": "ਨਾਉਰੂ",
        "Pacific\/Niue": "ਨਿਯੂ",
        "Pacific\/Norfolk": "ਨੋਰਫੌਕ",
        "Pacific\/Noumea": "ਨੌਮਿਆ",
        "Pacific\/Pago_Pago": "ਪਾਗੋ ਪਾਗੋ",
        "Pacific\/Palau": "ਪਲਾਉ",
        "Pacific\/Pitcairn": "ਪਿਟਕੈਰਨ",
        "Pacific\/Ponape": "ਪੋਹਨਪੇਈ",
        "Pacific\/Port_Moresby": "ਪੋਰਟ ਮੋਰੇਸਬੀ",
        "Pacific\/Rarotonga": "ਰਾਰੋਟੋਂਗਾ",
        "Pacific\/Saipan": "ਸੈਪਾਨ",
        "Pacific\/Tahiti": "ਤਹਿਤੀ",
        "Pacific\/Tarawa": "ਟਾਰਾਵਾ",
        "Pacific\/Tongatapu": "ਟੋਂਗਾਟਾਪੂ",
        "Pacific\/Truk": "ਚੂਕ",
        "Pacific\/Wake": "ਵੇਕ",
        "Pacific\/Wallis": "ਵਾਲਿਸ"
    }
}
