{
    "Version": "2.1.8.9",
    "Names": {
        "Africa\/Abidjan": "Abidjan",
        "Africa\/Accra": "Acra",
        "Africa\/Addis_Ababa": "Adis-Abeba",
        "Africa\/Algiers": "Argel",
        "Africa\/Asmera": "Asmara",
        "Africa\/Bamako": "Bamaco",
        "Africa\/Bangui": "Bangui",
        "Africa\/Banjul": "Banjul",
        "Africa\/Bissau": "Bissau",
        "Africa\/Blantyre": "Blantyre",
        "Africa\/Brazzaville": "Brazzaville",
        "Africa\/Bujumbura": "Bujumbura",
        "Africa\/Cairo": "Cairo",
        "Africa\/Casablanca": "Casablanca",
        "Africa\/Ceuta": "Ceuta",
        "Africa\/Conakry": "Conacri",
        "Africa\/Dakar": "Dacar",
        "Africa\/Dar_es_Salaam": "Dar es Salaam",
        "Africa\/Djibouti": "Djibuti",
        "Africa\/Douala": "Douala",
        "Africa\/El_Aaiun": "El Aaiún",
        "Africa\/Freetown": "Freetown",
        "Africa\/Gaborone": "Gaborone",
        "Africa\/Harare": "Harare",
        "Africa\/Johannesburg": "Johannesburgo",
        "Africa\/Juba": "Juba",
        "Africa\/Kampala": "Campala",
        "Africa\/Khartoum": "Cartum",
        "Africa\/Kigali": "Kigali",
        "Africa\/Kinshasa": "Kinshasa",
        "Africa\/Lagos": "Lagos",
        "Africa\/Libreville": "Libreville",
        "Africa\/Lome": "Lomé",
        "Africa\/Luanda": "Luanda",
        "Africa\/Lubumbashi": "Lubumbashi",
        "Africa\/Lusaka": "Lusaca",
        "Africa\/Malabo": "Malabo",
        "Africa\/Maputo": "Maputo",
        "Africa\/Maseru": "Maseru",
        "Africa\/Mbabane": "Mbabane",
        "Africa\/Mogadishu": "Mogadíscio",
        "Africa\/Monrovia": "Monróvia",
        "Africa\/Nairobi": "Nairóbi",
        "Africa\/Ndjamena": "Ndjamena",
        "Africa\/Niamey": "Niamei",
        "Africa\/Nouakchott": "Nouakchott",
        "Africa\/Ouagadougou": "Ouagadougou",
        "Africa\/Porto-Novo": "Porto Novo",
        "Africa\/Sao_Tome": "São Tomé",
        "Africa\/Tripoli": "Trípoli",
        "Africa\/Tunis": "Túnis",
        "Africa\/Windhoek": "Windhoek",
        "America\/Adak": "Adak",
        "America\/Anchorage": "Anchorage",
        "America\/Anguilla": "Anguilla",
        "America\/Antigua": "Antígua",
        "America\/Araguaina": "Araguaína",
        "America\/Argentina\/La_Rioja": "La Rioja",
        "America\/Argentina\/Rio_Gallegos": "Rio Gallegos",
        "America\/Argentina\/Salta": "Salta",
        "America\/Argentina\/San_Juan": "San Juan",
        "America\/Argentina\/San_Luis": "San Luis",
        "America\/Argentina\/Tucuman": "Tucumã",
        "America\/Argentina\/Ushuaia": "Ushuaia",
        "America\/Aruba": "Aruba",
        "America\/Asuncion": "Assunção",
        "America\/Bahia": "Bahia",
        "America\/Bahia_Banderas": "Bahia Banderas",
        "America\/Barbados": "Barbados",
        "America\/Belem": "Belém",
        "America\/Belize": "Belize",
        "America\/Blanc-Sablon": "Blanc-Sablon",
        "America\/Boa_Vista": "Boa Vista",
        "America\/Bogota": "Bogotá",
        "America\/Boise": "Boise",
        "America\/Buenos_Aires": "Buenos Aires",
        "America\/Cambridge_Bay": "Cambridge Bay",
        "America\/Campo_Grande": "Campo Grande",
        "America\/Cancun": "Cancún",
        "America\/Caracas": "Caracas",
        "America\/Catamarca": "Catamarca",
        "America\/Cayenne": "Caiena",
        "America\/Cayman": "Caimã",
        "America\/Chicago": "Chicago",
        "America\/Chihuahua": "Chihuahua",
        "America\/Coral_Harbour": "Atikokan",
        "America\/Cordoba": "Córdoba",
        "America\/Costa_Rica": "Costa Rica",
        "America\/Creston": "Creston",
        "America\/Cuiaba": "Cuiabá",
        "America\/Curacao": "Curaçao",
        "America\/Danmarkshavn": "Danmarkshavn",
        "America\/Dawson": "Dawson",
        "America\/Dawson_Creek": "Dawson Creek",
        "America\/Denver": "Denver",
        "America\/Detroit": "Detroit",
        "America\/Dominica": "Dominica",
        "America\/Edmonton": "Edmonton",
        "America\/Eirunepe": "Eirunepé",
        "America\/El_Salvador": "El Salvador",
        "America\/Fortaleza": "Fortaleza",
        "America\/Glace_Bay": "Glace Bay",
        "America\/Godthab": "Nuuk",
        "America\/Goose_Bay": "Goose Bay",
        "America\/Grand_Turk": "Grand Turk",
        "America\/Grenada": "Granada",
        "America\/Guadeloupe": "Guadalupe",
        "America\/Guatemala": "Guatemala",
        "America\/Guayaquil": "Guaiaquil",
        "America\/Guyana": "Guiana",
        "America\/Halifax": "Halifax",
        "America\/Havana": "Havana",
        "America\/Hermosillo": "Hermosillo",
        "America\/Indiana\/Knox": "Knox, Indiana",
        "America\/Indiana\/Marengo": "Marengo, Indiana",
        "America\/Indiana\/Petersburg": "Petersburg, Indiana",
        "America\/Indiana\/Tell_City": "Tell City, Indiana",
        "America\/Indiana\/Vevay": "Vevay, Indiana",
        "America\/Indiana\/Vincennes": "Vincennes, Indiana",
        "America\/Indiana\/Winamac": "Winamac, Indiana",
        "America\/Indianapolis": "Indianápolis",
        "America\/Inuvik": "Inuvik",
        "America\/Iqaluit": "Iqaluit",
        "America\/Jamaica": "Jamaica",
        "America\/Jujuy": "Jujuy",
        "America\/Juneau": "Juneau",
        "America\/Kentucky\/Monticello": "Monticello, Kentucky",
        "America\/Kralendijk": "Kralendijk",
        "America\/La_Paz": "La Paz",
        "America\/Lima": "Lima",
        "America\/Los_Angeles": "Los Angeles",
        "America\/Louisville": "Louisville",
        "America\/Lower_Princes": "Lower Prince’s Quarter",
        "America\/Maceio": "Maceió",
        "America\/Managua": "Manágua",
        "America\/Manaus": "Manaus",
        "America\/Marigot": "Marigot",
        "America\/Martinique": "Martinica",
        "America\/Matamoros": "Matamoros",
        "America\/Mazatlan": "Mazatlan",
        "America\/Mendoza": "Mendoza",
        "America\/Menominee": "Menominee",
        "America\/Merida": "Mérida",
        "America\/Metlakatla": "Metlakatla",
        "America\/Mexico_City": "Cidade do México",
        "America\/Miquelon": "Miquelon",
        "America\/Moncton": "Moncton",
        "America\/Monterrey": "Monterrei",
        "America\/Montevideo": "Montevidéu",
        "America\/Montserrat": "Montserrat",
        "America\/Nassau": "Nassau",
        "America\/New_York": "Nova York",
        "America\/Nipigon": "Nipigon",
        "America\/Nome": "Nome",
        "America\/Noronha": "Fernando de Noronha",
        "America\/North_Dakota\/Beulah": "Beulah, Dakota do Norte",
        "America\/North_Dakota\/Center": "Central, Dakota do Norte",
        "America\/North_Dakota\/New_Salem": "New Salen, Dakota do Norte",
        "America\/Ojinaga": "Ojinaga",
        "America\/Panama": "Panamá",
        "America\/Pangnirtung": "Pangnirtung",
        "America\/Paramaribo": "Paramaribo",
        "America\/Phoenix": "Phoenix",
        "America\/Port-au-Prince": "Porto Príncipe",
        "America\/Port_of_Spain": "Porto Espanha",
        "America\/Porto_Velho": "Porto Velho",
        "America\/Puerto_Rico": "Porto Rico",
        "America\/Rainy_River": "Rainy River",
        "America\/Rankin_Inlet": "Rankin Inlet",
        "America\/Recife": "Recife",
        "America\/Regina": "Regina",
        "America\/Resolute": "Resolute",
        "America\/Rio_Branco": "Rio Branco",
        "America\/Santa_Isabel": "Santa Isabel",
        "America\/Santarem": "Santarém",
        "America\/Santiago": "Santiago",
        "America\/Santo_Domingo": "Santo Domingo",
        "America\/Sao_Paulo": "São Paulo",
        "America\/Scoresbysund": "Ittoqqortoormiit",
        "America\/Sitka": "Sitka",
        "America\/St_Barthelemy": "São Bartolomeu",
        "America\/St_Johns": "St. John’s",
        "America\/St_Kitts": "São Cristóvão",
        "America\/St_Lucia": "Santa Lúcia",
        "America\/St_Thomas": "St. Thomas",
        "America\/St_Vincent": "São Vicente",
        "America\/Swift_Current": "Swift Current",
        "America\/Tegucigalpa": "Tegucigalpa",
        "America\/Thule": "Thule",
        "America\/Thunder_Bay": "Thunder Bay",
        "America\/Tijuana": "Tijuana",
        "America\/Toronto": "Toronto",
        "America\/Tortola": "Tortola",
        "America\/Vancouver": "Vancouver",
        "America\/Whitehorse": "Whitehorse",
        "America\/Winnipeg": "Winnipeg",
        "America\/Yakutat": "Yakutat",
        "America\/Yellowknife": "Yellowknife",
        "Antarctica\/Casey": "Casey",
        "Antarctica\/Davis": "Davis",
        "Antarctica\/DumontDUrville": "Dumont d’Urville",
        "Antarctica\/Macquarie": "Macquarie",
        "Antarctica\/Mawson": "Mawson",
        "Antarctica\/McMurdo": "McMurdo",
        "Antarctica\/Palmer": "Palmer",
        "Antarctica\/Rothera": "Rothera",
        "Antarctica\/Syowa": "Showa",
        "Antarctica\/Troll": "Troll",
        "Antarctica\/Vostok": "Vostok",
        "Arctic\/Longyearbyen": "Longyearbyen",
        "Asia\/Aden": "Adem",
        "Asia\/Almaty": "Almaty",
        "Asia\/Amman": "Amã",
        "Asia\/Anadyr": "Anadyr",
        "Asia\/Aqtau": "Aqtau",
        "Asia\/Aqtobe": "Aqtöbe",
        "Asia\/Ashgabat": "Asgabate",
        "Asia\/Baghdad": "Bagdá",
        "Asia\/Bahrain": "Barein",
        "Asia\/Baku": "Baku",
        "Asia\/Bangkok": "Bangkok",
        "Asia\/Beirut": "Beirute",
        "Asia\/Bishkek": "Bishkek",
        "Asia\/Brunei": "Brunei",
        "Asia\/Calcutta": "Kolkata",
        "Asia\/Choibalsan": "Choibalsan",
        "Asia\/Chongqing": "Chongqing",
        "Asia\/Colombo": "Colombo",
        "Asia\/Damascus": "Damasco",
        "Asia\/Dhaka": "Dacca",
        "Asia\/Dili": "Dili",
        "Asia\/Dubai": "Dubai",
        "Asia\/Dushanbe": "Duchambe",
        "Asia\/Gaza": "Gaza",
        "Asia\/Harbin": "Harbin",
        "Asia\/Hebron": "Hebron",
        "Asia\/Hong_Kong": "Hong Kong",
        "Asia\/Hovd": "Hovd",
        "Asia\/Irkutsk": "Irkutsk",
        "Asia\/Jakarta": "Jacarta",
        "Asia\/Jayapura": "Jayapura",
        "Asia\/Jerusalem": "Jerusalém",
        "Asia\/Kabul": "Kabul",
        "Asia\/Kamchatka": "Kamchatka",
        "Asia\/Karachi": "Carachi",
        "Asia\/Kashgar": "Kashgar",
        "Asia\/Katmandu": "Catmandu",
        "Asia\/Khandyga": "Khandyga",
        "Asia\/Krasnoyarsk": "Krasnoyarsk",
        "Asia\/Kuala_Lumpur": "Kuala Lampur",
        "Asia\/Kuching": "Kuching",
        "Asia\/Kuwait": "Kuwait",
        "Asia\/Macau": "Macau",
        "Asia\/Magadan": "Magadan",
        "Asia\/Makassar": "Macassar",
        "Asia\/Manila": "Manila",
        "Asia\/Muscat": "Mascate",
        "Asia\/Nicosia": "Nicósia",
        "Asia\/Novokuznetsk": "Novokuznetsk",
        "Asia\/Novosibirsk": "Novosibirsk",
        "Asia\/Omsk": "Omsk",
        "Asia\/Oral": "Oral",
        "Asia\/Phnom_Penh": "Phnom Penh",
        "Asia\/Pontianak": "Pontianak",
        "Asia\/Pyongyang": "Pyongyang",
        "Asia\/Qatar": "Qatar",
        "Asia\/Qyzylorda": "Qyzylorda",
        "Asia\/Rangoon": "Yangon",
        "Asia\/Riyadh": "Riadi",
        "Asia\/Saigon": "Ho Chi Minh",
        "Asia\/Sakhalin": "Sacalina",
        "Asia\/Samarkand": "Samarcanda",
        "Asia\/Seoul": "Seul",
        "Asia\/Shanghai": "Xangai",
        "Asia\/Singapore": "Cingapura",
        "Asia\/Taipei": "Taipei",
        "Asia\/Tashkent": "Tashkent",
        "Asia\/Tbilisi": "Tbilisi",
        "Asia\/Tehran": "Teerã",
        "Asia\/Thimphu": "Timphu",
        "Asia\/Tokyo": "Tóquio",
        "Asia\/Ulaanbaatar": "Ulan Bator",
        "Asia\/Urumqi": "Urumqi",
        "Asia\/Ust-Nera": "Ust-Nera",
        "Asia\/Vientiane": "Vientiane",
        "Asia\/Vladivostok": "Vladivostok",
        "Asia\/Yakutsk": "Yakutsk",
        "Asia\/Yekaterinburg": "Ecaterimburgo",
        "Asia\/Yerevan": "Yerevan",
        "Atlantic\/Azores": "Açores",
        "Atlantic\/Bermuda": "Bermudas",
        "Atlantic\/Canary": "Canárias",
        "Atlantic\/Cape_Verde": "Cabo Verde",
        "Atlantic\/Faeroe": "Ilhas Faroe",
        "Atlantic\/Madeira": "Madeira",
        "Atlantic\/Reykjavik": "Reykjavik",
        "Atlantic\/South_Georgia": "Geórgia do Sul",
        "Atlantic\/St_Helena": "Santa Helena",
        "Atlantic\/Stanley": "Stanley",
        "Australia\/Adelaide": "Adelaide",
        "Australia\/Brisbane": "Brisbane",
        "Australia\/Broken_Hill": "Broken Hill",
        "Australia\/Currie": "Currie",
        "Australia\/Darwin": "Darwin",
        "Australia\/Eucla": "Eucla",
        "Australia\/Hobart": "Hobart",
        "Australia\/Lindeman": "Lindeman",
        "Australia\/Lord_Howe": "Lord Howe",
        "Australia\/Melbourne": "Melbourne",
        "Australia\/Perth": "Perth",
        "Australia\/Sydney": "Sydney",
        "Etc\/Unknown": "Cidade desconhecida",
        "Europe\/Amsterdam": "Amsterdã",
        "Europe\/Andorra": "Andorra",
        "Europe\/Athens": "Atenas",
        "Europe\/Belgrade": "Belgrado",
        "Europe\/Berlin": "Berlim",
        "Europe\/Bratislava": "Bratislava",
        "Europe\/Brussels": "Bruxelas",
        "Europe\/Bucharest": "Bucareste",
        "Europe\/Budapest": "Budapeste",
        "Europe\/Busingen": "Büsingen",
        "Europe\/Chisinau": "Chisinau",
        "Europe\/Copenhagen": "Copenhague",
        "Europe\/Dublin": "Dublin",
        "Europe\/Gibraltar": "Gibraltar",
        "Europe\/Guernsey": "Guernsey",
        "Europe\/Helsinki": "Helsinque",
        "Europe\/Isle_of_Man": "Ilha de Man",
        "Europe\/Istanbul": "Istambul",
        "Europe\/Jersey": "Jersey",
        "Europe\/Kaliningrad": "Kaliningrado",
        "Europe\/Kiev": "Kiev",
        "Europe\/Lisbon": "Lisboa",
        "Europe\/Ljubljana": "Liubliana",
        "Europe\/London": "Londres",
        "Europe\/Luxembourg": "Luxemburgo",
        "Europe\/Madrid": "Madri",
        "Europe\/Malta": "Malta",
        "Europe\/Mariehamn": "Mariehamn",
        "Europe\/Minsk": "Minsk",
        "Europe\/Monaco": "Mônaco",
        "Europe\/Moscow": "Moscou",
        "Europe\/Oslo": "Oslo",
        "Europe\/Paris": "Paris",
        "Europe\/Podgorica": "Podgóritza",
        "Europe\/Prague": "Praga",
        "Europe\/Riga": "Riga",
        "Europe\/Rome": "Roma",
        "Europe\/Samara": "Samara",
        "Europe\/San_Marino": "San Marino",
        "Europe\/Sarajevo": "Sarajevo",
        "Europe\/Simferopol": "Simferopol",
        "Europe\/Skopje": "Skopje",
        "Europe\/Sofia": "Sófia",
        "Europe\/Stockholm": "Estocolmo",
        "Europe\/Tallinn": "Tallinn",
        "Europe\/Tirane": "Tirana",
        "Europe\/Uzhgorod": "Uzhgorod",
        "Europe\/Vaduz": "Vaduz",
        "Europe\/Vatican": "Vaticano",
        "Europe\/Vienna": "Viena",
        "Europe\/Vilnius": "Vilnius",
        "Europe\/Volgograd": "Volgogrado",
        "Europe\/Warsaw": "Varsóvia",
        "Europe\/Zagreb": "Zagreb",
        "Europe\/Zaporozhye": "Zaporizhia",
        "Europe\/Zurich": "Zurique",
        "Indian\/Antananarivo": "Antananarivo",
        "Indian\/Chagos": "Chagos",
        "Indian\/Christmas": "Christmas",
        "Indian\/Cocos": "Cocos",
        "Indian\/Comoro": "Comores",
        "Indian\/Kerguelen": "Kerguelen",
        "Indian\/Mahe": "Mahé",
        "Indian\/Maldives": "Maldivas",
        "Indian\/Mauritius": "Maurício",
        "Indian\/Mayotte": "Mayotte",
        "Indian\/Reunion": "Reunião",
        "Pacific\/Apia": "Ápia",
        "Pacific\/Auckland": "Auckland",
        "Pacific\/Chatham": "Chatham",
        "Pacific\/Easter": "Ilha de Páscoa",
        "Pacific\/Efate": "Éfaté",
        "Pacific\/Enderbury": "Enderbury",
        "Pacific\/Fakaofo": "Fakaofo",
        "Pacific\/Fiji": "Fiji",
        "Pacific\/Funafuti": "Funafuti",
        "Pacific\/Galapagos": "Galápagos",
        "Pacific\/Gambier": "Gambier",
        "Pacific\/Guadalcanal": "Guadalcanal",
        "Pacific\/Guam": "Guam",
        "Pacific\/Honolulu": "Honolulu",
        "Pacific\/Johnston": "Johnston",
        "Pacific\/Kiritimati": "Kiritimati",
        "Pacific\/Kosrae": "Kosrae",
        "Pacific\/Kwajalein": "Kwajalein",
        "Pacific\/Majuro": "Majuro",
        "Pacific\/Marquesas": "Marquesas",
        "Pacific\/Midway": "Midway",
        "Pacific\/Nauru": "Nauru",
        "Pacific\/Niue": "Niue",
        "Pacific\/Norfolk": "Norfolk",
        "Pacific\/Noumea": "Nouméa",
        "Pacific\/Pago_Pago": "Pago Pago",
        "Pacific\/Palau": "Palau",
        "Pacific\/Pitcairn": "Pitcairn",
        "Pacific\/Ponape": "Pohnpei",
        "Pacific\/Port_Moresby": "Port Moresby",
        "Pacific\/Rarotonga": "Rarotonga",
        "Pacific\/Saipan": "Saipan",
        "Pacific\/Tahiti": "Taiti",
        "Pacific\/Tarawa": "Taraua",
        "Pacific\/Tongatapu": "Tongatapu",
        "Pacific\/Truk": "Chuuk",
        "Pacific\/Wake": "Wake",
        "Pacific\/Wallis": "Wallis"
    }
}
