{
    "Version": "2.1.48.4",
    "Names": {
        "Africa\/Abidjan": "Costa d’Ivur (Abidjan)",
        "Africa\/Accra": "Ghana (Accra)",
        "Africa\/Addis_Ababa": "Etiopia (Addis Abeba)",
        "Africa\/Algiers": "Algeria (Algier)",
        "Africa\/Asmera": "Eritrea (Asmara)",
        "Africa\/Bamako": "Mali (Bamako)",
        "Africa\/Bangui": "Republica Centralafricana (Bangui)",
        "Africa\/Banjul": "Gambia (Banjul)",
        "Africa\/Bissau": "Guinea-Bissau (Bissau)",
        "Africa\/Blantyre": "Malawi (Blantyre)",
        "Africa\/Brazzaville": "Congo (Brazzaville)",
        "Africa\/Bujumbura": "Burundi (Bujumbura)",
        "Africa\/Cairo": "Egipta (Cairo)",
        "Africa\/Casablanca": "Maroc (Casablanca)",
        "Africa\/Ceuta": "Spagna (Ceuta)",
        "Africa\/Conakry": "Guinea (Conakry)",
        "Africa\/Dakar": "Senegal (Dakar)",
        "Africa\/Dar_es_Salaam": "Tansania (Daressalam)",
        "Africa\/Djibouti": "Dschibuti (Dschibuti)",
        "Africa\/Douala": "Camerun (Douala)",
        "Africa\/El_Aaiun": "Sahara Occidentala (El Ayun)",
        "Africa\/Freetown": "Sierra Leone (Freetown)",
        "Africa\/Gaborone": "Botswana (Gaborone)",
        "Africa\/Harare": "Simbabwe (Harare)",
        "Africa\/Johannesburg": "Africa dal Sid (Johannesburg)",
        "Africa\/Kampala": "Uganda (Kampala)",
        "Africa\/Khartoum": "Sudan (Khartum)",
        "Africa\/Kigali": "Ruanda (Kigali)",
        "Africa\/Kinshasa": "Republica Democratica dal Congo (Kinshasa)",
        "Africa\/Lagos": "Nigeria (Lagos)",
        "Africa\/Libreville": "Gabun (Libreville)",
        "Africa\/Lome": "Togo (Lomé)",
        "Africa\/Luanda": "Angola (Luanda)",
        "Africa\/Lubumbashi": "Republica Democratica dal Congo (Lubumbashi)",
        "Africa\/Lusaka": "Sambia (Lusaka)",
        "Africa\/Malabo": "Guinea Equatoriala (Malabo)",
        "Africa\/Maputo": "Mosambic (Maputo)",
        "Africa\/Maseru": "Lesotho (Maseru)",
        "Africa\/Mbabane": "Swaziland (Mbabane)",
        "Africa\/Mogadishu": "Somalia (Mogadischu)",
        "Africa\/Monrovia": "Liberia (Monrovia)",
        "Africa\/Nairobi": "Kenia (Nairobi)",
        "Africa\/Ndjamena": "Tschad (Ndjamena)",
        "Africa\/Niamey": "Niger (Niamey)",
        "Africa\/Nouakchott": "Mauretania (Nouakchott)",
        "Africa\/Ouagadougou": "Burkina Faso (Ouagadougou)",
        "Africa\/Porto-Novo": "Benin (Porto-Novo)",
        "Africa\/Sao_Tome": "São Tomé e Principe (São Tomé)",
        "Africa\/Tripoli": "Libia (Tripoli)",
        "Africa\/Tunis": "Tunesia (Tunis)",
        "Africa\/Windhoek": "Namibia (Windhoek)",
        "America\/Adak": "Stadis Unids da l’America (Adak)",
        "America\/Anchorage": "Stadis Unids da l’America (Alasca)",
        "America\/Anguilla": "Anguilla (The Valley)",
        "America\/Antigua": "Antigua e Barbuda (Antigua)",
        "America\/Araguaina": "Brasilia (Araguaína)",
        "America\/Argentina\/La_Rioja": "Argentinia (La Rioja)",
        "America\/Argentina\/Rio_Gallegos": "Argentinia (Rio Gallegos)",
        "America\/Argentina\/Salta": "Argentinia (Salta)",
        "America\/Argentina\/San_Juan": "Argentinia (San Juan, Argentinia)",
        "America\/Argentina\/San_Luis": "Argentinia (San Luis)",
        "America\/Argentina\/Tucuman": "Argentinia (Tucumán)",
        "America\/Argentina\/Ushuaia": "Argentinia (Ushuaïa)",
        "America\/Aruba": "Aruba (Oranjestad)",
        "America\/Asuncion": "Paraguai (Asunción)",
        "America\/Bahia": "Brasilia (Bahia)",
        "America\/Bahia_Banderas": "Mexico (Bahia Banderas)",
        "America\/Barbados": "Barbados (Barbados)",
        "America\/Belem": "Brasilia (Belém)",
        "America\/Belize": "Belize (Belmopan)",
        "America\/Blanc-Sablon": "Canada (Blanc-Sablon)",
        "America\/Boa_Vista": "Brasilia (Boa Vista)",
        "America\/Bogota": "Columbia (Bogota)",
        "America\/Boise": "Stadis Unids da l’America (Boise)",
        "America\/Buenos_Aires": "Argentinia (Buenos Aires)",
        "America\/Cambridge_Bay": "Canada (Cambridge Bay)",
        "America\/Campo_Grande": "Brasilia (Campo Grande)",
        "America\/Cancun": "Mexico (Cancún)",
        "America\/Caracas": "Venezuela (Caracas)",
        "America\/Catamarca": "Argentinia (Catamarca)",
        "America\/Cayenne": "Guyana Franzosa (Cayenne)",
        "America\/Cayman": "Inslas Cayman (Inslas Cayman)",
        "America\/Chicago": "Stadis Unids da l’America (Chicago)",
        "America\/Chihuahua": "Mexico (Chihuahua)",
        "America\/Coral_Harbour": "Canada (Atikokan)",
        "America\/Cordoba": "Argentinia (Córdoba)",
        "America\/Costa_Rica": "Costa Rica (San José)",
        "America\/Creston": "Canada (Creston)",
        "America\/Cuiaba": "Brasilia (Cuiabá)",
        "America\/Danmarkshavn": "Grönlanda (Danmarkshavn)",
        "America\/Dawson": "Canada (Dawson)",
        "America\/Dawson_Creek": "Canada (Dawson Creek)",
        "America\/Denver": "Stadis Unids da l’America (Denver)",
        "America\/Detroit": "Stadis Unids da l’America (Detroit)",
        "America\/Dominica": "Dominica (Dominica)",
        "America\/Edmonton": "Canada (Edmonton)",
        "America\/Eirunepe": "Brasilia (Eirunepé)",
        "America\/El_Salvador": "El Salvador (Salvador)",
        "America\/Fort_Nelson": "Canada (Fort Nelson)",
        "America\/Fortaleza": "Brasilia (Fortaleza)",
        "America\/Glace_Bay": "Canada (Glace Bay)",
        "America\/Godthab": "Grönlanda (Godthåb)",
        "America\/Goose_Bay": "Canada (Goose Bay)",
        "America\/Grand_Turk": "Inslas Turks e Caicos (Cockburn Town)",
        "America\/Grenada": "Grenada (Grenada)",
        "America\/Guadeloupe": "Guadeloupe (Basse-Terre)",
        "America\/Guatemala": "Guatemala (Guatemala)",
        "America\/Guayaquil": "Ecuador (Guayaquil)",
        "America\/Guyana": "Guyana (Guyana)",
        "America\/Halifax": "Canada (Halifax)",
        "America\/Havana": "Cuba (Havana)",
        "America\/Hermosillo": "Mexico (Hermosillo)",
        "America\/Indiana\/Knox": "Stadis Unids da l’America (Knox)",
        "America\/Indiana\/Marengo": "Stadis Unids da l’America (Marengo)",
        "America\/Indiana\/Petersburg": "Stadis Unids da l’America (Petersburg)",
        "America\/Indiana\/Tell_City": "Stadis Unids da l’America (Tell City)",
        "America\/Indiana\/Vevay": "Stadis Unids da l’America (Vevay)",
        "America\/Indiana\/Vincennes": "Stadis Unids da l’America (Vincennes)",
        "America\/Indiana\/Winamac": "Stadis Unids da l’America (Winamac)",
        "America\/Indianapolis": "Stadis Unids da l’America (Indianapolis)",
        "America\/Inuvik": "Canada (Inuvik)",
        "America\/Iqaluit": "Canada (Iqaluit)",
        "America\/Jamaica": "Giamaica (Giamaica)",
        "America\/Jujuy": "Argentinia (San Salvador de Jujuy)",
        "America\/Juneau": "Stadis Unids da l’America (Juneau)",
        "America\/Kentucky\/Monticello": "Stadis Unids da l’America (Monticello)",
        "America\/La_Paz": "Bolivia (La Paz)",
        "America\/Lima": "Peru (Lima)",
        "America\/Los_Angeles": "Stadis Unids da l’America (Los Angeles)",
        "America\/Louisville": "Stadis Unids da l’America (Louisville)",
        "America\/Maceio": "Brasilia (Maceio)",
        "America\/Managua": "Nicaragua (Managua)",
        "America\/Manaus": "Brasilia (Manaus)",
        "America\/Marigot": "Saint Martin (Marigot)",
        "America\/Martinique": "Martinique (Martinique)",
        "America\/Matamoros": "Mexico (Matamoros)",
        "America\/Mazatlan": "Mexico (Mazatlán)",
        "America\/Mendoza": "Argentinia (Mendoza)",
        "America\/Menominee": "Stadis Unids da l’America (Menominee)",
        "America\/Merida": "Mexico (Mérida)",
        "America\/Metlakatla": "Stadis Unids da l’America (Metlakatla)",
        "America\/Mexico_City": "Mexico (Citad da Mexico)",
        "America\/Miquelon": "Saint Pierre e Miquelon (Saint Pierre)",
        "America\/Moncton": "Canada (Moncton)",
        "America\/Monterrey": "Mexico (Monterrey)",
        "America\/Montevideo": "Uruguay (Montevideo)",
        "America\/Montreal": "Canada (Montreal)",
        "America\/Montserrat": "Montserrat (Brades)",
        "America\/Nassau": "Bahamas (Nassau)",
        "America\/New_York": "Stadis Unids da l’America (New York)",
        "America\/Nipigon": "Canada (Nipigon)",
        "America\/Nome": "Stadis Unids da l’America (Nome)",
        "America\/Noronha": "Brasilia (Fernando de Noronha)",
        "America\/North_Dakota\/Beulah": "Stadis Unids da l’America (Beulah, North Dakota)",
        "America\/North_Dakota\/Center": "Stadis Unids da l’America (North Dakota (Central))",
        "America\/North_Dakota\/New_Salem": "Stadis Unids da l’America (North Dakota (New Salem))",
        "America\/Ojinaga": "Mexico (Ojinaga)",
        "America\/Panama": "Panama (Panama)",
        "America\/Pangnirtung": "Canada (Pangnirtung)",
        "America\/Paramaribo": "Surinam (Paramaribo)",
        "America\/Phoenix": "Stadis Unids da l’America (Phoenix)",
        "America\/Port-au-Prince": "Haiti (Port-au-Prince)",
        "America\/Port_of_Spain": "Trinidad e Tobago (Port-of-Spain)",
        "America\/Porto_Velho": "Brasilia (Porto Velho)",
        "America\/Puerto_Rico": "Puerto Rico (Puerto Rico)",
        "America\/Punta_Arenas": "Chile (Punta Arenas)",
        "America\/Rainy_River": "Canada (Rainy River)",
        "America\/Rankin_Inlet": "Canada (Rankin Inlet)",
        "America\/Recife": "Brasilia (Recife)",
        "America\/Regina": "Canada (Regina)",
        "America\/Resolute": "Canada (Resolute)",
        "America\/Rio_Branco": "Brasilia (Rio Branco)",
        "America\/Santa_Isabel": "Mexico (Santa Isabel)",
        "America\/Santarem": "Brasilia (Santarem)",
        "America\/Santiago": "Chile (Santiago)",
        "America\/Santo_Domingo": "Republica Dominicana (Santo Domingo)",
        "America\/Sao_Paulo": "Brasilia (São Paulo)",
        "America\/Scoresbysund": "Grönlanda (Ittoqqortoormiit)",
        "America\/Sitka": "Stadis Unids da l’America (Sitka)",
        "America\/St_Barthelemy": "Son Barthélemy (St. Barthelemy)",
        "America\/St_Johns": "Canada (Saint John’s)",
        "America\/St_Kitts": "Saint Kitts e Nevis (Saint Kitts)",
        "America\/St_Lucia": "Saint Lucia (Santa Lucia)",
        "America\/St_Thomas": "Inslas Virginas Americanas (Saint Thomas)",
        "America\/St_Vincent": "Saint Vincent e las Grenadinas (Saint Vincent)",
        "America\/Swift_Current": "Canada (Swift Current)",
        "America\/Tegucigalpa": "Honduras (Tegucigalpa)",
        "America\/Thule": "Grönlanda (Thule)",
        "America\/Thunder_Bay": "Canada (Thunder Bay)",
        "America\/Tijuana": "Mexico (Tijuana)",
        "America\/Toronto": "Canada (Toronto)",
        "America\/Tortola": "Inslas Virginas Britannicas (Road Town)",
        "America\/Vancouver": "Canada (Vancouver)",
        "America\/Whitehorse": "Canada (Whitehorse)",
        "America\/Winnipeg": "Canada (Winnipeg)",
        "America\/Yakutat": "Stadis Unids da l’America (Yakutat)",
        "America\/Yellowknife": "Canada (Yellowknife)",
        "Antarctica\/Casey": "Antarctica (Casey)",
        "Antarctica\/Davis": "Antarctica (Davis)",
        "Antarctica\/DumontDUrville": "Antarctica (Dumont d’Urville)",
        "Antarctica\/Macquarie": "Australia (Macquarie)",
        "Antarctica\/Mawson": "Antarctica (Mawson)",
        "Antarctica\/McMurdo": "Antarctica (Mac Murdo)",
        "Antarctica\/Palmer": "Antarctica (Palmer)",
        "Antarctica\/Rothera": "Antarctica (Rothera)",
        "Antarctica\/Syowa": "Antarctica (Showa)",
        "Antarctica\/Troll": "Troll",
        "Antarctica\/Vostok": "Antarctica (Vostok)",
        "Arctic\/Longyearbyen": "Svalbard e Jan Mayen (Longyearbyen)",
        "Asia\/Aden": "Jemen (Aden)",
        "Asia\/Almaty": "Kasachstan (Almaty)",
        "Asia\/Amman": "Jordania (Amman)",
        "Asia\/Anadyr": "Russia (Anadyr)",
        "Asia\/Aqtau": "Kasachstan (Aqtau)",
        "Asia\/Aqtobe": "Kasachstan (Aqtöbe)",
        "Asia\/Ashgabat": "Turkmenistan (Aşgabat)",
        "Asia\/Atyrau": "Kasachstan (Atyrau)",
        "Asia\/Baghdad": "Irac (Bagdad)",
        "Asia\/Bahrain": "Bahrain (Bahrain)",
        "Asia\/Baku": "Aserbaidschan (Baku)",
        "Asia\/Bangkok": "Tailanda (Bangkok)",
        "Asia\/Barnaul": "Russia (Barnaul)",
        "Asia\/Beirut": "Libanon (Beirut)",
        "Asia\/Bishkek": "Kirghisistan (Bischkek)",
        "Asia\/Brunei": "Brunei (Bandar Seri Begawan)",
        "Asia\/Calcutta": "India (Kolkata)",
        "Asia\/Chita": "Russia (Chita)",
        "Asia\/Choibalsan": "Mongolia (Tschoibalsan)",
        "Asia\/Colombo": "Sri Lanka (Colombo)",
        "Asia\/Damascus": "Siria (Damascus)",
        "Asia\/Dhaka": "Bangladesch (Dhaka)",
        "Asia\/Dili": "Timor da l’Ost (Dili)",
        "Asia\/Dubai": "Emirats Arabs Unids (Dubai)",
        "Asia\/Dushanbe": "Tadschikistan (Duschanbe)",
        "Asia\/Famagusta": "Cipra (Famagusta)",
        "Asia\/Gaza": "Territori Palestinais (Gaza)",
        "Asia\/Hebron": "Territori Palestinais (Hebron)",
        "Asia\/Hong_Kong": "Regiun d’administraziun speziala da Hongkong, China (Hongkong)",
        "Asia\/Hovd": "Mongolia (Hovd)",
        "Asia\/Irkutsk": "Russia (Irkutsk)",
        "Asia\/Jakarta": "Indonesia (Jakarta)",
        "Asia\/Jayapura": "Indonesia (Jayapura)",
        "Asia\/Jerusalem": "Israel (Jerusalem)",
        "Asia\/Kabul": "Afghanistan (Kabul)",
        "Asia\/Kamchatka": "Russia (Kamtschatka)",
        "Asia\/Karachi": "Pakistan (Karatschi)",
        "Asia\/Katmandu": "Nepal (Kathmandu)",
        "Asia\/Khandyga": "Russia (Khandyga)",
        "Asia\/Krasnoyarsk": "Russia (Krasnojarsk)",
        "Asia\/Kuala_Lumpur": "Malaisia (Kuala Lumpur)",
        "Asia\/Kuching": "Malaisia (Kuching)",
        "Asia\/Kuwait": "Kuwait (Kuwait)",
        "Asia\/Macau": "Regiun d’administraziun speziala Macao, China (Macao)",
        "Asia\/Magadan": "Russia (Magadan)",
        "Asia\/Makassar": "Indonesia (Macassar)",
        "Asia\/Manila": "Filippinas (Manila)",
        "Asia\/Muscat": "Oman (Mascate)",
        "Asia\/Nicosia": "Cipra (Nicosia)",
        "Asia\/Novokuznetsk": "Russia (Novokuznetsk)",
        "Asia\/Novosibirsk": "Russia (Nowosibirsk)",
        "Asia\/Omsk": "Russia (Omsk)",
        "Asia\/Oral": "Kasachstan (Oral)",
        "Asia\/Phnom_Penh": "Cambodscha (Phnom Penh)",
        "Asia\/Pontianak": "Indonesia (Pontianak)",
        "Asia\/Pyongyang": "Corea dal Nord (Pyongyang)",
        "Asia\/Qatar": "Katar (Qatar)",
        "Asia\/Qostanay": "Kasachstan (Qostanay)",
        "Asia\/Qyzylorda": "Kasachstan (Qyzylorda)",
        "Asia\/Rangoon": "Myanmar (Yangon)",
        "Asia\/Riyadh": "Arabia Saudita (Riyad)",
        "Asia\/Saigon": "Vietnam (Ho Chi Minh)",
        "Asia\/Sakhalin": "Russia (Sachalin)",
        "Asia\/Samarkand": "Usbekistan (Samarcanda)",
        "Asia\/Seoul": "Corea dal Sid (Seul)",
        "Asia\/Shanghai": "China (Shanghai)",
        "Asia\/Singapore": "Singapur (Singapur)",
        "Asia\/Srednekolymsk": "Russia (Srednekolymsk)",
        "Asia\/Taipei": "Taiwan (Taipei)",
        "Asia\/Tashkent": "Usbekistan (Taschkent)",
        "Asia\/Tbilisi": "Georgia (Tbilisi)",
        "Asia\/Tehran": "Iran (Teheran)",
        "Asia\/Thimphu": "Bhutan (Thimphu)",
        "Asia\/Tokyo": "Giapun (Tokio)",
        "Asia\/Tomsk": "Russia (Tomsk)",
        "Asia\/Ulaanbaatar": "Mongolia (Ulaanbaatar)",
        "Asia\/Urumqi": "China (Ürümqi)",
        "Asia\/Ust-Nera": "Russia (Ust-Nera)",
        "Asia\/Vientiane": "Laos (Vientiane)",
        "Asia\/Vladivostok": "Russia (Vladivostok)",
        "Asia\/Yakutsk": "Russia (Jakutsk)",
        "Asia\/Yekaterinburg": "Russia (Jekaterinburg)",
        "Asia\/Yerevan": "Armenia (Jerevan)",
        "Atlantic\/Azores": "Portugal (Azoras)",
        "Atlantic\/Bermuda": "Bermudas (Bermudas)",
        "Atlantic\/Canary": "Spagna (Inslas Canarias)",
        "Atlantic\/Cape_Verde": "Cap Verd (Cap Verd)",
        "Atlantic\/Faeroe": "Inslas Feroe (Inslas Feroe)",
        "Atlantic\/Madeira": "Portugal (Madeira)",
        "Atlantic\/Reykjavik": "Islanda (Reykjavik)",
        "Atlantic\/South_Georgia": "Georgia dal Sid e las Inslas Sandwich dal Sid (Georgia dal Sid)",
        "Atlantic\/St_Helena": "Sontg’Elena (Sontg’elena)",
        "Atlantic\/Stanley": "Inslas dal Falkland (Port Stanley)",
        "Australia\/Adelaide": "Australia (Adelaide)",
        "Australia\/Brisbane": "Australia (Brisbane)",
        "Australia\/Broken_Hill": "Australia (Broken Hill)",
        "Australia\/Currie": "Australia (Currie)",
        "Australia\/Darwin": "Australia (Darwin)",
        "Australia\/Eucla": "Australia (Eucla)",
        "Australia\/Hobart": "Australia (Hobart)",
        "Australia\/Lindeman": "Australia (Lindeman)",
        "Australia\/Lord_Howe": "Australia (Lord Howe)",
        "Australia\/Melbourne": "Australia (Melbourne)",
        "Australia\/Perth": "Australia (Perth)",
        "Australia\/Sydney": "Australia (Sydney)",
        "Europe\/Amsterdam": "Pajais Bass (Amsterdam)",
        "Europe\/Andorra": "Andorra (Andorra)",
        "Europe\/Astrakhan": "Russia (Astrakhan)",
        "Europe\/Athens": "Grezia (Athen)",
        "Europe\/Belgrade": "Serbia (Belgrade)",
        "Europe\/Berlin": "Germania (Berlin)",
        "Europe\/Bratislava": "Slovachia (Bratislava)",
        "Europe\/Brussels": "Belgia (Bruxelles)",
        "Europe\/Bucharest": "Rumenia (Bucarest)",
        "Europe\/Budapest": "Ungaria (Budapest)",
        "Europe\/Busingen": "Germania (Busingen)",
        "Europe\/Chisinau": "Moldavia (Chisinau)",
        "Europe\/Copenhagen": "Danemarc (Copenhaghen)",
        "Europe\/Dublin": "Irlanda (Dublin)",
        "Europe\/Gibraltar": "Gibraltar (Gibraltar)",
        "Europe\/Guernsey": "Guernsey (Saint Peter Port)",
        "Europe\/Helsinki": "Finlanda (Helsinki)",
        "Europe\/Isle_of_Man": "Insla da Man (Douglas)",
        "Europe\/Istanbul": "Tirchia (Istanbul)",
        "Europe\/Jersey": "Jersey (Saint Helier)",
        "Europe\/Kaliningrad": "Russia (Kaliningrad)",
        "Europe\/Kiev": "Ucraina (Kiev)",
        "Europe\/Kirov": "Russia (Kirov)",
        "Europe\/Lisbon": "Portugal (Lissabon)",
        "Europe\/Ljubljana": "Slovenia (Ljubljana)",
        "Europe\/London": "Reginavel Unì (Londra)",
        "Europe\/Luxembourg": "Luxemburg (Luxemburg)",
        "Europe\/Madrid": "Spagna (Madrid)",
        "Europe\/Malta": "Malta (Malta)",
        "Europe\/Mariehamn": "Inslas Aland (Mariehamn)",
        "Europe\/Minsk": "Bielorussia (Minsk)",
        "Europe\/Monaco": "Monaco (Monaco)",
        "Europe\/Moscow": "Russia (Moscau)",
        "Europe\/Oslo": "Norvegia (Oslo)",
        "Europe\/Paris": "Frantscha (Paris)",
        "Europe\/Podgorica": "Montenegro (Podgorica)",
        "Europe\/Prague": "Republica Tscheca (Prague)",
        "Europe\/Riga": "Lettonia (Riga)",
        "Europe\/Rome": "Italia (Roma)",
        "Europe\/Samara": "Russia (Samara)",
        "Europe\/San_Marino": "San Marino (San Marino)",
        "Europe\/Sarajevo": "Bosnia ed Erzegovina (Sarajevo)",
        "Europe\/Saratov": "Russia (Saratov)",
        "Europe\/Simferopol": "Ucraina (Simferopol)",
        "Europe\/Skopje": "Macedonia (Skopje)",
        "Europe\/Sofia": "Bulgaria (Sofia)",
        "Europe\/Stockholm": "Svezia (Stockholm)",
        "Europe\/Tallinn": "Estonia (Tallinn)",
        "Europe\/Tirane": "Albania (Tirana)",
        "Europe\/Ulyanovsk": "Russia (Ulyanovsk)",
        "Europe\/Uzhgorod": "Ucraina (Uschgorod)",
        "Europe\/Vaduz": "Liechtenstein (Vaduz)",
        "Europe\/Vatican": "Citad dal Vatican (Citad dal Vatican)",
        "Europe\/Vienna": "Austria (Vienna)",
        "Europe\/Vilnius": "Lituania (Vilnius)",
        "Europe\/Volgograd": "Russia (Volgograd)",
        "Europe\/Warsaw": "Pologna (Varsovia)",
        "Europe\/Zagreb": "Croazia (Zagreb)",
        "Europe\/Zaporozhye": "Ucraina (Saporischja)",
        "Europe\/Zurich": "Svizra (Turitg)",
        "Indian\/Antananarivo": "Madagascar (Antananarivo)",
        "Indian\/Chagos": "Territori Britannic en l’Ocean Indic (Diego Garcia)",
        "Indian\/Christmas": "Insla da Christmas (Flying Fish Cove)",
        "Indian\/Cocos": "Inslas Cocos (West Island)",
        "Indian\/Comoro": "Comoras (Comoras)",
        "Indian\/Kerguelen": "Territoris Franzos Meridiunals (Port-aux-Français)",
        "Indian\/Mahe": "Seychellas (Mahe)",
        "Indian\/Maldives": "Maldivas (Maldivas)",
        "Indian\/Mauritius": "Mauritius (Mauritius)",
        "Indian\/Mayotte": "Mayotte (Mayotte)",
        "Indian\/Reunion": "Réunion (Réunion)",
        "Pacific\/Apia": "Samoa (Apia)",
        "Pacific\/Auckland": "Nova Zelanda (Auckland)",
        "Pacific\/Bougainville": "Papua Nova Guinea (Bougainville)",
        "Pacific\/Chatham": "Nova Zelanda (Chatham)",
        "Pacific\/Easter": "Chile (Insla da Pasca)",
        "Pacific\/Efate": "Vanuatu (Efate)",
        "Pacific\/Enderbury": "Kiribati (Enderbury)",
        "Pacific\/Fakaofo": "Tokelau (Fakaofo)",
        "Pacific\/Fiji": "Fidschi (Fidschi)",
        "Pacific\/Funafuti": "Tuvalu (Funafuti)",
        "Pacific\/Galapagos": "Ecuador (Galápagos)",
        "Pacific\/Gambier": "Polinesia Franzosa (Rikitea)",
        "Pacific\/Guadalcanal": "Salomonas (Honiara)",
        "Pacific\/Guam": "Guam (Hagåtña)",
        "Pacific\/Honolulu": "Stadis Unids da l’America (Honolulu)",
        "Pacific\/Johnston": "Inslas pitschnas perifericas dals Stadis Unids da l’America (Johnston)",
        "Pacific\/Kiritimati": "Kiribati (Kiritimati)",
        "Pacific\/Kosrae": "Micronesia (Tofol)",
        "Pacific\/Kwajalein": "Inslas da Marshall (Kwajalein)",
        "Pacific\/Majuro": "Inslas da Marshall (Majuro)",
        "Pacific\/Marquesas": "Polinesia Franzosa (Marquesas)",
        "Pacific\/Midway": "Inslas pitschnas perifericas dals Stadis Unids da l’America (Midway)",
        "Pacific\/Nauru": "Nauru (Yaren)",
        "Pacific\/Niue": "Niue (Alofi)",
        "Pacific\/Norfolk": "Insla Norfolk (Kingston)",
        "Pacific\/Noumea": "Nova Caledonia (Nouméa)",
        "Pacific\/Pago_Pago": "Samoa Americana (Pago Pago)",
        "Pacific\/Palau": "Palau (Melekok)",
        "Pacific\/Pitcairn": "Pitcairn (Pitcairn)",
        "Pacific\/Ponape": "Micronesia (Palikir)",
        "Pacific\/Port_Moresby": "Papua Nova Guinea (Port Moresby)",
        "Pacific\/Rarotonga": "Inslas Cook (Rarotonga)",
        "Pacific\/Saipan": "Inslas Mariannas dal Nord (Saipan)",
        "Pacific\/Tahiti": "Polinesia Franzosa (Tahiti)",
        "Pacific\/Tarawa": "Kiribati (South Tarawa)",
        "Pacific\/Tongatapu": "Tonga (Nukuʻalofa)",
        "Pacific\/Truk": "Micronesia (Weno)",
        "Pacific\/Wake": "Inslas pitschnas perifericas dals Stadis Unids da l’America (Wake)",
        "Pacific\/Wallis": "Wallis e Futuna (Matāʻutu)"
    },
    "Meta": []
}
