{
    "Version": "2.1.47.83",
    "Names": {
        "Africa\/Abidjan": "Greenwicha áigi (Abidjan)",
        "Africa\/Accra": "Greenwicha áigi (Accra)",
        "Africa\/Addis_Ababa": "Nuorta-Afrihká áigi (Addis Ababa)",
        "Africa\/Algiers": "Gaska-Eurohpá áigi (Algiers)",
        "Africa\/Asmera": "Nuorta-Afrihká áigi (Asmara)",
        "Africa\/Bamako": "Greenwicha áigi (Bamako)",
        "Africa\/Bangui": "Oarje-Afrihká áigi (Bangui)",
        "Africa\/Banjul": "Greenwicha áigi (Banjul)",
        "Africa\/Bissau": "Greenwicha áigi (Bissau)",
        "Africa\/Blantyre": "Gaska-Afrihká áigi (Blantyre)",
        "Africa\/Brazzaville": "Oarje-Afrihká áigi (Brazzaville)",
        "Africa\/Bujumbura": "Gaska-Afrihká áigi (Bujumbura)",
        "Africa\/Cairo": "Nuorta-Eurohpa áigi (Kairo)",
        "Africa\/Casablanca": "Oarje-Eurohpá áigi (Casablanca)",
        "Africa\/Ceuta": "Gaska-Eurohpá áigi (Ceuta)",
        "Africa\/Conakry": "Greenwicha áigi (Conakry)",
        "Africa\/Dakar": "Greenwicha áigi (Dakar)",
        "Africa\/Dar_es_Salaam": "Nuorta-Afrihká áigi (Dar es Salaam)",
        "Africa\/Djibouti": "Nuorta-Afrihká áigi (Djibouti)",
        "Africa\/Douala": "Oarje-Afrihká áigi (Douala)",
        "Africa\/El_Aaiun": "Oarje-Eurohpá áigi (El Aaiun)",
        "Africa\/Freetown": "Greenwicha áigi (Freetown)",
        "Africa\/Gaborone": "Gaska-Afrihká áigi (Gaborone)",
        "Africa\/Harare": "Gaska-Afrihká áigi (Harare)",
        "Africa\/Johannesburg": "Lulli-Afrihká dálveáigi (Johannesburg)",
        "Africa\/Juba": "Nuorta-Afrihká áigi (Juba)",
        "Africa\/Kampala": "Nuorta-Afrihká áigi (Kampala)",
        "Africa\/Khartoum": "Gaska-Afrihká áigi (Khartoum)",
        "Africa\/Kigali": "Gaska-Afrihká áigi (Kigali)",
        "Africa\/Kinshasa": "Oarje-Afrihká áigi (Kinshasa)",
        "Africa\/Lagos": "Oarje-Afrihká áigi (Lagos)",
        "Africa\/Libreville": "Oarje-Afrihká áigi (Libreville)",
        "Africa\/Lome": "Greenwicha áigi (Lome)",
        "Africa\/Luanda": "Oarje-Afrihká áigi (Luanda)",
        "Africa\/Lubumbashi": "Gaska-Afrihká áigi (Lubumbashi)",
        "Africa\/Lusaka": "Gaska-Afrihká áigi (Lusaka)",
        "Africa\/Malabo": "Oarje-Afrihká áigi (Malabo)",
        "Africa\/Maputo": "Gaska-Afrihká áigi (Maputo)",
        "Africa\/Maseru": "Lulli-Afrihká dálveáigi (Maseru)",
        "Africa\/Mbabane": "Lulli-Afrihká dálveáigi (Mbabane)",
        "Africa\/Mogadishu": "Nuorta-Afrihká áigi (Mogadishu)",
        "Africa\/Monrovia": "Greenwicha áigi (Monrovia)",
        "Africa\/Nairobi": "Nuorta-Afrihká áigi (Nairobi)",
        "Africa\/Ndjamena": "Oarje-Afrihká áigi (Ndjamena)",
        "Africa\/Niamey": "Oarje-Afrihká áigi (Niamey)",
        "Africa\/Nouakchott": "Greenwicha áigi (Nouakchott)",
        "Africa\/Ouagadougou": "Greenwicha áigi (Ouagadougou)",
        "Africa\/Porto-Novo": "Oarje-Afrihká áigi (Porto-Novo)",
        "Africa\/Sao_Tome": "Greenwicha áigi (Sao Tome)",
        "Africa\/Tripoli": "Nuorta-Eurohpa áigi (Tripoli)",
        "Africa\/Tunis": "Gaska-Eurohpá áigi (Tunis)",
        "Africa\/Windhoek": "Gaska-Afrihká áigi (Windhoek)",
        "America\/Adak": "Hawaii-aleuhtalaš áigi (Adak)",
        "America\/Anchorage": "Alaska áigi (Anchorage)",
        "America\/Anguilla": "atlántalaš áigi (Anguilla)",
        "America\/Antigua": "atlántalaš áigi (Antigua)",
        "America\/Araguaina": "Brasilia áigi (Araguaina)",
        "America\/Argentina\/La_Rioja": "Argentina áigi (La Rioja)",
        "America\/Argentina\/Rio_Gallegos": "Argentina áigi (Rio Gallegos)",
        "America\/Argentina\/Salta": "Argentina áigi (Salta)",
        "America\/Argentina\/San_Juan": "Argentina áigi (San Juan)",
        "America\/Argentina\/San_Luis": "Oarje-Argentina áigi (San Luis)",
        "America\/Argentina\/Tucuman": "Argentina áigi (Tucuman)",
        "America\/Argentina\/Ushuaia": "Argentina áigi (Ushuaia)",
        "America\/Aruba": "atlántalaš áigi (Aruba)",
        "America\/Asuncion": "Paraguaya áigi (Asuncion)",
        "America\/Bahia": "Brasilia áigi (Bahia)",
        "America\/Bahia_Banderas": "dábálašáigi (Bahia Banderas)",
        "America\/Barbados": "atlántalaš áigi (Barbados)",
        "America\/Belem": "Brasilia áigi (Belem)",
        "America\/Belize": "dábálašáigi (Belize)",
        "America\/Blanc-Sablon": "atlántalaš áigi (Blanc-Sablon)",
        "America\/Boa_Vista": "Amazona áigi (Boa Vista)",
        "America\/Bogota": "Colombia áigi (Bogota)",
        "America\/Boise": "duottaráigi (Boise)",
        "America\/Buenos_Aires": "Argentina áigi (Buenos Aires)",
        "America\/Cambridge_Bay": "duottaráigi (Cambridge Bay)",
        "America\/Campo_Grande": "Amazona áigi (Campo Grande)",
        "America\/Cancun": "áigi nuortan (Cancun)",
        "America\/Caracas": "Venezuela áigi (Caracas)",
        "America\/Catamarca": "Argentina áigi (Catamarca)",
        "America\/Cayenne": "Frankriikka Guyana áigi (Cayenne)",
        "America\/Cayman": "áigi nuortan (Cayman)",
        "America\/Chicago": "dábálašáigi (Chicago)",
        "America\/Chihuahua": "Meksiko Jáskesábi áigi (Chihuahua)",
        "America\/Coral_Harbour": "áigi nuortan (Atikokan)",
        "America\/Cordoba": "Argentina áigi (Cordoba)",
        "America\/Costa_Rica": "dábálašáigi (Costa Rica)",
        "America\/Creston": "duottaráigi (Creston)",
        "America\/Cuiaba": "Amazona áigi (Cuiaba)",
        "America\/Curacao": "atlántalaš áigi (Curacao)",
        "America\/Danmarkshavn": "Greenwicha áigi (Dánmárkkuhámman)",
        "America\/Dawson": "Jaskesábi áigi (Dawson)",
        "America\/Dawson_Creek": "duottaráigi (Dawson Creek)",
        "America\/Denver": "duottaráigi (Denver)",
        "America\/Detroit": "áigi nuortan (Detroit)",
        "America\/Dominica": "atlántalaš áigi (Dominica)",
        "America\/Edmonton": "duottaráigi (Edmonton)",
        "America\/El_Salvador": "dábálašáigi (El Salvador)",
        "America\/Fort_Nelson": "duottaráigi (Fort Nelson)",
        "America\/Fortaleza": "Brasilia áigi (Fortaleza)",
        "America\/Glace_Bay": "atlántalaš áigi (Glace Bay)",
        "America\/Godthab": "Oarje-Ruonáeatnama áigi (Nuuk)",
        "America\/Goose_Bay": "atlántalaš áigi (Goose Bay)",
        "America\/Grand_Turk": "áigi nuortan (Grand Turk)",
        "America\/Grenada": "atlántalaš áigi (Grenada)",
        "America\/Guadeloupe": "atlántalaš áigi (Guadeloupe)",
        "America\/Guatemala": "dábálašáigi (Guatemala)",
        "America\/Guayaquil": "Ecuadora áigi (Guayaquil)",
        "America\/Guyana": "Guyana áigi (Guyana)",
        "America\/Halifax": "atlántalaš áigi (Halifax)",
        "America\/Havana": "Cuba áigi (Havana)",
        "America\/Hermosillo": "Meksiko Jáskesábi áigi (Hermosillo)",
        "America\/Indiana\/Knox": "dábálašáigi (Knox, Indiana)",
        "America\/Indiana\/Marengo": "áigi nuortan (Marengo, Indiana)",
        "America\/Indiana\/Petersburg": "áigi nuortan (Petersburg, Indiana)",
        "America\/Indiana\/Tell_City": "dábálašáigi (Tell City, Indiana)",
        "America\/Indiana\/Vevay": "áigi nuortan (Vevay, Indiana)",
        "America\/Indiana\/Vincennes": "áigi nuortan (Vincennes, Indiana)",
        "America\/Indiana\/Winamac": "áigi nuortan (Winamac, Indiana)",
        "America\/Indianapolis": "áigi nuortan (Indianapolis)",
        "America\/Inuvik": "duottaráigi (Inuvik)",
        "America\/Iqaluit": "áigi nuortan (Iqaluit)",
        "America\/Jamaica": "áigi nuortan (Jamaica)",
        "America\/Jujuy": "Argentina áigi (Jujuy)",
        "America\/Juneau": "Alaska áigi (Juneau)",
        "America\/Kentucky\/Monticello": "áigi nuortan (Monticello, Kentucky)",
        "America\/Kralendijk": "atlántalaš áigi (Kralendijk)",
        "America\/La_Paz": "Bolivia áigi (La Paz)",
        "America\/Lima": "Peru áigi (Lima)",
        "America\/Los_Angeles": "Jaskesábi áigi (Los Angeles)",
        "America\/Louisville": "áigi nuortan (Louisville)",
        "America\/Lower_Princes": "atlántalaš áigi (Lower Prince’s Quarter)",
        "America\/Maceio": "Brasilia áigi (Maceio)",
        "America\/Managua": "dábálašáigi (Managua)",
        "America\/Manaus": "Amazona áigi (Manaus)",
        "America\/Marigot": "atlántalaš áigi (Marigot)",
        "America\/Martinique": "atlántalaš áigi (Martinique)",
        "America\/Matamoros": "dábálašáigi (Matamoros)",
        "America\/Mazatlan": "Meksiko Jáskesábi áigi (Mazatlan)",
        "America\/Mendoza": "Argentina áigi (Mendoza)",
        "America\/Menominee": "dábálašáigi (Menominee)",
        "America\/Merida": "dábálašáigi (Merida)",
        "America\/Metlakatla": "Alaska áigi (Metlakatla)",
        "America\/Mexico_City": "dábálašáigi (Mexico City)",
        "America\/Miquelon": "St. Pierre & Miquelo áigi (Miquelon)",
        "America\/Moncton": "atlántalaš áigi (Moncton)",
        "America\/Monterrey": "dábálašáigi (Monterrey)",
        "America\/Montevideo": "Uruguaya áigi (Montevideo)",
        "America\/Montserrat": "atlántalaš áigi (Montserrat)",
        "America\/Nassau": "áigi nuortan (Nassau)",
        "America\/New_York": "áigi nuortan (New York)",
        "America\/Nipigon": "áigi nuortan (Nipigon)",
        "America\/Nome": "Alaska áigi (Nome)",
        "America\/Noronha": "Fernando de Noronha áigi (Noronha)",
        "America\/North_Dakota\/Beulah": "dábálašáigi (Beulah, Davvi-Dakota)",
        "America\/North_Dakota\/Center": "dábálašáigi (Guovddáš, Davvi-Dakota)",
        "America\/North_Dakota\/New_Salem": "dábálašáigi (New Salem, Davvi-Dakota)",
        "America\/Ojinaga": "duottaráigi (Ojinaga)",
        "America\/Panama": "áigi nuortan (Panama)",
        "America\/Pangnirtung": "áigi nuortan (Pangnirtung)",
        "America\/Paramaribo": "Suriname áigi (Paramaribo)",
        "America\/Phoenix": "duottaráigi (Phoenix)",
        "America\/Port-au-Prince": "áigi nuortan (Port-au-Prince)",
        "America\/Port_of_Spain": "atlántalaš áigi (Port of Spain)",
        "America\/Porto_Velho": "Amazona áigi (Porto Velho)",
        "America\/Puerto_Rico": "atlántalaš áigi (Puerto Rico)",
        "America\/Punta_Arenas": "Chile áigi (Punta Arenas)",
        "America\/Rainy_River": "dábálašáigi (Rainy River)",
        "America\/Rankin_Inlet": "dábálašáigi (Rankin Inlet)",
        "America\/Recife": "Brasilia áigi (Recife)",
        "America\/Regina": "dábálašáigi (Regina)",
        "America\/Resolute": "dábálašáigi (Resolute)",
        "America\/Santa_Isabel": "Oarjedavvi-Meksiko áigi (Santa Isabel)",
        "America\/Santarem": "Brasilia áigi (Santarem)",
        "America\/Santiago": "Chile áigi (Santiago)",
        "America\/Santo_Domingo": "atlántalaš áigi (Santo Domingo)",
        "America\/Sao_Paulo": "Brasilia áigi (Sao Paulo)",
        "America\/Scoresbysund": "Nuorta-Ruonáeatnama áigi (Ittoqqortoormiit)",
        "America\/Sitka": "Alaska áigi (Sitka)",
        "America\/St_Barthelemy": "atlántalaš áigi (St. Barthelemy)",
        "America\/St_Johns": "Newfoundlanda áigi (St. John’s)",
        "America\/St_Kitts": "atlántalaš áigi (St. Kitts)",
        "America\/St_Lucia": "atlántalaš áigi (St. Lucia)",
        "America\/St_Thomas": "atlántalaš áigi (St. Thomas)",
        "America\/St_Vincent": "atlántalaš áigi (St. Vincent)",
        "America\/Swift_Current": "dábálašáigi (Swift Current)",
        "America\/Tegucigalpa": "dábálašáigi (Tegucigalpa)",
        "America\/Thule": "atlántalaš áigi (Thule)",
        "America\/Thunder_Bay": "áigi nuortan (Thunder Bay)",
        "America\/Tijuana": "Jaskesábi áigi (Tijuana)",
        "America\/Toronto": "áigi nuortan (Toronto)",
        "America\/Tortola": "atlántalaš áigi (Tortola)",
        "America\/Vancouver": "Jaskesábi áigi (Vancouver)",
        "America\/Whitehorse": "Jaskesábi áigi (Whitehorse)",
        "America\/Winnipeg": "dábálašáigi (Winnipeg)",
        "America\/Yakutat": "Alaska áigi (Yakutat)",
        "America\/Yellowknife": "duottaráigi (Yellowknife)",
        "Antarctica\/Casey": "Oarje-Austrália áigi (Casey)",
        "Antarctica\/Davis": "Davisa áigi (Davis)",
        "Antarctica\/DumontDUrville": "Dumont-d’Urville áigi (Dumont d’Urville)",
        "Antarctica\/Macquarie": "MacQuarie sullo áigi (Macquarie)",
        "Antarctica\/Mawson": "Mawsona áigi (Mawson)",
        "Antarctica\/McMurdo": "Ođđa-Selánda áigi (McMurdo)",
        "Antarctica\/Palmer": "Chile áigi (Palmer)",
        "Antarctica\/Rothera": "Rothera áigi (Rothera)",
        "Antarctica\/Syowa": "Syowa áigi (Syowa)",
        "Antarctica\/Troll": "Greenwicha áigi (Troll)",
        "Antarctica\/Vostok": "Vostoka áigi (Vostok)",
        "Arctic\/Longyearbyen": "Gaska-Eurohpá áigi (Longyearbyen)",
        "Asia\/Aden": "Arábia áigi (Aden)",
        "Asia\/Almaty": "Nuorta-Kasakstana áigi (Almaty)",
        "Asia\/Amman": "Nuorta-Eurohpa áigi (Amman)",
        "Asia\/Aqtau": "Oarje-Kasakstana áigi (Aqtau)",
        "Asia\/Aqtobe": "Oarje-Kasakstana áigi (Aqtobe)",
        "Asia\/Ashgabat": "Turkmenistana áigi (Ashgabat)",
        "Asia\/Atyrau": "Oarje-Kasakstana áigi (Atyrau)",
        "Asia\/Baghdad": "Arábia áigi (Baghdad)",
        "Asia\/Bahrain": "Arábia áigi (Bahrain)",
        "Asia\/Baku": "Aserbaižana áigi (Baku)",
        "Asia\/Bangkok": "Indokiinná áigi (Bangkok)",
        "Asia\/Beirut": "Nuorta-Eurohpa áigi (Beirut)",
        "Asia\/Bishkek": "Kirgisia áigi (Bishkek)",
        "Asia\/Brunei": "Brunei Darussalama áigi (Brunei)",
        "Asia\/Calcutta": "India dálveáigi (Kolkata)",
        "Asia\/Chita": "Jakucka áigi (Chita)",
        "Asia\/Choibalsan": "Choibolsana áigi (Choibalsan)",
        "Asia\/Colombo": "India dálveáigi (Colombo)",
        "Asia\/Damascus": "Nuorta-Eurohpa áigi (Damaskos)",
        "Asia\/Dhaka": "Bangladesha áigi (Dhaka)",
        "Asia\/Dili": "Nuorta-Timora áigi (Dili)",
        "Asia\/Dubai": "Golfa dálveáigi (Dubai)",
        "Asia\/Dushanbe": "Tažikistana áigi (Dushanbe)",
        "Asia\/Famagusta": "Nuorta-Eurohpa áigi (Famagusta)",
        "Asia\/Gaza": "Nuorta-Eurohpa áigi (Gaza)",
        "Asia\/Hebron": "Nuorta-Eurohpa áigi (Hebron)",
        "Asia\/Hong_Kong": "Hong Konga áigi (Hong Kong)",
        "Asia\/Hovd": "Hovda áigi (Hovd)",
        "Asia\/Irkutsk": "Irkucka áigi (Irkuck)",
        "Asia\/Jakarta": "Oarje-Indonesia áigi (Jakarta)",
        "Asia\/Jayapura": "Nuorta-Indonesia áigi (Jayapura)",
        "Asia\/Jerusalem": "Israela áigi (Jerusalem)",
        "Asia\/Kabul": "Afganisthana áigi (Kabul)",
        "Asia\/Karachi": "Pakistana áigi (Karachi)",
        "Asia\/Katmandu": "Nepala áigi (Kathmandu)",
        "Asia\/Khandyga": "Jakucka áigi (Khandyga)",
        "Asia\/Krasnoyarsk": "Krasnojarska áigi (Krasnojarsk)",
        "Asia\/Kuala_Lumpur": "Malesia áigi (Kuala Lumpur)",
        "Asia\/Kuching": "Malesia áigi (Kuching)",
        "Asia\/Kuwait": "Arábia áigi (Kuwait)",
        "Asia\/Macau": "Kiinná áigi (Macao)",
        "Asia\/Magadan": "Magadana áigi (Magadan)",
        "Asia\/Makassar": "Gaska-Indonesia áigi (Makassar)",
        "Asia\/Manila": "Filippiinnaid áigi (Manila)",
        "Asia\/Muscat": "Golfa dálveáigi (Muscat)",
        "Asia\/Nicosia": "Nuorta-Eurohpa áigi (Nicosia)",
        "Asia\/Novokuznetsk": "Krasnojarska áigi (Novokusneck)",
        "Asia\/Novosibirsk": "Novosibirska áigi (Novosibirsk)",
        "Asia\/Omsk": "Omska áigi (Omsk)",
        "Asia\/Oral": "Oarje-Kasakstana áigi (Oral)",
        "Asia\/Phnom_Penh": "Indokiinná áigi (Phnom Penh)",
        "Asia\/Pontianak": "Oarje-Indonesia áigi (Pontianak)",
        "Asia\/Pyongyang": "Korea áigi (Pyongyang)",
        "Asia\/Qatar": "Arábia áigi (Qatar)",
        "Asia\/Qostanay": "Nuorta-Kasakstana áigi (Qostanay)",
        "Asia\/Qyzylorda": "Oarje-Kasakstana áigi (Qyzylorda)",
        "Asia\/Rangoon": "Myanmara áigi (Rangoon)",
        "Asia\/Riyadh": "Arábia áigi (Riyadh)",
        "Asia\/Saigon": "Indokiinná áigi (Ho Chi Minh)",
        "Asia\/Sakhalin": "Sahalina áigi (Sahalin)",
        "Asia\/Samarkand": "Usbekistana áigi (Samarkand)",
        "Asia\/Seoul": "Korea áigi (Seoul)",
        "Asia\/Shanghai": "Kiinná áigi (Shanghai)",
        "Asia\/Singapore": "Singapore dálveáigi (Singapore)",
        "Asia\/Srednekolymsk": "Magadana áigi (Srednekolymsk)",
        "Asia\/Taipei": "Taipeia áigi (Taipei)",
        "Asia\/Tashkent": "Usbekistana áigi (Tashkent)",
        "Asia\/Tbilisi": "Georgia áigi (Tbilisi)",
        "Asia\/Tehran": "Irana áigi (Teheran)",
        "Asia\/Thimphu": "Bhutana áigi (Thimphu)",
        "Asia\/Tokyo": "Japána áigi (Tokyo)",
        "Asia\/Ulaanbaatar": "Ulan-Batora áigi (Ulan-Bator)",
        "Asia\/Ust-Nera": "Vladivostoka áigi (Ust-Nera)",
        "Asia\/Vientiane": "Indokiinná áigi (Vientiane)",
        "Asia\/Vladivostok": "Vladivostoka áigi (Vladivostok)",
        "Asia\/Yakutsk": "Jakucka áigi (Jakuck)",
        "Asia\/Yekaterinburg": "Jekaterinburga áigi (Jekaterinburg)",
        "Asia\/Yerevan": "Armenia áigi (Jerevan)",
        "Atlantic\/Azores": "Azoraid áigi (Azorat)",
        "Atlantic\/Bermuda": "atlántalaš áigi (Bermuda)",
        "Atlantic\/Canary": "Oarje-Eurohpá áigi (Kanária)",
        "Atlantic\/Cape_Verde": "Kap Verde áigi (Kap Verde)",
        "Atlantic\/Faeroe": "Oarje-Eurohpá áigi (Faroe)",
        "Atlantic\/Madeira": "Oarje-Eurohpá áigi (Madeira)",
        "Atlantic\/Reykjavik": "Greenwicha áigi (Reykjavik)",
        "Atlantic\/South_Georgia": "Lulli-Georgia áigi (Lulli-Georgia)",
        "Atlantic\/St_Helena": "Greenwicha áigi (St. Helena)",
        "Atlantic\/Stanley": "Falklandsulluid áigi (Stanley)",
        "Australia\/Adelaide": "Gaska-Austrália áigi (Adelaide)",
        "Australia\/Brisbane": "Nuorta-Austrália áigi (Brisbane)",
        "Australia\/Broken_Hill": "Gaska-Austrália áigi (Broken Hill)",
        "Australia\/Currie": "Nuorta-Austrália áigi (Currie)",
        "Australia\/Darwin": "Gaska-Austrália áigi (Darwin)",
        "Australia\/Eucla": "Gaska-Austrália oarjjabeali áigi (Eucla)",
        "Australia\/Hobart": "Nuorta-Austrália áigi (Hobart)",
        "Australia\/Lindeman": "Nuorta-Austrália áigi (Lindeman)",
        "Australia\/Lord_Howe": "Lord Howe áigi (Lord Howe)",
        "Australia\/Melbourne": "Nuorta-Austrália áigi (Melbourne)",
        "Australia\/Perth": "Oarje-Austrália áigi (Perth)",
        "Australia\/Sydney": "Nuorta-Austrália áigi (Sydney)",
        "CST6CDT": "dábálašáigi",
        "EST5EDT": "áigi nuortan",
        "Etc\/GMT": "Greenwicha áigi",
        "Etc\/UTC": "koordinerejuvvon oktasaš áigi",
        "Europe\/Amsterdam": "Gaska-Eurohpá áigi (Amsterdam)",
        "Europe\/Andorra": "Gaska-Eurohpá áigi (Andorra)",
        "Europe\/Astrakhan": "Moskva áigi (Astrakhan)",
        "Europe\/Athens": "Nuorta-Eurohpa áigi (Athena)",
        "Europe\/Belgrade": "Gaska-Eurohpá áigi (Belgrad)",
        "Europe\/Berlin": "Gaska-Eurohpá áigi (Berlin)",
        "Europe\/Bratislava": "Gaska-Eurohpá áigi (Bratislava)",
        "Europe\/Brussels": "Gaska-Eurohpá áigi (Brüssel)",
        "Europe\/Bucharest": "Nuorta-Eurohpa áigi (Bukarest)",
        "Europe\/Budapest": "Gaska-Eurohpá áigi (Budapest)",
        "Europe\/Busingen": "Gaska-Eurohpá áigi (Busingen)",
        "Europe\/Chisinau": "Nuorta-Eurohpa áigi (Chisinau)",
        "Europe\/Copenhagen": "Gaska-Eurohpá áigi (København)",
        "Europe\/Dublin": "Greenwicha áigi (Dublin)",
        "Europe\/Gibraltar": "Gaska-Eurohpá áigi (Gibraltar)",
        "Europe\/Guernsey": "Greenwicha áigi (Guernsey)",
        "Europe\/Helsinki": "Nuorta-Eurohpa áigi (Helsset)",
        "Europe\/Isle_of_Man": "Greenwicha áigi (Mansuolu)",
        "Europe\/Jersey": "Greenwicha áigi (Jersey)",
        "Europe\/Kaliningrad": "Nuorta-Eurohpa áigi (Kaliningrad)",
        "Europe\/Kiev": "Nuorta-Eurohpa áigi (Kiev)",
        "Europe\/Lisbon": "Oarje-Eurohpá áigi (Lisboa)",
        "Europe\/Ljubljana": "Gaska-Eurohpá áigi (Ljubljana)",
        "Europe\/London": "Greenwicha áigi (London)",
        "Europe\/Luxembourg": "Gaska-Eurohpá áigi (Luxenburg)",
        "Europe\/Madrid": "Gaska-Eurohpá áigi (Madrid)",
        "Europe\/Malta": "Gaska-Eurohpá áigi (Malta)",
        "Europe\/Mariehamn": "Nuorta-Eurohpa áigi (Mariehamn)",
        "Europe\/Minsk": "Moskva áigi (Minsk)",
        "Europe\/Monaco": "Gaska-Eurohpá áigi (Monaco)",
        "Europe\/Moscow": "Moskva áigi (Moskva)",
        "Europe\/Oslo": "Gaska-Eurohpá áigi (Oslo)",
        "Europe\/Paris": "Gaska-Eurohpá áigi (Paris)",
        "Europe\/Podgorica": "Gaska-Eurohpá áigi (Podgorica)",
        "Europe\/Prague": "Gaska-Eurohpá áigi (Praha)",
        "Europe\/Riga": "Nuorta-Eurohpa áigi (Riga)",
        "Europe\/Rome": "Gaska-Eurohpá áigi (Roma)",
        "Europe\/San_Marino": "Gaska-Eurohpá áigi (San Marino)",
        "Europe\/Sarajevo": "Gaska-Eurohpá áigi (Sarajevo)",
        "Europe\/Saratov": "Moskva áigi (Saratov)",
        "Europe\/Simferopol": "Moskva áigi (Simferopol)",
        "Europe\/Skopje": "Gaska-Eurohpá áigi (Skopje)",
        "Europe\/Sofia": "Nuorta-Eurohpa áigi (Sofia)",
        "Europe\/Stockholm": "Gaska-Eurohpá áigi (Stockholm)",
        "Europe\/Tallinn": "Nuorta-Eurohpa áigi (Tallinn)",
        "Europe\/Tirane": "Gaska-Eurohpá áigi (Tirana)",
        "Europe\/Ulyanovsk": "Moskva áigi (Uljanovsk)",
        "Europe\/Uzhgorod": "Nuorta-Eurohpa áigi (Uzhgorod)",
        "Europe\/Vaduz": "Gaska-Eurohpá áigi (Vaduz)",
        "Europe\/Vatican": "Gaska-Eurohpá áigi (Vatican)",
        "Europe\/Vienna": "Gaska-Eurohpá áigi (Wien)",
        "Europe\/Vilnius": "Nuorta-Eurohpa áigi (Vilnius)",
        "Europe\/Volgograd": "Volgograda áigi (Volgograd)",
        "Europe\/Warsaw": "Gaska-Eurohpá áigi (Warsawa)",
        "Europe\/Zagreb": "Gaska-Eurohpá áigi (Zagreb)",
        "Europe\/Zaporozhye": "Nuorta-Eurohpa áigi (Zaporozhye)",
        "Europe\/Zurich": "Gaska-Eurohpá áigi (Zürich)",
        "Indian\/Antananarivo": "Nuorta-Afrihká áigi (Antananarivo)",
        "Indian\/Chagos": "Indiaábi áigi (Chagos)",
        "Indian\/Christmas": "Juovlasullo áigi (Juovlasuolu)",
        "Indian\/Cocos": "Kokossulloid áigi (Kokos)",
        "Indian\/Comoro": "Nuorta-Afrihká áigi (Comoro)",
        "Indian\/Kerguelen": "Frankriikka lulli & antárktisa áigi (Kerguelen)",
        "Indian\/Mahe": "Seychellaid áigi (Mahe)",
        "Indian\/Maldives": "Malediivvaid áigi (Malediivvat)",
        "Indian\/Mauritius": "Mauritiusa áigi (Mauritius)",
        "Indian\/Mayotte": "Nuorta-Afrihká áigi (Mayotte)",
        "Indian\/Reunion": "Reuniona áigi (Reunion)",
        "MST7MDT": "duottaráigi",
        "PST8PDT": "Jaskesábi áigi",
        "Pacific\/Apia": "Apia áigi (Apia)",
        "Pacific\/Auckland": "Ođđa-Selánda áigi (Auckland)",
        "Pacific\/Bougainville": "Papua Ođđa-Guinea áigi (Bougainville)",
        "Pacific\/Chatham": "Chathama áigi (Chatham)",
        "Pacific\/Easter": "Beassášsullo áigi (Easter)",
        "Pacific\/Efate": "Vanuatu áigi (Efate)",
        "Pacific\/Enderbury": "Phoenixsulloid áigi (Enderbury)",
        "Pacific\/Fakaofo": "Tokelaua áigi (Fakaofo)",
        "Pacific\/Fiji": "Fiji áigi (Fiji)",
        "Pacific\/Funafuti": "Tuvalu áigi (Funafuti)",
        "Pacific\/Galapagos": "Galapagosa áigi (Galapagos)",
        "Pacific\/Gambier": "Gambiera áigi (Gambier)",
        "Pacific\/Guadalcanal": "Salomonsulloid áigi (Guadalcanal)",
        "Pacific\/Guam": "Čamorro dálveáigi (Guam)",
        "Pacific\/Honolulu": "Hawaii-aleuhtalaš áigi (Honolulu)",
        "Pacific\/Johnston": "Hawaii-aleuhtalaš áigi (Johnston)",
        "Pacific\/Kiritimati": "Linesulloid áigi (Kiritimati)",
        "Pacific\/Kosrae": "Kosraea áigi (Kosrae)",
        "Pacific\/Kwajalein": "Marshallsulloid áigi (Kwajalein)",
        "Pacific\/Majuro": "Marshallsulloid áigi (Majuro)",
        "Pacific\/Marquesas": "Marquesasiid áigi (Marquesasat)",
        "Pacific\/Midway": "Samoa áigi (Midway)",
        "Pacific\/Nauru": "Nauru áigi (Nauru)",
        "Pacific\/Niue": "Niuea áigi (Niue)",
        "Pacific\/Norfolk": "Norfolksullo áigi (Norfolk)",
        "Pacific\/Noumea": "Ođđa-Kaledonia áigi (Noumea)",
        "Pacific\/Pago_Pago": "Samoa áigi (Pago Pago)",
        "Pacific\/Palau": "Palaua áigi (Palau)",
        "Pacific\/Pitcairn": "Pitcairnsulloid áigi (Pitcairn)",
        "Pacific\/Ponape": "Ponape áigi (Pohnpei)",
        "Pacific\/Port_Moresby": "Papua Ođđa-Guinea áigi (Port Moresby)",
        "Pacific\/Rarotonga": "Cooksulloid áigi (Rarotonga)",
        "Pacific\/Saipan": "Čamorro dálveáigi (Saipan)",
        "Pacific\/Tahiti": "Tahiti áigi (Tahiti)",
        "Pacific\/Tarawa": "Gilbertsulloid áigi (Tarawa)",
        "Pacific\/Tongatapu": "Tonga áigi (Tongatapu)",
        "Pacific\/Truk": "Chuuka áigi (Chuuk)",
        "Pacific\/Wake": "Wakesullo áigi (Wake)",
        "Pacific\/Wallis": "Wallis- ja Futuna áigi (Wallis)"
    }
}
