{
    "Version": "2.1.8.9",
    "Names": {
        "Africa\/Abidjan": "අබිජාන්",
        "Africa\/Accra": "අක්රා",
        "Africa\/Addis_Ababa": "අඩිස් අබාබා",
        "Africa\/Algiers": "ඇල්ජියර්ස්",
        "Africa\/Asmera": "අස්මාරා",
        "Africa\/Bamako": "බමකො",
        "Africa\/Bangui": "බන්ගුයි",
        "Africa\/Banjul": "බන්ජුල්",
        "Africa\/Bissau": "බිසෝ",
        "Africa\/Blantyre": "බ්ලන්ටයර්",
        "Africa\/Brazzaville": "බ්‍රසාවිල්",
        "Africa\/Bujumbura": "බුජුම්බුරා",
        "Africa\/Cairo": "කයිරෝ",
        "Africa\/Casablanca": "කැසබ්ලන්කා",
        "Africa\/Ceuta": "සෙයුටා",
        "Africa\/Conakry": "කොනක්‍රි",
        "Africa\/Dakar": "ඩකර්",
        "Africa\/Dar_es_Salaam": "දාර් එස් සලාම්",
        "Africa\/Djibouti": "ජිබුටි",
        "Africa\/Douala": "දෞඅලා",
        "Africa\/El_Aaiun": "එල් ආයුන්",
        "Africa\/Freetown": "ෆ්‍රීටවුන්",
        "Africa\/Gaborone": "ගැබරෝන්",
        "Africa\/Harare": "හරාරේ",
        "Africa\/Johannesburg": "ජොහන්නස්බර්ග්",
        "Africa\/Juba": "ජුබා",
        "Africa\/Kampala": "කම්පාලා",
        "Africa\/Khartoum": "කාර්ටොම්",
        "Africa\/Kigali": "කිගාලි",
        "Africa\/Kinshasa": "කින්ශාසා",
        "Africa\/Lagos": "ලාගෝස්",
        "Africa\/Libreville": "ලිබ්රවිල්",
        "Africa\/Lome": "ලෝම්",
        "Africa\/Luanda": "ලුවන්ඩා",
        "Africa\/Lubumbashi": "ලුබුම්බාශි",
        "Africa\/Lusaka": "ලුසාකා",
        "Africa\/Malabo": "මලබෝ",
        "Africa\/Maputo": "මපුටෝ",
        "Africa\/Maseru": "මසේරු",
        "Africa\/Mbabane": "ම්බබානේ",
        "Africa\/Mogadishu": "මොගඩිෂු",
        "Africa\/Monrovia": "මොන්රොවියා",
        "Africa\/Nairobi": "නයිරෝබි",
        "Africa\/Ndjamena": "ද්ජමෙනා",
        "Africa\/Niamey": "නියාමේ",
        "Africa\/Nouakchott": "නුආක්චොට්",
        "Africa\/Ouagadougou": "ඔආගඩොගො",
        "Africa\/Porto-Novo": "පොර්තෝ-නොවෝ",
        "Africa\/Sao_Tome": "සාඕ තෝම්",
        "Africa\/Tripoli": "ට්‍රිපොලි",
        "Africa\/Tunis": "ටියුනිස්",
        "Africa\/Windhoek": "වින්ඩ්හොඑක්",
        "America\/Adak": "ඇඩක්",
        "America\/Anchorage": "ඇනකොරාජ්",
        "America\/Anguilla": "ඇන්ගුයිලාව",
        "America\/Antigua": "ඇන්ටිගුවා",
        "America\/Araguaina": "ඇරගුඅයිනා",
        "America\/Argentina\/La_Rioja": "ලා රිජෝලා",
        "America\/Argentina\/Rio_Gallegos": "රියෝ ගලෙගොස්",
        "America\/Argentina\/Salta": "සොල්ටා",
        "America\/Argentina\/San_Juan": "සැන් ජුවාන්",
        "America\/Argentina\/San_Luis": "සැන් ලුවිස්",
        "America\/Argentina\/Tucuman": "ටුකුමන්",
        "America\/Argentina\/Ushuaia": "උෂුඅයියා",
        "America\/Aruba": "අරූබා",
        "America\/Asuncion": "අසුන්සියොන්",
        "America\/Bahia": "බහියා",
        "America\/Bahia_Banderas": "බහියා බන්දෙරාස්",
        "America\/Barbados": "බාබඩෝස්",
        "America\/Belem": "බෙලෙම්",
        "America\/Belize": "බේලිස්",
        "America\/Blanc-Sablon": "බ්ලැන්ක්-සැබ්ලන්",
        "America\/Boa_Vista": "බොආ විස්ටා",
        "America\/Bogota": "බොගොටා",
        "America\/Boise": "බොයිසි",
        "America\/Buenos_Aires": "බුවනෝස් අයර්ස්",
        "America\/Cambridge_Bay": "කේම්බ්‍රිජ් බොක්ක",
        "America\/Campo_Grande": "කම්පෝ ග්‍රෑන්ඩ්",
        "America\/Cancun": "කැන්කුන්",
        "America\/Caracas": "කරකස්",
        "America\/Catamarca": "කටමර්කා",
        "America\/Cayenne": "කේයෙන්",
        "America\/Cayman": "කේමන්",
        "America\/Chicago": "චිකාගෝ",
        "America\/Chihuahua": "චිහුආහුආ",
        "America\/Coral_Harbour": "ඇටිකොකන්",
        "America\/Cordoba": "කොර්දොබා",
        "America\/Costa_Rica": "කොස්ටරිකා",
        "America\/Creston": "ක්‍රෙස්ටන්",
        "America\/Cuiaba": "කුයිඅබා",
        "America\/Curacao": "කුරකාවෝ",
        "America\/Danmarkshavn": "ඩෙන්මාර්ක්ශව්න්",
        "America\/Dawson": "ඩෝසන්",
        "America\/Dawson_Creek": "ඩෝසන් ක්‍රීක්",
        "America\/Denver": "ඩෙන්වර්",
        "America\/Detroit": "ඩෙත්රුවා",
        "America\/Dominica": "ඩොමිනිකා",
        "America\/Edmonton": "එඩ්මන්ටන්",
        "America\/Eirunepe": "එයිරුනේප්",
        "America\/El_Salvador": "එල්සැල්වදෝර්",
        "America\/Fortaleza": "ෆොර්ටලේසා",
        "America\/Glace_Bay": "ග්ලේස් බොක්ක",
        "America\/Godthab": "නූක්",
        "America\/Goose_Bay": "ගූස් බොක්ක",
        "America\/Grand_Turk": "ග්රෑන්ඩ් ටර්ක්",
        "America\/Grenada": "ග්‍රැනඩා",
        "America\/Guadeloupe": "ග්වාඩ්ලෝප්",
        "America\/Guatemala": "ගෝතමාලාව",
        "America\/Guayaquil": "ගුඅයාකුයිල්",
        "America\/Guyana": "ගයනාව",
        "America\/Halifax": "හලිෆැක්ස්",
        "America\/Havana": "හවානා",
        "America\/Hermosillo": "හෙමොසිලෝ",
        "America\/Indiana\/Knox": "නොක්ස්, ඉන්දියානා",
        "America\/Indiana\/Marengo": "මරෙන්ගෝ, ඉන්දියානා",
        "America\/Indiana\/Petersburg": "පීටර්ස්බර්ග්, ඉන්දියානා",
        "America\/Indiana\/Tell_City": "ටෙල් නගරය, ඉන්දියානා",
        "America\/Indiana\/Vevay": "වෙවේ, ඉන්දියානා",
        "America\/Indiana\/Vincennes": "වින්සනස්, ඉන්දියානා",
        "America\/Indiana\/Winamac": "විනමැක්, ඉන්දියානා",
        "America\/Indianapolis": "ඉන්ඩියානපොලිස්",
        "America\/Inuvik": "ඉනුවික්",
        "America\/Iqaluit": "ඉකාලුයිට්",
        "America\/Jamaica": "ජැමෙයිකා",
        "America\/Jujuy": "ජුජුයි",
        "America\/Juneau": "ජූනෝ",
        "America\/Kentucky\/Monticello": "මොන්ටිසෙලෝ, කෙන්ටකි",
        "America\/Kralendijk": "ක්‍රලෙන්දිජ්ක්",
        "America\/La_Paz": "ලා පස්",
        "America\/Lima": "ලීමා",
        "America\/Los_Angeles": "ලොස් ඇන්ජලීස්",
        "America\/Louisville": "ලුවිස්විල්",
        "America\/Lower_Princes": "ලෝවර් ප්‍රින්සස් ක්වාටර්",
        "America\/Maceio": "මසේයියෝ",
        "America\/Managua": "මනගුආ",
        "America\/Manaus": "මැනෝස්",
        "America\/Marigot": "මැරිගොට්",
        "America\/Martinique": "මාටිනික්",
        "America\/Matamoros": "මටමොරොස්",
        "America\/Mazatlan": "මසට්ලාන්",
        "America\/Mendoza": "මෙන්ඩෝසා",
        "America\/Menominee": "මෙනොමිනී",
        "America\/Merida": "මෙරිඩා",
        "America\/Metlakatla": "මෙට්ලකට්ලා",
        "America\/Mexico_City": "මෙක්සිකෝ නගරය",
        "America\/Miquelon": "මිකියුලන්",
        "America\/Moncton": "මොන්ක්ටන්",
        "America\/Monterrey": "මොන්ටෙරේ",
        "America\/Montevideo": "මොන්ටෙවිඩියෝ",
        "America\/Montserrat": "මොන්ට්සේරාට්",
        "America\/Nassau": "නස්සෝ",
        "America\/New_York": "නිව්යෝක්",
        "America\/Nipigon": "නිපිගන්",
        "America\/Nome": "නෝම්",
        "America\/Noronha": "නොරොන්හා",
        "America\/North_Dakota\/Beulah": "බියුලා, උතුරු ඩකෝටා",
        "America\/North_Dakota\/Center": "මධ්‍යම, උතුරු ඩකෝටා",
        "America\/North_Dakota\/New_Salem": "නව සලෙම්ම, උතුරු ඩකෝටා",
        "America\/Ojinaga": "ඔජිනගා",
        "America\/Panama": "පැනමා",
        "America\/Pangnirtung": "පැන්නීටන්",
        "America\/Paramaribo": "පැරාමරිබෝ",
        "America\/Phoenix": "ෆීනික්ස්",
        "America\/Port-au-Prince": "පොර්ට්-ඕ-ප්‍රින්ස්",
        "America\/Port_of_Spain": "පොර්ට් ඔෆ් ස්පෙයින්",
        "America\/Porto_Velho": "පොර්තෝ වෙල්හෝ",
        "America\/Puerto_Rico": "පුවටොරිකෝව",
        "America\/Rainy_River": "රෙයිනි ගඟ",
        "America\/Rankin_Inlet": "රැන්කින් පිවිසුම",
        "America\/Recife": "රෙසිෆ්",
        "America\/Regina": "රෙජිනා",
        "America\/Resolute": "රෙසොලුට්",
        "America\/Rio_Branco": "රියෝ බ්‍රන්කෝ",
        "America\/Santa_Isabel": "සැන්ටා ඉසබෙල්",
        "America\/Santarem": "සන්ටරේම්",
        "America\/Santiago": "සන්තියාගෝ",
        "America\/Santo_Domingo": "සැන්ටෝ ඩොමින්ගෝ",
        "America\/Sao_Paulo": "සාවෝ පෝලො",
        "America\/Scoresbysund": "ඉටොකොර්ටෝමිට්",
        "America\/Sitka": "සිට්කා",
        "America\/St_Barthelemy": "ශාන්ත බර්තලෙමි",
        "America\/St_Johns": "ශාන්ත ජෝන්ගේ",
        "America\/St_Kitts": "ශාන්ත කිට්ස්",
        "America\/St_Lucia": "ශාන්ත ලුසියා",
        "America\/St_Thomas": "ශාන්ත තෝමස්",
        "America\/St_Vincent": "ශාන්ත වින්ට්සන්",
        "America\/Swift_Current": "ස්විෆ්ට් කරන්ට්",
        "America\/Tegucigalpa": "ටෙගුසිගල්පා",
        "America\/Thule": "තුලේ",
        "America\/Thunder_Bay": "තන්ඩර් බොක්ක",
        "America\/Tijuana": "ටිජුආනා",
        "America\/Toronto": "ටොරන්ටෝ",
        "America\/Tortola": "ටොර්ටෝලා",
        "America\/Vancouver": "වැන්කුවර්",
        "America\/Whitehorse": "වයිට්හෝර්ස්",
        "America\/Winnipeg": "විනිපෙග්",
        "America\/Yakutat": "යකුටට්",
        "America\/Yellowknife": "යෙලෝනයිෆ",
        "Antarctica\/Casey": "කැසේ",
        "Antarctica\/Davis": "ඩේවිස්",
        "Antarctica\/DumontDUrville": "ඩුමොන්ට් ඩු‘ර්විල්",
        "Antarctica\/Macquarie": "මක්කුවරි",
        "Antarctica\/Mawson": "මව්සන්",
        "Antarctica\/McMurdo": "මැක්මුර්ඩෝ",
        "Antarctica\/Palmer": "පැල්මර්",
        "Antarctica\/Rothera": "රොතෙරා",
        "Antarctica\/Syowa": "සියෝවා",
        "Antarctica\/Troll": "ට්‍රෝල්",
        "Antarctica\/Vostok": "වොස්ටොක්",
        "Arctic\/Longyearbyen": "ලෝන්ග්ඉයර්බියෙන්",
        "Asia\/Aden": "ඒඩ්න්",
        "Asia\/Almaty": "අල්මටි",
        "Asia\/Amman": "අම්මාන්",
        "Asia\/Anadyr": "ඇනාදිය්ර්",
        "Asia\/Aqtau": "අක්ටෝ",
        "Asia\/Aqtobe": "අක්ටෝබ්",
        "Asia\/Ashgabat": "අශ්ගබැට්",
        "Asia\/Baghdad": "බැග්ඩෑඩ්",
        "Asia\/Bahrain": "බහරේන්",
        "Asia\/Baku": "බාකු",
        "Asia\/Bangkok": "බැංකොක්",
        "Asia\/Beirut": "බීරුට්",
        "Asia\/Bishkek": "බිශ්කෙක්",
        "Asia\/Brunei": "බෲනායි",
        "Asia\/Calcutta": "කල්කටා",
        "Asia\/Choibalsan": "චොයිබල්සාන්",
        "Asia\/Chongqing": "චොන්ග්කුයින්ග්",
        "Asia\/Colombo": "කොළඹ",
        "Asia\/Damascus": "ඩැමස්කස්",
        "Asia\/Dhaka": "ඩකා",
        "Asia\/Dili": "ඩිලි",
        "Asia\/Dubai": "ඩුබායි",
        "Asia\/Dushanbe": "ඩුශන්බේ",
        "Asia\/Gaza": "ගාසා",
        "Asia\/Harbin": "හාබින්",
        "Asia\/Hebron": "හෙබ්රෝන්",
        "Asia\/Hong_Kong": "හොංකොං",
        "Asia\/Hovd": "හොව්ඩ්",
        "Asia\/Irkutsk": "ඉරකුට්ස්ක්",
        "Asia\/Jakarta": "ජකර්තා",
        "Asia\/Jayapura": "ජයපුර",
        "Asia\/Jerusalem": "ජෙරුසලම",
        "Asia\/Kabul": "කාබුල්",
        "Asia\/Kamchatka": "කම්චට්කා",
        "Asia\/Karachi": "කරච්චිචි",
        "Asia\/Kashgar": "කාශ්ගර්",
        "Asia\/Katmandu": "කත්මන්ඩු",
        "Asia\/Khandyga": "ඛන්ඩිගා",
        "Asia\/Krasnoyarsk": "ක්‍රස්නෝයාර්ස්ක්",
        "Asia\/Kuala_Lumpur": "ක්වාලාලම්පූර්",
        "Asia\/Kuching": "කුචිං",
        "Asia\/Kuwait": "කුවේට්",
        "Asia\/Macau": "මැකාවු",
        "Asia\/Magadan": "මගඩන්",
        "Asia\/Makassar": "මක්ස්සාර්",
        "Asia\/Manila": "මැනිලා",
        "Asia\/Muscat": "මස්කට්",
        "Asia\/Nicosia": "නිකෝසියා",
        "Asia\/Novokuznetsk": "නොවොකුස්නේට්ස්ක්",
        "Asia\/Novosibirsk": "නොවොසිබර්ස්ක්",
        "Asia\/Omsk": "ඔම්ස්ක්",
        "Asia\/Oral": "ඔරාල්",
        "Asia\/Phnom_Penh": "නොම් පෙන්",
        "Asia\/Pontianak": "පොන්ටියනක්",
        "Asia\/Pyongyang": "ප්යෝන්ග්යැන්ග්",
        "Asia\/Qatar": "කටාර්",
        "Asia\/Qyzylorda": "ක්යිසිලෝර්ඩා",
        "Asia\/Rangoon": "රැංගුන්",
        "Asia\/Riyadh": "රියාද්",
        "Asia\/Saigon": "හෝචි මිං නගරය",
        "Asia\/Sakhalin": "සක්හලින්",
        "Asia\/Samarkand": "සාමාර්කන්ඩ්",
        "Asia\/Seoul": "සෝල්",
        "Asia\/Shanghai": "ෂැන්හයි",
        "Asia\/Singapore": "සිංගප්පූරුව",
        "Asia\/Taipei": "තායිපෙ",
        "Asia\/Tashkent": "ටෂ්කෙන්ට්",
        "Asia\/Tbilisi": "ට්බිලිසි",
        "Asia\/Tehran": "ටෙහෙරාන්",
        "Asia\/Thimphu": "තිම්පු",
        "Asia\/Tokyo": "ටෝකියෝ",
        "Asia\/Ulaanbaatar": "උලාන්බාටර්",
        "Asia\/Urumqi": "උරුම්කි",
        "Asia\/Ust-Nera": "උස්ට්-නෙරා",
        "Asia\/Vientiane": "වියැන්ටියන්",
        "Asia\/Vladivostok": "ව්ලඩිවොස්ටොක්",
        "Asia\/Yakutsk": "යකුට්ස්ක්",
        "Asia\/Yekaterinburg": "යෙකටරින්බර්ග්",
        "Asia\/Yerevan": "යෙරෙවන්",
        "Atlantic\/Azores": "ඇසොරේ",
        "Atlantic\/Bermuda": "බර්මියුඩාව",
        "Atlantic\/Canary": "කැනරි",
        "Atlantic\/Cape_Verde": "කේප් වර්ඩ්",
        "Atlantic\/Faeroe": "ෆාරෝ",
        "Atlantic\/Madeira": "මඩෙයිරා",
        "Atlantic\/Reykjavik": "රෙයික්ජාවික්",
        "Atlantic\/South_Georgia": "දකුණු ජෝර්ජියාව",
        "Atlantic\/St_Helena": "ශා. හෙලේනා",
        "Atlantic\/Stanley": "ස්ටැන්ලි",
        "Australia\/Adelaide": "ඇඩිලේඩ්",
        "Australia\/Brisbane": "බ්‍රිස්බේන්",
        "Australia\/Broken_Hill": "බ්‍රෝකන් හිල්",
        "Australia\/Currie": "කුරී",
        "Australia\/Darwin": "ඩාවින්",
        "Australia\/Eucla": "ඉයුක්ලා",
        "Australia\/Hobart": "හෝබාර්ට්",
        "Australia\/Lindeman": "ලින්ඩේමන්",
        "Australia\/Lord_Howe": "ලෝර්ඩ් හෝව්",
        "Australia\/Melbourne": "මෙල්බෝර්න්",
        "Australia\/Perth": "පර්ත්",
        "Australia\/Sydney": "සිඩ්නි",
        "Etc\/Unknown": "හඳුනා නොගත් නගරය",
        "Europe\/Amsterdam": "ඇම්ස්ටර්ඩෑම්",
        "Europe\/Andorra": "ඇන්ඩෝරාව",
        "Europe\/Athens": "ඇතැන්ස්",
        "Europe\/Belgrade": "බෙල්ග්‍රේඩ්ඩ්",
        "Europe\/Berlin": "බර්ලින්",
        "Europe\/Bratislava": "බ්‍රටිස්ලවා",
        "Europe\/Brussels": "බ්‍රසල්ස්",
        "Europe\/Bucharest": "බුකාරෙස්ට්",
        "Europe\/Budapest": "බුඩාපෙස්ට්",
        "Europe\/Busingen": "බුසින්ජෙන්",
        "Europe\/Chisinau": "චිසිනෝ",
        "Europe\/Copenhagen": "කෝපන්හේගන්",
        "Europe\/Dublin": "ඩබ්ලින්",
        "Europe\/Gibraltar": "ජිබ්රෝල්ටා",
        "Europe\/Guernsey": "ගුවන්සේ",
        "Europe\/Helsinki": "හෙල්සින්කි",
        "Europe\/Isle_of_Man": "අයිල් ඔෆ් මෑන්",
        "Europe\/Istanbul": "ඉස්තාන්බුල්",
        "Europe\/Jersey": "ජර්සි",
        "Europe\/Kaliningrad": "කලිනින්ග්‍රෑඩ්",
        "Europe\/Kiev": "කිව්",
        "Europe\/Lisbon": "ලිස්බන්",
        "Europe\/Ljubljana": "ල්ජුබුල්ජනා",
        "Europe\/London": "ලන්ඩන්",
        "Europe\/Luxembourg": "ලක්සැම්බර්ග්",
        "Europe\/Madrid": "මැඩ්රිඩ්",
        "Europe\/Malta": "මෝල්ටා",
        "Europe\/Mariehamn": "මරියෙහම්න්",
        "Europe\/Minsk": "මින්ස්ක්",
        "Europe\/Monaco": "මොනැකෝ",
        "Europe\/Moscow": "මොස්කව්",
        "Europe\/Oslo": "ඔස්ලෝ",
        "Europe\/Paris": "පැරිස්",
        "Europe\/Podgorica": "පොඩ්ගොරිකා",
        "Europe\/Prague": "ප්‍රෙග්",
        "Europe\/Riga": "රිගා",
        "Europe\/Rome": "රෝමය",
        "Europe\/Samara": "සමරා",
        "Europe\/San_Marino": "සැන් මැරිනෝ",
        "Europe\/Sarajevo": "සරාජෙවෝ",
        "Europe\/Simferopol": "සිම්ෆෙරෝපොල්",
        "Europe\/Skopje": "ස්කොප්ජේ",
        "Europe\/Sofia": "සොෆියා",
        "Europe\/Stockholm": "ස්ටොක්හෝම්",
        "Europe\/Tallinn": "ටලින්",
        "Europe\/Tirane": "ටිරානේ",
        "Europe\/Uzhgorod": "උස්ගොරෝඩ්",
        "Europe\/Vaduz": "වඩුස්",
        "Europe\/Vatican": "වතිකානුව",
        "Europe\/Vienna": "වියනා",
        "Europe\/Vilnius": "විල්නියුස්",
        "Europe\/Volgograd": "වොල්ගොග්‍රෑඩ්",
        "Europe\/Warsaw": "වර්සෝ",
        "Europe\/Zagreb": "සග්රෙබ්",
        "Europe\/Zaporozhye": "සපොරෝසියේ",
        "Europe\/Zurich": "සූරිච්",
        "Indian\/Antananarivo": "ඇන්ටනානරිවෝ",
        "Indian\/Chagos": "චාගොස්",
        "Indian\/Christmas": "ක්‍රිස්මස්",
        "Indian\/Cocos": "කොකොස්",
        "Indian\/Comoro": "කොමොරෝ",
        "Indian\/Kerguelen": "කෙර්ගුඑලෙන්",
        "Indian\/Mahe": "මාහේ",
        "Indian\/Maldives": "මාල දිවයින",
        "Indian\/Mauritius": "මුරුසිය",
        "Indian\/Mayotte": "මයෝටි",
        "Indian\/Reunion": "රියුනියන්",
        "Pacific\/Apia": "ඇපියා",
        "Pacific\/Auckland": "ඕක්ලන්ඩ්",
        "Pacific\/Chatham": "චැතම්",
        "Pacific\/Easter": "ඊස්ටර්",
        "Pacific\/Efate": "එෆාත්",
        "Pacific\/Enderbury": "එන්ඩර්බරි",
        "Pacific\/Fakaofo": "ෆාකාඕෆෝ",
        "Pacific\/Fiji": "ෆීජි",
        "Pacific\/Funafuti": "ෆුනෆුටි",
        "Pacific\/Galapagos": "ගලපගෝස්",
        "Pacific\/Gambier": "ගම්බියෙර්",
        "Pacific\/Guadalcanal": "ගුවාඩල්කැනල්",
        "Pacific\/Guam": "ගුවාම්",
        "Pacific\/Honolulu": "හොනොලුලු",
        "Pacific\/Johnston": "ජොන්ස්ටන්",
        "Pacific\/Kiritimati": "කිරිමටි",
        "Pacific\/Kosrae": "කොස්රේ",
        "Pacific\/Kwajalein": "ක්වාජලෙයින්",
        "Pacific\/Majuro": "මජුරෝ",
        "Pacific\/Marquesas": "මාකුවෙසාස්",
        "Pacific\/Midway": "මිඩ්වේ",
        "Pacific\/Nauru": "නවුරු",
        "Pacific\/Niue": "නියු",
        "Pacific\/Norfolk": "නෝෆෝක්",
        "Pacific\/Noumea": "නෝමියා",
        "Pacific\/Pago_Pago": "පගෝ පගෝ",
        "Pacific\/Palau": "පලාවු",
        "Pacific\/Pitcairn": "පිට්කෙයාන්",
        "Pacific\/Ponape": "පොන්පෙයි",
        "Pacific\/Port_Moresby": "පොර්ට් මොරෙස්බි",
        "Pacific\/Rarotonga": "රරෝටෝන්ගා",
        "Pacific\/Saipan": "සයිපාන්",
        "Pacific\/Tahiti": "ටහිති",
        "Pacific\/Tarawa": "ටරාවා",
        "Pacific\/Tongatapu": "ටොන්ගටාපු",
        "Pacific\/Truk": "චූක්",
        "Pacific\/Wake": "වේක්",
        "Pacific\/Wallis": "වැලිස්"
    }
}
