{
    "Version": "2.1.8.20",
    "Names": {
        "Africa\/Abidjan": "Abidžan",
        "Africa\/Accra": "Akra",
        "Africa\/Addis_Ababa": "Adis Abeba",
        "Africa\/Algiers": "Alžir",
        "Africa\/Asmera": "Asmera",
        "Africa\/Bamako": "Bamako",
        "Africa\/Bangui": "Bangui",
        "Africa\/Banjul": "Banžul",
        "Africa\/Bissau": "Bisao",
        "Africa\/Blantyre": "Blantir",
        "Africa\/Brazzaville": "Brazavil",
        "Africa\/Bujumbura": "Budžumbura",
        "Africa\/Cairo": "Kairo",
        "Africa\/Casablanca": "Kazablanka",
        "Africa\/Ceuta": "Seuta",
        "Africa\/Conakry": "Konakri",
        "Africa\/Dakar": "Dakar",
        "Africa\/Dar_es_Salaam": "Dar-es-Salam",
        "Africa\/Djibouti": "Džibuti",
        "Africa\/Douala": "Duala",
        "Africa\/El_Aaiun": "El Ajun",
        "Africa\/Freetown": "Fritaun",
        "Africa\/Gaborone": "Gaboron",
        "Africa\/Harare": "Harare",
        "Africa\/Johannesburg": "Johanesburg",
        "Africa\/Juba": "Džuba",
        "Africa\/Kampala": "Kampala",
        "Africa\/Khartoum": "Kartum",
        "Africa\/Kigali": "Kigali",
        "Africa\/Kinshasa": "Kinšasa",
        "Africa\/Lagos": "Lagos",
        "Africa\/Libreville": "Librevil",
        "Africa\/Lome": "Lome",
        "Africa\/Luanda": "Luanda",
        "Africa\/Lubumbashi": "Lubumbaši",
        "Africa\/Lusaka": "Lusaka",
        "Africa\/Malabo": "Malabo",
        "Africa\/Maputo": "Maputo",
        "Africa\/Maseru": "Maseru",
        "Africa\/Mbabane": "Mbabane",
        "Africa\/Mogadishu": "Mogadiš",
        "Africa\/Monrovia": "Monrovija",
        "Africa\/Nairobi": "Najrobi",
        "Africa\/Ndjamena": "Ndžamena",
        "Africa\/Niamey": "Nijamej",
        "Africa\/Nouakchott": "Nuakšot",
        "Africa\/Ouagadougou": "Uagadugu",
        "Africa\/Porto-Novo": "Porto Novo",
        "Africa\/Sao_Tome": "Sao Tome",
        "Africa\/Tripoli": "Tripoli",
        "Africa\/Tunis": "Tunis",
        "Africa\/Windhoek": "Vindhuk",
        "America\/Adak": "Adak",
        "America\/Anchorage": "Enkoridž",
        "America\/Anguilla": "Angvila",
        "America\/Antigua": "Antigva",
        "America\/Araguaina": "Aragvajana",
        "America\/Argentina\/La_Rioja": "La Rioha",
        "America\/Argentina\/Rio_Gallegos": "Rio Gelegos",
        "America\/Argentina\/Salta": "Salta",
        "America\/Argentina\/San_Juan": "San Huan",
        "America\/Argentina\/San_Luis": "San Lui",
        "America\/Argentina\/Tucuman": "Tukuman",
        "America\/Argentina\/Ushuaia": "Ušuaija",
        "America\/Aruba": "Aruba",
        "America\/Asuncion": "Asunsion",
        "America\/Bahia": "Baija",
        "America\/Bahia_Banderas": "Baija Banderas",
        "America\/Barbados": "Barbados",
        "America\/Belem": "Belem",
        "America\/Belize": "Belize",
        "America\/Blanc-Sablon": "Blank-Sejblon",
        "America\/Boa_Vista": "Boa Vista",
        "America\/Bogota": "Bogota",
        "America\/Boise": "Bojzi",
        "America\/Buenos_Aires": "Buenos Ajres",
        "America\/Cambridge_Bay": "Kembridž Bej",
        "America\/Campo_Grande": "Kampo Grande",
        "America\/Cancun": "Kankun",
        "America\/Caracas": "Karakas",
        "America\/Catamarca": "Katamarka",
        "America\/Cayenne": "Kajen",
        "America\/Cayman": "Kajmanska Ostrva",
        "America\/Chicago": "Čikago",
        "America\/Chihuahua": "Čihuahua",
        "America\/Coral_Harbour": "Koral Harbur",
        "America\/Cordoba": "Kordoba",
        "America\/Costa_Rica": "Kostarika",
        "America\/Creston": "Kreston",
        "America\/Cuiaba": "Kuiaba",
        "America\/Curacao": "Kiraso",
        "America\/Danmarkshavn": "Danmarkshagen",
        "America\/Dawson": "Doson",
        "America\/Dawson_Creek": "Doson Krik",
        "America\/Denver": "Denver",
        "America\/Detroit": "Detroit",
        "America\/Dominica": "Dominika",
        "America\/Edmonton": "Edmonton",
        "America\/Eirunepe": "Eirunepe",
        "America\/El_Salvador": "Salvador",
        "America\/Fortaleza": "Fortaleza",
        "America\/Glace_Bay": "Glejs Bej",
        "America\/Godthab": "Gothab",
        "America\/Goose_Bay": "Gus Bej",
        "America\/Grand_Turk": "Grand Turk",
        "America\/Grenada": "Grenada",
        "America\/Guadeloupe": "Gvadalupe",
        "America\/Guatemala": "Gvatemala",
        "America\/Guayaquil": "Gvajakil",
        "America\/Guyana": "Gvajana",
        "America\/Halifax": "Halifaks",
        "America\/Havana": "Havana",
        "America\/Hermosillo": "Hermosiljo",
        "America\/Indiana\/Knox": "Noks, Indijana",
        "America\/Indiana\/Marengo": "Marengo, Indijana",
        "America\/Indiana\/Petersburg": "Pitersburg, Indijana",
        "America\/Indiana\/Tell_City": "Tel Siti",
        "America\/Indiana\/Vevay": "Vevaj, Indijana",
        "America\/Indiana\/Vincennes": "Vincenes, Indijana",
        "America\/Indiana\/Winamac": "Vinamak, Indijana",
        "America\/Indianapolis": "Indianapolis",
        "America\/Inuvik": "Inuvik",
        "America\/Iqaluit": "Ikvaluit",
        "America\/Jamaica": "Jamajka",
        "America\/Jujuy": "Žužui",
        "America\/Juneau": "Žuno",
        "America\/Kentucky\/Monticello": "Montičelo, Kentaki",
        "America\/Kralendijk": "Kralendajk",
        "America\/La_Paz": "La Paz",
        "America\/Lima": "Lima",
        "America\/Los_Angeles": "Los Anđeles",
        "America\/Louisville": "Luivile",
        "America\/Lower_Princes": "Louer Prinsiz Kvorter",
        "America\/Maceio": "Masejo",
        "America\/Managua": "Managva",
        "America\/Manaus": "Manaus",
        "America\/Marigot": "Marigo",
        "America\/Martinique": "Martinik",
        "America\/Matamoros": "Matamoros",
        "America\/Mazatlan": "Mazatlan",
        "America\/Mendoza": "Mendosa",
        "America\/Menominee": "Menomini",
        "America\/Merida": "Merida",
        "America\/Metlakatla": "Metlakatla",
        "America\/Mexico_City": "Meksiko Siti",
        "America\/Miquelon": "Mikelon",
        "America\/Moncton": "Monkton",
        "America\/Monterrey": "Monterej",
        "America\/Montevideo": "Montevideo",
        "America\/Montserrat": "Montserat",
        "America\/Nassau": "Nasau",
        "America\/New_York": "Njujork",
        "America\/Nipigon": "Nipigon",
        "America\/Nome": "Nom",
        "America\/Noronha": "Noronja",
        "America\/North_Dakota\/Beulah": "Bijula, Severna Dakota",
        "America\/North_Dakota\/Center": "Centar, Severna Dakota",
        "America\/North_Dakota\/New_Salem": "Novi Salem, Severna Dakota",
        "America\/Ojinaga": "Ohinaga",
        "America\/Panama": "Panama",
        "America\/Pangnirtung": "Pangnirtung",
        "America\/Paramaribo": "Paramaribo",
        "America\/Phoenix": "Finiks",
        "America\/Port-au-Prince": "Port-o-Prens",
        "America\/Port_of_Spain": "Port of Spejn",
        "America\/Porto_Velho": "Porto Veljo",
        "America\/Puerto_Rico": "Porto Riko",
        "America\/Rainy_River": "Rejni River",
        "America\/Rankin_Inlet": "Rankin Inlet",
        "America\/Recife": "Resife",
        "America\/Regina": "Regina",
        "America\/Resolute": "Resolut",
        "America\/Rio_Branco": "Rio Branko",
        "America\/Santa_Isabel": "Santa Izabel",
        "America\/Santarem": "Santarem",
        "America\/Santiago": "Santjago",
        "America\/Santo_Domingo": "Santo Domingo",
        "America\/Sao_Paulo": "Sao Paolo",
        "America\/Scoresbysund": "Skorezbisund",
        "America\/Sitka": "Sitka",
        "America\/St_Barthelemy": "Sv. Bartolomej",
        "America\/St_Johns": "Sv. Džon",
        "America\/St_Kitts": "Sent Kits",
        "America\/St_Lucia": "Sv. Lucija",
        "America\/St_Thomas": "Sv. Toma",
        "America\/St_Vincent": "Sent Vinsent",
        "America\/Swift_Current": "Svift Kurent",
        "America\/Tegucigalpa": "Tegusigalpa",
        "America\/Thule": "Tul",
        "America\/Thunder_Bay": "Tander Bej",
        "America\/Tijuana": "Tihuana",
        "America\/Toronto": "Toronto",
        "America\/Tortola": "Tortola",
        "America\/Vancouver": "Vankuver",
        "America\/Whitehorse": "Vajthors",
        "America\/Winnipeg": "Vinipeg",
        "America\/Yakutat": "Jakutat",
        "America\/Yellowknife": "Jelounajf",
        "Antarctica\/Casey": "Kejsi",
        "Antarctica\/Davis": "Dejvis",
        "Antarctica\/DumontDUrville": "Dimon d’Urvil",
        "Antarctica\/Macquarie": "Mekvori",
        "Antarctica\/Mawson": "Moson",
        "Antarctica\/McMurdo": "Makmurdo",
        "Antarctica\/Palmer": "Palmer",
        "Antarctica\/Rothera": "Rotera",
        "Antarctica\/Syowa": "Šova",
        "Antarctica\/Troll": "Trol",
        "Antarctica\/Vostok": "Vostok",
        "Arctic\/Longyearbyen": "Longjerbjen",
        "Asia\/Aden": "Aden",
        "Asia\/Almaty": "Almati",
        "Asia\/Amman": "Aman",
        "Asia\/Anadyr": "Anadir",
        "Asia\/Aqtau": "Aktau",
        "Asia\/Aqtobe": "Akutobe",
        "Asia\/Ashgabat": "Ašhabad",
        "Asia\/Baghdad": "Bagdad",
        "Asia\/Bahrain": "Bahrein",
        "Asia\/Baku": "Baku",
        "Asia\/Bangkok": "Bankok",
        "Asia\/Beirut": "Bejrut",
        "Asia\/Bishkek": "Biškek",
        "Asia\/Brunei": "Bruneji",
        "Asia\/Calcutta": "Kalkuta",
        "Asia\/Choibalsan": "Čojbalsan",
        "Asia\/Chongqing": "Čongking",
        "Asia\/Colombo": "Kolombo",
        "Asia\/Damascus": "Damask",
        "Asia\/Dhaka": "Daka",
        "Asia\/Dili": "Dili",
        "Asia\/Dubai": "Dubai",
        "Asia\/Dushanbe": "Dušanbe",
        "Asia\/Gaza": "Gaza",
        "Asia\/Harbin": "Harbin",
        "Asia\/Hebron": "Hebron",
        "Asia\/Hong_Kong": "Hong Kong",
        "Asia\/Hovd": "Hovd",
        "Asia\/Irkutsk": "Irkuck",
        "Asia\/Jakarta": "Džakarta",
        "Asia\/Jayapura": "Džajapura",
        "Asia\/Jerusalem": "Jerusalim",
        "Asia\/Kabul": "Kabul",
        "Asia\/Kamchatka": "Kamčatka",
        "Asia\/Karachi": "Karači",
        "Asia\/Kashgar": "Kašgar",
        "Asia\/Katmandu": "Katmandu",
        "Asia\/Khandyga": "Handiga",
        "Asia\/Krasnoyarsk": "Krasnojarsk",
        "Asia\/Kuala_Lumpur": "Kuala Lumpur",
        "Asia\/Kuching": "Kučing",
        "Asia\/Kuwait": "Kuvajt",
        "Asia\/Macau": "Makao",
        "Asia\/Magadan": "Magadan",
        "Asia\/Makassar": "Makasar",
        "Asia\/Manila": "Manila",
        "Asia\/Muscat": "Muskat",
        "Asia\/Nicosia": "Nikozija",
        "Asia\/Novokuznetsk": "Novokuznjeck",
        "Asia\/Novosibirsk": "Novosibirsk",
        "Asia\/Omsk": "Omsk",
        "Asia\/Oral": "Oral",
        "Asia\/Phnom_Penh": "Pnom Pen",
        "Asia\/Pontianak": "Pontijanak",
        "Asia\/Pyongyang": "Pjongjang",
        "Asia\/Qatar": "Katar",
        "Asia\/Qyzylorda": "Kizilorda",
        "Asia\/Rangoon": "Rangun",
        "Asia\/Riyadh": "Rijad",
        "Asia\/Saigon": "Ho Ši Min",
        "Asia\/Sakhalin": "Sahalin",
        "Asia\/Samarkand": "Samarkand",
        "Asia\/Seoul": "Seul",
        "Asia\/Shanghai": "Šangaj",
        "Asia\/Singapore": "Singapur",
        "Asia\/Taipei": "Tajpej",
        "Asia\/Tashkent": "Taškent",
        "Asia\/Tbilisi": "Tbilisi",
        "Asia\/Tehran": "Teheran",
        "Asia\/Thimphu": "Timpu",
        "Asia\/Tokyo": "Tokio",
        "Asia\/Ulaanbaatar": "Ulan Bator",
        "Asia\/Urumqi": "Urumkvi",
        "Asia\/Ust-Nera": "Ust-Nera",
        "Asia\/Vientiane": "Vijentijan",
        "Asia\/Vladivostok": "Vladivostok",
        "Asia\/Yakutsk": "Jakutsk",
        "Asia\/Yekaterinburg": "Jekaterinburg",
        "Asia\/Yerevan": "Jerevan",
        "Atlantic\/Azores": "Azori",
        "Atlantic\/Bermuda": "Bermuda",
        "Atlantic\/Canary": "Kanarska ostrva",
        "Atlantic\/Cape_Verde": "Zelenortska Ostrva",
        "Atlantic\/Faeroe": "Farska Ostrva",
        "Atlantic\/Madeira": "Madeira",
        "Atlantic\/Reykjavik": "Rejkjavik",
        "Atlantic\/South_Georgia": "Južna Džordžija",
        "Atlantic\/St_Helena": "Sveta Jelena",
        "Atlantic\/Stanley": "Stenli",
        "Australia\/Adelaide": "Adelejd",
        "Australia\/Brisbane": "Brizbejn",
        "Australia\/Broken_Hill": "Broken Hil",
        "Australia\/Currie": "Kurie",
        "Australia\/Darwin": "Darvin",
        "Australia\/Eucla": "Iukla",
        "Australia\/Hobart": "Hobart",
        "Australia\/Lindeman": "Lindeman",
        "Australia\/Lord_Howe": "Lord Hau",
        "Australia\/Melbourne": "Melburn",
        "Australia\/Perth": "Pert",
        "Australia\/Sydney": "Sidnej",
        "Etc\/Unknown": "Nepoznat grad",
        "Europe\/Amsterdam": "Amsterdam",
        "Europe\/Andorra": "Andora",
        "Europe\/Athens": "Atina",
        "Europe\/Belgrade": "Beograd",
        "Europe\/Berlin": "Berlin",
        "Europe\/Bratislava": "Bratislava",
        "Europe\/Brussels": "Brisel",
        "Europe\/Bucharest": "Bukurešt",
        "Europe\/Budapest": "Budimpešta",
        "Europe\/Busingen": "Bisingen",
        "Europe\/Chisinau": "Kišinjev",
        "Europe\/Copenhagen": "Kopenhagen",
        "Europe\/Dublin": "Dablin",
        "Europe\/Gibraltar": "Gibraltar",
        "Europe\/Guernsey": "Gernzi",
        "Europe\/Helsinki": "Helsinki",
        "Europe\/Isle_of_Man": "Ostrvo Man",
        "Europe\/Istanbul": "Istanbul",
        "Europe\/Jersey": "Džersi",
        "Europe\/Kaliningrad": "Kalinjingrad",
        "Europe\/Kiev": "Kijev",
        "Europe\/Lisbon": "Lisabon",
        "Europe\/Ljubljana": "Ljubljana",
        "Europe\/London": "London",
        "Europe\/Luxembourg": "Luksemburg",
        "Europe\/Madrid": "Madrid",
        "Europe\/Malta": "Malta",
        "Europe\/Mariehamn": "Marihamn",
        "Europe\/Minsk": "Minsk",
        "Europe\/Monaco": "Monako",
        "Europe\/Moscow": "Moskva",
        "Europe\/Oslo": "Oslo",
        "Europe\/Paris": "Pariz",
        "Europe\/Podgorica": "Podgorica",
        "Europe\/Prague": "Prag",
        "Europe\/Riga": "Riga",
        "Europe\/Rome": "Rim",
        "Europe\/Samara": "Samara",
        "Europe\/San_Marino": "San Marino",
        "Europe\/Sarajevo": "Sarajevo",
        "Europe\/Simferopol": "Simferopolj",
        "Europe\/Skopje": "Skoplje",
        "Europe\/Sofia": "Sofija",
        "Europe\/Stockholm": "Stokholm",
        "Europe\/Tallinn": "Talin",
        "Europe\/Tirane": "Tirana",
        "Europe\/Uzhgorod": "Užgorod",
        "Europe\/Vaduz": "Vaduz",
        "Europe\/Vatican": "Vatikan",
        "Europe\/Vienna": "Beč",
        "Europe\/Vilnius": "Vilnjus",
        "Europe\/Volgograd": "Volgograd",
        "Europe\/Warsaw": "Varšava",
        "Europe\/Zagreb": "Zagreb",
        "Europe\/Zaporozhye": "Zaporožje",
        "Europe\/Zurich": "Cirih",
        "Indian\/Antananarivo": "Antananarivo",
        "Indian\/Chagos": "Čagos",
        "Indian\/Christmas": "Božić",
        "Indian\/Cocos": "Kokos",
        "Indian\/Comoro": "Komoro",
        "Indian\/Kerguelen": "Kergelen",
        "Indian\/Mahe": "Mahe",
        "Indian\/Maldives": "Maldivi",
        "Indian\/Mauritius": "Mauricijus",
        "Indian\/Mayotte": "Majot",
        "Indian\/Reunion": "Reunion",
        "Pacific\/Apia": "Apija",
        "Pacific\/Auckland": "Okland",
        "Pacific\/Chatham": "Čatam",
        "Pacific\/Easter": "Uskršnje ostrvo",
        "Pacific\/Efate": "Efat",
        "Pacific\/Enderbury": "Enderberi",
        "Pacific\/Fakaofo": "Fakaofo",
        "Pacific\/Fiji": "Fidži",
        "Pacific\/Funafuti": "Funafuti",
        "Pacific\/Galapagos": "Galapagos",
        "Pacific\/Gambier": "Gambije",
        "Pacific\/Guadalcanal": "Gvadalkanal",
        "Pacific\/Guam": "Guam",
        "Pacific\/Honolulu": "Honolulu",
        "Pacific\/Johnston": "Džonston",
        "Pacific\/Kiritimati": "Kiritimati",
        "Pacific\/Kosrae": "Košre",
        "Pacific\/Kwajalein": "Kvadžalejin",
        "Pacific\/Majuro": "Majuro",
        "Pacific\/Marquesas": "Markiz",
        "Pacific\/Midway": "Midvej",
        "Pacific\/Nauru": "Nauru",
        "Pacific\/Niue": "Niue",
        "Pacific\/Norfolk": "Norfolk",
        "Pacific\/Noumea": "Numea",
        "Pacific\/Pago_Pago": "Pago Pago",
        "Pacific\/Palau": "Palau",
        "Pacific\/Pitcairn": "Pitkern",
        "Pacific\/Ponape": "Ponape",
        "Pacific\/Port_Moresby": "Port Morzbi",
        "Pacific\/Rarotonga": "Rarotonga",
        "Pacific\/Saipan": "Sajpan",
        "Pacific\/Tahiti": "Tahiti",
        "Pacific\/Tarawa": "Tarava",
        "Pacific\/Tongatapu": "Tongatapu",
        "Pacific\/Truk": "Truk",
        "Pacific\/Wake": "Vejk",
        "Pacific\/Wallis": "Valis"
    }
}
