{
    "Version": "2.1.8.9",
    "Names": {
        "Africa\/Abidjan": "அபிட்ஜான்",
        "Africa\/Accra": "அக்ரா",
        "Africa\/Addis_Ababa": "அடிஸ் அபாபா",
        "Africa\/Algiers": "அல்ஜியர்ஸ்",
        "Africa\/Asmera": "அஸ்மாரா",
        "Africa\/Bamako": "பமாகோ",
        "Africa\/Bangui": "பேங்குயீ",
        "Africa\/Banjul": "பஞ்சுல்",
        "Africa\/Bissau": "பிஸாவ்",
        "Africa\/Blantyre": "பிளான்டையர்",
        "Africa\/Brazzaville": "பிராஸாவில்லி",
        "Africa\/Bujumbura": "புஜும்புரா",
        "Africa\/Cairo": "கெய்ரோ",
        "Africa\/Casablanca": "காஸாபிளான்கா",
        "Africa\/Ceuta": "சியூட்டா",
        "Africa\/Conakry": "கோனக்ரே",
        "Africa\/Dakar": "தாக்கர்",
        "Africa\/Dar_es_Salaam": "தார் ஸ் சலாம்",
        "Africa\/Djibouti": "டிஜிபவ்டி",
        "Africa\/Douala": "தவுலா",
        "Africa\/El_Aaiun": "எல் ஆயுன்",
        "Africa\/Freetown": "ஃப்ரீடவுன்",
        "Africa\/Gaborone": "கபோரோன்",
        "Africa\/Harare": "ஹராரே",
        "Africa\/Johannesburg": "ஜோஹன்னஸ்பெர்க்",
        "Africa\/Juba": "ஜுபா",
        "Africa\/Kampala": "கம்பாலா",
        "Africa\/Khartoum": "கார்டோம்",
        "Africa\/Kigali": "கிகலி",
        "Africa\/Kinshasa": "கின்ஷசா",
        "Africa\/Lagos": "லாகோஸ்",
        "Africa\/Libreville": "லிப்ரேவில்லே",
        "Africa\/Lome": "லோம்",
        "Africa\/Luanda": "லுவான்டா",
        "Africa\/Lubumbashi": "லுபும்பாஷி",
        "Africa\/Lusaka": "லுசாகா",
        "Africa\/Malabo": "மாலபோ",
        "Africa\/Maputo": "மபுடோ",
        "Africa\/Maseru": "மசேரு",
        "Africa\/Mbabane": "அம்பபான்",
        "Africa\/Mogadishu": "மோகாதிஷு",
        "Africa\/Monrovia": "மான்ரோவியா",
        "Africa\/Nairobi": "நைரோபி",
        "Africa\/Ndjamena": "நிட்ஜமேனா",
        "Africa\/Niamey": "நியாமே",
        "Africa\/Nouakchott": "நவுக்சோத்",
        "Africa\/Ouagadougou": "அவுகடவ்கு",
        "Africa\/Porto-Novo": "போர்ட்டோ-நோவோ",
        "Africa\/Sao_Tome": "சாவோ டோமே",
        "Africa\/Tripoli": "த்ரிபோலி",
        "Africa\/Tunis": "டுனிஸ்",
        "Africa\/Windhoek": "வைண்ட்ஹோக்",
        "America\/Adak": "அடக்",
        "America\/Anchorage": "அங்கரேஜ்",
        "America\/Anguilla": "அங்குயுலா",
        "America\/Antigua": "ஆன்டிகுவா",
        "America\/Araguaina": "அரகுவாய்னா",
        "America\/Argentina\/La_Rioja": "லா ரியோஜா",
        "America\/Argentina\/Rio_Gallegos": "ரியோ கேலிகாஸ்",
        "America\/Argentina\/Salta": "சால்டா",
        "America\/Argentina\/San_Juan": "சான் ஜுவான்",
        "America\/Argentina\/San_Luis": "சான் லூயிஸ்",
        "America\/Argentina\/Tucuman": "துகுமன்",
        "America\/Argentina\/Ushuaia": "உஷுவாயா",
        "America\/Aruba": "அரூபா",
        "America\/Asuncion": "அஸன்சியன்",
        "America\/Bahia": "பாஹியா",
        "America\/Bahia_Banderas": "பஹியா பந்தேராஸ்",
        "America\/Barbados": "பார்படாஸ்",
        "America\/Belem": "பெலெம்",
        "America\/Belize": "பெலிஸ்",
        "America\/Blanc-Sablon": "ப்லாங்க்-சப்லான்",
        "America\/Boa_Vista": "போவா விஸ்டா",
        "America\/Bogota": "போகோடா",
        "America\/Boise": "போய்ஸ்",
        "America\/Buenos_Aires": "ப்யூனோஸ் ஏர்ஸ்",
        "America\/Cambridge_Bay": "கேம்பிரிட்ஜ் வளைகுடா",
        "America\/Campo_Grande": "கேம்போ கிராண்டே",
        "America\/Cancun": "கன்குன்",
        "America\/Caracas": "கேராகஸ்",
        "America\/Catamarca": "கடமரகா",
        "America\/Cayenne": "கெய்ன்",
        "America\/Cayman": "கேமன்",
        "America\/Chicago": "சிகாகோ",
        "America\/Chihuahua": "சிஹூவாஹுவா",
        "America\/Coral_Harbour": "அடிகோகன்",
        "America\/Cordoba": "கார்டோபா",
        "America\/Costa_Rica": "கோஸ்டா ரிகா",
        "America\/Creston": "க்ரெஸ்டான்",
        "America\/Cuiaba": "குயாபே",
        "America\/Curacao": "க்யூராகோ",
        "America\/Danmarkshavn": "டென்மார்க்ஷாவ்ன்",
        "America\/Dawson": "டாவ்சன்",
        "America\/Dawson_Creek": "டாவ்சன் கிரீக்",
        "America\/Denver": "டென்வர்",
        "America\/Detroit": "டெட்ராய்ட்",
        "America\/Dominica": "டொமினிகா",
        "America\/Edmonton": "எட்மான்டான்",
        "America\/Eirunepe": "ஈருனெபே",
        "America\/El_Salvador": "எல் சால்வேடார்",
        "America\/Fortaleza": "ஃபோர்டாலெசா",
        "America\/Glace_Bay": "கிலாஸ் வளைகுடா",
        "America\/Godthab": "நூக்",
        "America\/Goose_Bay": "கூஸ் பே",
        "America\/Grand_Turk": "கிராண்ட் துர்க்",
        "America\/Grenada": "கிரேனடா",
        "America\/Guadeloupe": "கவுடேலூப்",
        "America\/Guatemala": "கவுதமாலா",
        "America\/Guayaquil": "குவாயகில்",
        "America\/Guyana": "கயானா",
        "America\/Halifax": "ஹலிஃபேக்ஸ்",
        "America\/Havana": "ஹவானா",
        "America\/Hermosillo": "ஹெர்மோசிலோ",
        "America\/Indiana\/Knox": "நாக்ஸ், இண்டியானா",
        "America\/Indiana\/Marengo": "மரென்கோ, இண்டியானா",
        "America\/Indiana\/Petersburg": "பீட்டர்ஸ்பெர்க், இண்டியானா",
        "America\/Indiana\/Tell_City": "டெல் சிட்டி, இண்டியானா",
        "America\/Indiana\/Vevay": "வேவே, இண்டியானா",
        "America\/Indiana\/Vincennes": "விண்செனேஸ், இண்டியானா",
        "America\/Indiana\/Winamac": "வினாமேக், இண்டியானா",
        "America\/Indianapolis": "இண்டியானாபொலிஸ்",
        "America\/Inuvik": "இனுவிக்",
        "America\/Iqaluit": "இகாலூயித்",
        "America\/Jamaica": "ஜமைக்கா",
        "America\/Jujuy": "ஜூஜுய்",
        "America\/Juneau": "ஜுனியூ",
        "America\/Kentucky\/Monticello": "மான்டிசெல்லோ, கென்டக்கி",
        "America\/Kralendijk": "கிரெலன்டிஜ்",
        "America\/La_Paz": "லா பாஸ்",
        "America\/Lima": "லிமா",
        "America\/Los_Angeles": "லாஸ் ஏஞ்சல்ஸ்",
        "America\/Louisville": "லோய்ஸ்வில்லே",
        "America\/Lower_Princes": "லோயர் பிரின்ஸஸ் குவார்ட்டர்",
        "America\/Maceio": "மேகியோ",
        "America\/Managua": "மானாகுவா",
        "America\/Manaus": "மனாவுஸ்",
        "America\/Marigot": "மாரிகாட்",
        "America\/Martinique": "மார்ட்டினிக்",
        "America\/Matamoros": "மடமோராஸ்",
        "America\/Mazatlan": "மஸட்லன்",
        "America\/Mendoza": "மென்டோஸா",
        "America\/Menominee": "மெனோமி",
        "America\/Merida": "மெரிடா",
        "America\/Metlakatla": "மெட்லகட்லா",
        "America\/Mexico_City": "மெக்ஸிகோ நகரம்",
        "America\/Miquelon": "மிக்யூலன்",
        "America\/Moncton": "மாங்டான்",
        "America\/Monterrey": "மான்டெர்ரே",
        "America\/Montevideo": "மொண்டேவீடியோ",
        "America\/Montserrat": "மான்ஸ்ரேட்",
        "America\/Nassau": "நசவ்",
        "America\/New_York": "நியூயார்க்",
        "America\/Nipigon": "நிபிகான்",
        "America\/Nome": "நோம்",
        "America\/Noronha": "நோரன்ஹா",
        "America\/North_Dakota\/Beulah": "பெவுலா, வடக்கு டகோட்டா",
        "America\/North_Dakota\/Center": "மையம், வடக்கு டகோடா",
        "America\/North_Dakota\/New_Salem": "நியூ சலேம், வடக்கு டகோடா",
        "America\/Ojinaga": "ஒஜினகா",
        "America\/Panama": "பனாமா",
        "America\/Pangnirtung": "பாங்னிர்துங்",
        "America\/Paramaribo": "பரமரிபோ",
        "America\/Phoenix": "ஃபோனிக்ஸ்",
        "America\/Port-au-Prince": "போர்ட்-வ்-பிரின்ஸ்",
        "America\/Port_of_Spain": "போர்ட் ஆஃப் ஸ்பெயின்",
        "America\/Porto_Velho": "போர்ட்டோ வெல்ஹோ",
        "America\/Puerto_Rico": "புயர்டோ ரிகோ",
        "America\/Rainy_River": "ரெய்னி ரிவர்",
        "America\/Rankin_Inlet": "ரான்கின் இன்லெட்",
        "America\/Recife": "ரெஸிஃபி",
        "America\/Regina": "ரெகினா",
        "America\/Resolute": "ரெசலூட்",
        "America\/Rio_Branco": "ரியோ பிரான்கோ",
        "America\/Santa_Isabel": "சான்டா இசபெல்",
        "America\/Santarem": "சான்டரெம்",
        "America\/Santiago": "சாண்டியாகோ",
        "America\/Santo_Domingo": "சாண்டோ டோமிங்கோ",
        "America\/Sao_Paulo": "சவோ பவுலோ",
        "America\/Scoresbysund": "இடோகோர்டோர்மிட்",
        "America\/Sitka": "சிட்கா",
        "America\/St_Barthelemy": "செயின்ட் பார்தேலெமி",
        "America\/St_Johns": "செயின்ட் ஜான்ஸ்",
        "America\/St_Kitts": "செயின்ட் கீட்ஸ்",
        "America\/St_Lucia": "செயிண்ட் லூசியா",
        "America\/St_Thomas": "செயின்ட் தாமஸ்",
        "America\/St_Vincent": "செயிண்ட் வின்சென்ட்",
        "America\/Swift_Current": "ஸ்விஃப்ட் கரண்ட்",
        "America\/Tegucigalpa": "தெகுசிகல்பா",
        "America\/Thule": "துலே",
        "America\/Thunder_Bay": "தண்டர் பே",
        "America\/Tijuana": "டிஜுவானா",
        "America\/Toronto": "டொரொன்டோ",
        "America\/Tortola": "டோர்டோலா",
        "America\/Vancouver": "வாங்கூவர்",
        "America\/Whitehorse": "வொயிட்ஹார்ஸ்",
        "America\/Winnipeg": "வின்னிபெக்",
        "America\/Yakutat": "யகுடட்",
        "America\/Yellowknife": "யெல்லோநைஃப்",
        "Antarctica\/Casey": "கேஸி",
        "Antarctica\/Davis": "டேவிஸ்",
        "Antarctica\/DumontDUrville": "டூமாண்ட் டி’உர்வில்லி",
        "Antarctica\/Macquarie": "மேக்வாரி",
        "Antarctica\/Mawson": "மவுசன்",
        "Antarctica\/McMurdo": "மெக்மர்டோ",
        "Antarctica\/Palmer": "பால்மர்",
        "Antarctica\/Rothera": "ரோதேரா",
        "Antarctica\/Syowa": "ஸ்யோவா",
        "Antarctica\/Troll": "ட்ரோல்",
        "Antarctica\/Vostok": "வோஸ்டோக்",
        "Arctic\/Longyearbyen": "லாங்கர்பியன்",
        "Asia\/Aden": "ஏதேன்",
        "Asia\/Almaty": "அல்மாதி",
        "Asia\/Amman": "அம்மான்",
        "Asia\/Anadyr": "அனடீர்",
        "Asia\/Aqtau": "அக்தவ்",
        "Asia\/Aqtobe": "அக்டோப்",
        "Asia\/Ashgabat": "அஷ்காபாத்",
        "Asia\/Baghdad": "பாக்தாத்",
        "Asia\/Bahrain": "பஹ்ரெய்ன்",
        "Asia\/Baku": "பாக்கூ",
        "Asia\/Bangkok": "பாங்காக்",
        "Asia\/Beirut": "பெய்ரூட்",
        "Asia\/Bishkek": "பிஷ்கெக்",
        "Asia\/Brunei": "புருனே",
        "Asia\/Calcutta": "கொல்கத்தா",
        "Asia\/Choibalsan": "சோய்பால்சான்",
        "Asia\/Chongqing": "சாங்குயிங்",
        "Asia\/Colombo": "கொழும்பு",
        "Asia\/Damascus": "டமாஸ்கஸ்",
        "Asia\/Dhaka": "டாக்கா",
        "Asia\/Dili": "டிலி",
        "Asia\/Dubai": "துபாய்",
        "Asia\/Dushanbe": "துஷன்பே",
        "Asia\/Gaza": "காஸா",
        "Asia\/Harbin": "ஹர்பின்",
        "Asia\/Hebron": "ஹெப்ரான்",
        "Asia\/Hong_Kong": "ஹாங்காங்",
        "Asia\/Hovd": "ஹோவ்த்",
        "Asia\/Irkutsk": "இர்குட்ஸ்க்",
        "Asia\/Jakarta": "ஜகார்த்தா",
        "Asia\/Jayapura": "ஜெயபூரா",
        "Asia\/Jerusalem": "ஜெருசலேம்",
        "Asia\/Kabul": "காபூல்",
        "Asia\/Kamchatka": "காம்சட்கா",
        "Asia\/Karachi": "கராச்சி",
        "Asia\/Kashgar": "கஷ்கர்",
        "Asia\/Katmandu": "காத்மாண்டு",
        "Asia\/Khandyga": "கான்டிகா",
        "Asia\/Krasnoyarsk": "கிராஸ்னோயார்க்ஸ்",
        "Asia\/Kuala_Lumpur": "கோலாலம்பூர்",
        "Asia\/Kuching": "குசிங்",
        "Asia\/Kuwait": "குவைத்",
        "Asia\/Macau": "மகவ்",
        "Asia\/Magadan": "மகதன்",
        "Asia\/Makassar": "மக்கஸர்",
        "Asia\/Manila": "மணிலா",
        "Asia\/Muscat": "மஸ்கட்",
        "Asia\/Nicosia": "நிகோசியா",
        "Asia\/Novokuznetsk": "நோவோகுஸ்நெட்ஸ்க்",
        "Asia\/Novosibirsk": "நோவோசீபிர்ஸ்க்",
        "Asia\/Omsk": "ஓம்ஸ்க்",
        "Asia\/Oral": "ஓரல்",
        "Asia\/Phnom_Penh": "ஃப்னோம் பென்",
        "Asia\/Pontianak": "போன்டியானாக்",
        "Asia\/Pyongyang": "பியோங்கியாங்",
        "Asia\/Qatar": "கத்தார்",
        "Asia\/Qyzylorda": "கிஸிலோர்டா",
        "Asia\/Rangoon": "ரங்கூன்",
        "Asia\/Riyadh": "ரியாத்",
        "Asia\/Saigon": "ஹோ சி மின் சிட்டி",
        "Asia\/Sakhalin": "சகலின்",
        "Asia\/Samarkand": "சமார்கண்ட்",
        "Asia\/Seoul": "சியோல்",
        "Asia\/Shanghai": "ஷாங்காய்",
        "Asia\/Singapore": "சிங்கப்பூர்",
        "Asia\/Taipei": "தாய்பே",
        "Asia\/Tashkent": "தாஷ்கண்ட்",
        "Asia\/Tbilisi": "த்பிலிசி",
        "Asia\/Tehran": "டெஹ்ரான்",
        "Asia\/Thimphu": "திம்பு",
        "Asia\/Tokyo": "டோக்கியோ",
        "Asia\/Ulaanbaatar": "உலான்பாட்டர்",
        "Asia\/Urumqi": "உரும்கி",
        "Asia\/Ust-Nera": "உஸ்ட்-நேரா",
        "Asia\/Vientiane": "வியன்டியன்",
        "Asia\/Vladivostok": "விளாடிவொஸ்தோக்",
        "Asia\/Yakutsk": "யகுட்ஸ்க்",
        "Asia\/Yekaterinburg": "யெகாடிரின்பர்க்",
        "Asia\/Yerevan": "ஏரேவன்",
        "Atlantic\/Azores": "அசோரஸ்",
        "Atlantic\/Bermuda": "பெர்முடா",
        "Atlantic\/Canary": "கேனரி",
        "Atlantic\/Cape_Verde": "கேப் வெர்ட்",
        "Atlantic\/Faeroe": "பேரோ",
        "Atlantic\/Madeira": "மடிரா",
        "Atlantic\/Reykjavik": "ரேக்ஜாவிக்",
        "Atlantic\/South_Georgia": "தெற்கு ஜார்ஜியா",
        "Atlantic\/St_Helena": "செயின்ட் ஹெலினா",
        "Atlantic\/Stanley": "ஸ்டேன்லி",
        "Australia\/Adelaide": "அடிலெய்ட்",
        "Australia\/Brisbane": "பிரிஸ்பேன்",
        "Australia\/Broken_Hill": "புரோக்கன் ஹில்",
        "Australia\/Currie": "கியூரி",
        "Australia\/Darwin": "டார்வின்",
        "Australia\/Eucla": "யூக்லா",
        "Australia\/Hobart": "ஹொபார்ட்",
        "Australia\/Lindeman": "லின்டெமன்",
        "Australia\/Lord_Howe": "லார்டு ஹோவே",
        "Australia\/Melbourne": "மெல்போர்ன்",
        "Australia\/Perth": "பெர்த்",
        "Australia\/Sydney": "சிட்னி",
        "Etc\/Unknown": "தெரியாத நகரம்",
        "Europe\/Amsterdam": "ஆம்ஸ்டர்டம்",
        "Europe\/Andorra": "அண்டோரா",
        "Europe\/Athens": "ஏதேன்ஸ்",
        "Europe\/Belgrade": "பெல்க்ரேடு",
        "Europe\/Berlin": "பெர்லின்",
        "Europe\/Bratislava": "பிரடிஸ்லாவா",
        "Europe\/Brussels": "புருசேல்ஸ்",
        "Europe\/Bucharest": "புசாரெஸ்ட்",
        "Europe\/Budapest": "புடாபெஸ்ட்",
        "Europe\/Busingen": "பசிங்ஜென்",
        "Europe\/Chisinau": "சிசினவ்",
        "Europe\/Copenhagen": "கோபென்ஹகன்",
        "Europe\/Dublin": "டப்ளின்",
        "Europe\/Gibraltar": "ஜிப்ரால்டர்",
        "Europe\/Guernsey": "கர்னஸே",
        "Europe\/Helsinki": "ஹெல்சிங்கி",
        "Europe\/Isle_of_Man": "ஐல் ஆஃப் மேன்",
        "Europe\/Istanbul": "இஸ்தான்புல்",
        "Europe\/Jersey": "ஜெர்சி",
        "Europe\/Kaliningrad": "கலினின்கிராடு",
        "Europe\/Kiev": "கீவ்",
        "Europe\/Lisbon": "லிஸ்பன்",
        "Europe\/Ljubljana": "லுஜுபுல்ஜானா",
        "Europe\/London": "லண்டன்",
        "Europe\/Luxembourg": "லக்சம்பர்க்",
        "Europe\/Madrid": "மாட்ரிட்",
        "Europe\/Malta": "மால்டா",
        "Europe\/Mariehamn": "மரிஹமன்",
        "Europe\/Minsk": "மின்ஸ்க்",
        "Europe\/Monaco": "மொனாக்கோ",
        "Europe\/Moscow": "மாஸ்கோ",
        "Europe\/Oslo": "ஓஸ்லோ",
        "Europe\/Paris": "பாரிஸ்",
        "Europe\/Podgorica": "போட்கோரிகா",
        "Europe\/Prague": "ப்ராக்",
        "Europe\/Riga": "ரிகா",
        "Europe\/Rome": "ரோம்",
        "Europe\/Samara": "சமாரா",
        "Europe\/San_Marino": "சான் மாரினோ",
        "Europe\/Sarajevo": "சராஜேவோ",
        "Europe\/Simferopol": "சிம்ஃபெரோபோல்",
        "Europe\/Skopje": "ஸ்கோப்ஜே",
        "Europe\/Sofia": "சோஃபியா",
        "Europe\/Stockholm": "ஸ்டாக்ஹோம்",
        "Europe\/Tallinn": "டலின்",
        "Europe\/Tirane": "திரானே",
        "Europe\/Uzhgorod": "உஜ்கோரோட்",
        "Europe\/Vaduz": "வதுஸ்",
        "Europe\/Vatican": "வாடிகன்",
        "Europe\/Vienna": "வியன்னா",
        "Europe\/Vilnius": "வில்னியஸ்",
        "Europe\/Volgograd": "வோல்கோகிராட்",
        "Europe\/Warsaw": "வார்ஸா",
        "Europe\/Zagreb": "ஸக்ரெப்",
        "Europe\/Zaporozhye": "ஜபோரோஸியே",
        "Europe\/Zurich": "ஜூரிச்",
        "Indian\/Antananarivo": "ஆண்டனநரிவோ",
        "Indian\/Chagos": "சாகோஸ்",
        "Indian\/Christmas": "கிறிஸ்துமஸ்",
        "Indian\/Cocos": "கோகோஸ்",
        "Indian\/Comoro": "கொமரோ",
        "Indian\/Kerguelen": "கெர்யூலென்",
        "Indian\/Mahe": "மாஹி",
        "Indian\/Maldives": "மாலத்தீவுகள்",
        "Indian\/Mauritius": "மொரிஷியஸ்",
        "Indian\/Mayotte": "மயோட்டி",
        "Indian\/Reunion": "ரியூனியன்",
        "Pacific\/Apia": "அபியா",
        "Pacific\/Auckland": "ஆக்லாந்து",
        "Pacific\/Chatham": "சாதம்",
        "Pacific\/Easter": "ஈஸ்டர்",
        "Pacific\/Efate": "ஈஃபேட்",
        "Pacific\/Enderbury": "எண்டர்பரி",
        "Pacific\/Fakaofo": "ஃபகாஃபோ",
        "Pacific\/Fiji": "ஃபிஜி",
        "Pacific\/Funafuti": "ஃபுனாஃபுடி",
        "Pacific\/Galapagos": "கலபகோஸ்",
        "Pacific\/Gambier": "கேம்பியர்",
        "Pacific\/Guadalcanal": "கவுடால்கேனல்",
        "Pacific\/Guam": "குவாம்",
        "Pacific\/Honolulu": "ஹோனோலூலூ",
        "Pacific\/Johnston": "ஜோன்ஸ்டன்",
        "Pacific\/Kiritimati": "கிரிடிமடி",
        "Pacific\/Kosrae": "கோஸ்ரே",
        "Pacific\/Kwajalein": "க்வாஜாலீயன்",
        "Pacific\/Majuro": "மஜுரோ",
        "Pacific\/Marquesas": "மார்குசாஸ்",
        "Pacific\/Midway": "மிட்வே",
        "Pacific\/Nauru": "நவ்ரூ",
        "Pacific\/Niue": "நியு",
        "Pacific\/Norfolk": "நார்ஃபோக்",
        "Pacific\/Noumea": "நவுமியா",
        "Pacific\/Pago_Pago": "பேகோ பேகோ",
        "Pacific\/Palau": "பாலவ்",
        "Pacific\/Pitcairn": "பிட்காரின்",
        "Pacific\/Ponape": "ஃபோன்பெய்",
        "Pacific\/Port_Moresby": "போர்ட் மோர்ஸ்பை",
        "Pacific\/Rarotonga": "ரரோடோங்கா",
        "Pacific\/Saipan": "சைபன்",
        "Pacific\/Tahiti": "தாஹிதி",
        "Pacific\/Tarawa": "தராவா",
        "Pacific\/Tongatapu": "டோன்கடப்பு",
        "Pacific\/Truk": "சூக்",
        "Pacific\/Wake": "வேக்",
        "Pacific\/Wallis": "வாலிஸ்"
    }
}
