{
    "Version": "2.1.8.9",
    "Names": {
        "Africa\/Abidjan": "అబిడ్జాన్",
        "Africa\/Accra": "అక్రా",
        "Africa\/Addis_Ababa": "యాడిస్ అబాబా",
        "Africa\/Algiers": "అల్జియర్స్",
        "Africa\/Asmera": "అస్మారా",
        "Africa\/Bamako": "బామాకో",
        "Africa\/Bangui": "బాంగుయ్",
        "Africa\/Banjul": "బంజూల్",
        "Africa\/Bissau": "బిస్సావ్",
        "Africa\/Blantyre": "బ్లాన్టైర్",
        "Africa\/Brazzaville": "బ్రాజావిల్లే",
        "Africa\/Bujumbura": "బుజమ్బురా",
        "Africa\/Cairo": "కైరో",
        "Africa\/Casablanca": "కాసాబ్లాంకా",
        "Africa\/Ceuta": "స్యూటా",
        "Africa\/Conakry": "కోనాక్రీ",
        "Africa\/Dakar": "డకార్",
        "Africa\/Dar_es_Salaam": "దార్ ఎ సలామ్",
        "Africa\/Djibouti": "డిజ్బౌటి",
        "Africa\/Douala": "డౌలా",
        "Africa\/El_Aaiun": "ఎల్ ఎయున్",
        "Africa\/Freetown": "ఫ్రీటౌన్",
        "Africa\/Gaborone": "గబోరోన్",
        "Africa\/Harare": "హరారే",
        "Africa\/Johannesburg": "జొహెన్స్‌బర్గ్",
        "Africa\/Juba": "జుబా",
        "Africa\/Kampala": "కంపాలా",
        "Africa\/Khartoum": "ఖార్టోమ్",
        "Africa\/Kigali": "కీగలి",
        "Africa\/Kinshasa": "కిన్షాసా",
        "Africa\/Lagos": "లాగోస్",
        "Africa\/Libreville": "లెబర్విల్లే",
        "Africa\/Lome": "లోమ్",
        "Africa\/Luanda": "లువాండా",
        "Africa\/Lubumbashi": "లుబంబాషి",
        "Africa\/Lusaka": "లుసాకా",
        "Africa\/Malabo": "మలాబో",
        "Africa\/Maputo": "మాపుటో",
        "Africa\/Maseru": "మసేరు",
        "Africa\/Mbabane": "బాబెన్",
        "Africa\/Mogadishu": "మోగాదిషు",
        "Africa\/Monrovia": "మోన్రోవియా",
        "Africa\/Nairobi": "నైరోబీ",
        "Africa\/Ndjamena": "డ్జామెనా",
        "Africa\/Niamey": "నియామే",
        "Africa\/Nouakchott": "న్వాక్షోట్",
        "Africa\/Ouagadougou": "ఔగాడౌగోవ్",
        "Africa\/Porto-Novo": "పోర్టో-నోవో",
        "Africa\/Sao_Tome": "సావో టోమ్",
        "Africa\/Tripoli": "ట్రిపోలి",
        "Africa\/Tunis": "ట్యునిస్",
        "Africa\/Windhoek": "విండ్హోక్",
        "America\/Adak": "అడాక్",
        "America\/Anchorage": "యాంకరేజ్",
        "America\/Anguilla": "ఆంగ్విలా",
        "America\/Antigua": "అంటిగ్వా",
        "America\/Araguaina": "అరాగ్వేయీనా",
        "America\/Argentina\/La_Rioja": "లా రియోజ",
        "America\/Argentina\/Rio_Gallegos": "రియో గల్లేగోస్",
        "America\/Argentina\/Salta": "సాల్టా",
        "America\/Argentina\/San_Juan": "శాన్ జ్యూన్",
        "America\/Argentina\/San_Luis": "శాన్ లూయిస్",
        "America\/Argentina\/Tucuman": "టుకుమన్",
        "America\/Argentina\/Ushuaia": "ఉష్యూయ",
        "America\/Aruba": "అరుబా",
        "America\/Asuncion": "అసున్సియోన్",
        "America\/Bahia": "బహియ",
        "America\/Bahia_Banderas": "బహియా బండరాస్",
        "America\/Barbados": "బార్బడోస్",
        "America\/Belem": "బెలెమ్",
        "America\/Belize": "బెలీజ్",
        "America\/Blanc-Sablon": "బ్లాంక్-సబ్లోన్",
        "America\/Boa_Vista": "బోవా విస్టా",
        "America\/Bogota": "బగోటా",
        "America\/Boise": "బొయిసీ",
        "America\/Buenos_Aires": "బ్యూనోస్ ఎయిర్స్",
        "America\/Cambridge_Bay": "కేంబ్రిడ్జ్ బే",
        "America\/Campo_Grande": "కాంపో గ్రాండ్",
        "America\/Cancun": "కన్‌కూన్",
        "America\/Caracas": "కారాకస్",
        "America\/Catamarca": "కటమార్కా",
        "America\/Cayenne": "కయేన్",
        "America\/Cayman": "కేమాన్",
        "America\/Chicago": "చికాగో",
        "America\/Chihuahua": "చువావా",
        "America\/Coral_Harbour": "అటికోకన్",
        "America\/Cordoba": "కోర్బోడా",
        "America\/Costa_Rica": "కోస్టా రికా",
        "America\/Creston": "క్రెస్టన్",
        "America\/Cuiaba": "కుయోబే",
        "America\/Curacao": "కురాకవో",
        "America\/Danmarkshavn": "డెన్మార్క్శ్వాన్",
        "America\/Dawson": "డాసన్",
        "America\/Dawson_Creek": "డాసన్ క్రీక్",
        "America\/Denver": "డెన్వెర్",
        "America\/Detroit": "డిట్రోయిట్",
        "America\/Dominica": "డొమినికా",
        "America\/Edmonton": "ఎడ్మోంటన్",
        "America\/Eirunepe": "ఇరునెప్",
        "America\/El_Salvador": "ఎల్ సాల్వడోర్",
        "America\/Fortaleza": "ఫార్ట్లెజా",
        "America\/Glace_Bay": "గ్లేస్ బే",
        "America\/Godthab": "గాడ్తాబ్",
        "America\/Goose_Bay": "గూస్ బే",
        "America\/Grand_Turk": "గ్రాండ్ టర్క్",
        "America\/Grenada": "గ్రెనడా",
        "America\/Guadeloupe": "గ్వాడెలోప్",
        "America\/Guatemala": "గ్వాటిమాలా",
        "America\/Guayaquil": "గయాక్విల్",
        "America\/Guyana": "గయానా",
        "America\/Halifax": "హలుఫాక్స్",
        "America\/Havana": "హవానా",
        "America\/Hermosillo": "హెర్మోసిల్లో",
        "America\/Indiana\/Knox": "నోక్స్, ఇండియాన",
        "America\/Indiana\/Marengo": "మరెంగో, ఇండియాన",
        "America\/Indiana\/Petersburg": "పీటర్స్‌బర్గ్, ఇండియాన",
        "America\/Indiana\/Tell_City": "టెల్ నగరం, ఇండియాన",
        "America\/Indiana\/Vevay": "వెవయ్, ఇండియాన",
        "America\/Indiana\/Vincennes": "విన్‌సెన్నెస్, ఇండియాన",
        "America\/Indiana\/Winamac": "వినిమాక్, ఇండియాన",
        "America\/Indianapolis": "ఇండియానపోలిస్",
        "America\/Inuvik": "ఇనువిక్",
        "America\/Iqaluit": "ఇక్వాలిట్",
        "America\/Jamaica": "జమైకా",
        "America\/Jujuy": "జుజుయ్",
        "America\/Juneau": "జోనొవ్",
        "America\/Kentucky\/Monticello": "మోంటిసెల్లో, కెన్‌టుక్కీ",
        "America\/Kralendijk": "క్రలెండ్జిక్",
        "America\/La_Paz": "లా పాజ్",
        "America\/Lima": "లిమా",
        "America\/Los_Angeles": "లాస్ ఏంజల్స్",
        "America\/Louisville": "లూయివిల్",
        "America\/Lower_Princes": "లోయర్ ప్రిన్స్ క్వార్టర్",
        "America\/Maceio": "మాసియో",
        "America\/Managua": "మనాగువా",
        "America\/Manaus": "మనాస్",
        "America\/Marigot": "మారిగోట్",
        "America\/Martinique": "మార్టినీక్",
        "America\/Matamoros": "మాటమొరోస్",
        "America\/Mazatlan": "మాసట్‌లాన్",
        "America\/Mendoza": "మెండోజా",
        "America\/Menominee": "మెనోమినీ",
        "America\/Merida": "మెరిడా",
        "America\/Metlakatla": "మెట్లకట్ల",
        "America\/Mexico_City": "మెక్సికో నగరం",
        "America\/Miquelon": "మిక్వెలాన్",
        "America\/Moncton": "మోన్‌క్టోన్",
        "America\/Monterrey": "మోంటెర్రే",
        "America\/Montevideo": "మోంటెవీడియో",
        "America\/Montserrat": "మోంటిసిరాట్",
        "America\/Nassau": "నాస్సావ్",
        "America\/New_York": "న్యూయార్క్",
        "America\/Nipigon": "నిపిగోన్",
        "America\/Nome": "నోమ్",
        "America\/Noronha": "నరోన్హా",
        "America\/North_Dakota\/Beulah": "బ్యులా, ఉత్తర డకోట",
        "America\/North_Dakota\/Center": "సెంట్రల్, ఉత్తర డకోటా",
        "America\/North_Dakota\/New_Salem": "న్యూ సలేమ్, ఉత్తర డకోట",
        "America\/Ojinaga": "ఒజినగ",
        "America\/Panama": "పనామా",
        "America\/Pangnirtung": "పాంగ్‌నీర్‌టుంగ్",
        "America\/Paramaribo": "పరామారిబో",
        "America\/Phoenix": "ఫినిక్స్",
        "America\/Port-au-Prince": "పోర్ట్-అవ్-ప్రిన్స్",
        "America\/Port_of_Spain": "పోర్ట్ ఆఫ్ స్పెయిన్",
        "America\/Porto_Velho": "పోర్టో వెల్హో",
        "America\/Puerto_Rico": "ప్యూర్టో రికో",
        "America\/Rainy_River": "రెయినీ రివర్",
        "America\/Rankin_Inlet": "రన్‌కిన్ ఇన్‌లెట్",
        "America\/Recife": "రెసిఫీ",
        "America\/Regina": "రెజీనా",
        "America\/Resolute": "రిజల్యూట్",
        "America\/Rio_Branco": "రియో బ్రాంకో",
        "America\/Santa_Isabel": "శాంటా ఇసబెల్",
        "America\/Santarem": "సాంటరెమ్",
        "America\/Santiago": "శాంటియాగో",
        "America\/Santo_Domingo": "శాంటో డోమింగో",
        "America\/Sao_Paulo": "సావో పాలో",
        "America\/Scoresbysund": "స్కోర్స్బైసుండ్",
        "America\/Sitka": "సిట్కా",
        "America\/St_Barthelemy": "సెయింట్ బర్తెలెమీ",
        "America\/St_Johns": "సె. జాన్స్",
        "America\/St_Kitts": "సెయింట్ కిట్స్",
        "America\/St_Lucia": "సెయింట్ లూసియా",
        "America\/St_Thomas": "సెయింట్ థామస్",
        "America\/St_Vincent": "సెయింట్ విన్సెంట్",
        "America\/Swift_Current": "స్విఫ్ట్ కరెంట్",
        "America\/Tegucigalpa": "తెగుసిగల్పా",
        "America\/Thule": "థులే",
        "America\/Thunder_Bay": "థండర్ బే",
        "America\/Tijuana": "తిజ్యునా",
        "America\/Toronto": "టొరంటో",
        "America\/Tortola": "టోర్టోలా",
        "America\/Vancouver": "వాన్కూవర్",
        "America\/Whitehorse": "వైట్‌హార్స్",
        "America\/Winnipeg": "విన్నిపెగ్",
        "America\/Yakutat": "యకుటాట్",
        "America\/Yellowknife": "ఎల్లోనైఫ్",
        "Antarctica\/Casey": "కేసీ",
        "Antarctica\/Davis": "డెవిస్",
        "Antarctica\/DumontDUrville": "డ్యుమాంట్ డ్యుర్విల్లీ",
        "Antarctica\/Macquarie": "మకారీ",
        "Antarctica\/Mawson": "మాసన్",
        "Antarctica\/McMurdo": "మెక్ముర్డో",
        "Antarctica\/Palmer": "పాల్మర్",
        "Antarctica\/Rothera": "రొతేరా",
        "Antarctica\/Syowa": "స్యోవా",
        "Antarctica\/Troll": "ట్రోల్",
        "Antarctica\/Vostok": "వోస్టోక్",
        "Arctic\/Longyearbyen": "లాంగ్‌యియర్‌బైయన్",
        "Asia\/Aden": "ఎడెన్",
        "Asia\/Almaty": "ఆల్మాటి",
        "Asia\/Amman": "అమ్మన్",
        "Asia\/Anadyr": "అనడైర్",
        "Asia\/Aqtau": "అక్టావ్",
        "Asia\/Aqtobe": "అక్టోబ్",
        "Asia\/Ashgabat": "యాష్గాబాట్",
        "Asia\/Baghdad": "బాగ్దాద్",
        "Asia\/Bahrain": "బహ్రెయిన్",
        "Asia\/Baku": "బాకు",
        "Asia\/Bangkok": "బ్యాంకాక్",
        "Asia\/Beirut": "బీరట్",
        "Asia\/Bishkek": "బిష్కెక్",
        "Asia\/Brunei": "బ్రూనై",
        "Asia\/Calcutta": "కోల్‌కతా",
        "Asia\/Choibalsan": "చోయిబాల్సన్",
        "Asia\/Chongqing": "చోంగో‌క్వింగ్",
        "Asia\/Colombo": "కొలంబో",
        "Asia\/Damascus": "డమాస్కస్",
        "Asia\/Dhaka": "ఢాకా",
        "Asia\/Dili": "డిలి",
        "Asia\/Dubai": "దుబాయి",
        "Asia\/Dushanbe": "డుషన్బీ",
        "Asia\/Gaza": "గాజా",
        "Asia\/Harbin": "హర్బిన్",
        "Asia\/Hebron": "హెబ్రాన్",
        "Asia\/Hong_Kong": "హాంకాంగ్",
        "Asia\/Hovd": "హోవడ్",
        "Asia\/Irkutsk": "ఇర్కుట్స్క్",
        "Asia\/Jakarta": "జకార్తా",
        "Asia\/Jayapura": "జయపుర",
        "Asia\/Jerusalem": "జరూసలేం",
        "Asia\/Kabul": "కాబుల్",
        "Asia\/Kamchatka": "కమ్‌చత్కా",
        "Asia\/Karachi": "కరాచీ",
        "Asia\/Kashgar": "కాష్‌గర్",
        "Asia\/Katmandu": "ఖాట్మండు",
        "Asia\/Khandyga": "కంద్యాగ",
        "Asia\/Krasnoyarsk": "క్రసనోయార్స్క్",
        "Asia\/Kuala_Lumpur": "కౌలాలంపూర్",
        "Asia\/Kuching": "కుచింగ్",
        "Asia\/Kuwait": "కువైట్",
        "Asia\/Macau": "మకావ్",
        "Asia\/Magadan": "మగడాన్",
        "Asia\/Makassar": "మకాస్సర్",
        "Asia\/Manila": "మనీలా",
        "Asia\/Muscat": "మస్కట్",
        "Asia\/Nicosia": "నికోసియా",
        "Asia\/Novokuznetsk": "నొవొకుజ్‌నెట్‌స్క్",
        "Asia\/Novosibirsk": "నవోసిబిర్స్క్",
        "Asia\/Omsk": "ఓమ్స్క్",
        "Asia\/Oral": "ఓరల్",
        "Asia\/Phnom_Penh": "నోమ్‌పెన్హ్",
        "Asia\/Pontianak": "పొన్టియనాక్",
        "Asia\/Pyongyang": "ప్యోంగాంగ్",
        "Asia\/Qatar": "ఖతార్",
        "Asia\/Qyzylorda": "క్విజిలోర్డా",
        "Asia\/Rangoon": "రంగూన్",
        "Asia\/Riyadh": "రియాధ్",
        "Asia\/Saigon": "హో చి మిన్హ్ నగరం",
        "Asia\/Sakhalin": "సఖాలిన్",
        "Asia\/Samarkand": "సమర్కాండ్",
        "Asia\/Seoul": "సియోల్",
        "Asia\/Shanghai": "షాంఘై",
        "Asia\/Singapore": "సింగపూర్",
        "Asia\/Taipei": "తైపీ",
        "Asia\/Tashkent": "తాష్కెంట్",
        "Asia\/Tbilisi": "టిబిలిసి",
        "Asia\/Tehran": "టెహ్రాన్",
        "Asia\/Thimphu": "థింఫు",
        "Asia\/Tokyo": "టోక్యో",
        "Asia\/Ulaanbaatar": "ఉలాన్బాటర్",
        "Asia\/Urumqi": "ఉరుమ్‌కీ",
        "Asia\/Ust-Nera": "అస్ట్-నెరా",
        "Asia\/Vientiane": "వియన్టైన్",
        "Asia\/Vladivostok": "వ్లాడివోస్టోక్",
        "Asia\/Yakutsk": "యకుట్స్క్",
        "Asia\/Yekaterinburg": "యెకటెరింగ్‌బర్గ్",
        "Asia\/Yerevan": "యెరెవన్",
        "Atlantic\/Azores": "అజోర్స్",
        "Atlantic\/Bermuda": "బెర్ముడా",
        "Atlantic\/Canary": "కెనరీ",
        "Atlantic\/Cape_Verde": "కేప్ వెర్డె",
        "Atlantic\/Faeroe": "ఫారో",
        "Atlantic\/Madeira": "మదైరా",
        "Atlantic\/Reykjavik": "రెక్జావిక్",
        "Atlantic\/South_Georgia": "దక్షిణ జార్జియా",
        "Atlantic\/St_Helena": "సెయింట్ హెలెనా",
        "Atlantic\/Stanley": "స్టాన్లీ",
        "Australia\/Adelaide": "అడెలైడ్",
        "Australia\/Brisbane": "బ్రిస్‌బెయిన్",
        "Australia\/Broken_Hill": "బ్రోకెన్ హిల్",
        "Australia\/Currie": "కుర్రియే",
        "Australia\/Darwin": "డార్విన్",
        "Australia\/Eucla": "యుక్లా",
        "Australia\/Hobart": "హోబర్ట్",
        "Australia\/Lindeman": "లిండెమాన్",
        "Australia\/Lord_Howe": "లార్డ్ హౌ",
        "Australia\/Melbourne": "మెల్బోర్న్",
        "Australia\/Perth": "పెర్త్",
        "Australia\/Sydney": "సిడ్నీ",
        "Etc\/Unknown": "తెలియని నగరం",
        "Europe\/Amsterdam": "ఆమ్‌స్టర్‌డామ్",
        "Europe\/Andorra": "అండోరా",
        "Europe\/Athens": "ఏథెన్స్",
        "Europe\/Belgrade": "బెల్‌గ్రేడ్",
        "Europe\/Berlin": "బెర్లిన్",
        "Europe\/Bratislava": "బ్రటీష్‌వాలా",
        "Europe\/Brussels": "బ్రస్సెల్స్",
        "Europe\/Bucharest": "బుకారెస్ట్",
        "Europe\/Budapest": "బుడాపెస్ట్",
        "Europe\/Busingen": "బసింజన్",
        "Europe\/Chisinau": "చిసినావ్",
        "Europe\/Copenhagen": "కోపెన్హాగన్",
        "Europe\/Dublin": "డబ్లిన్",
        "Europe\/Gibraltar": "జిబ్రాల్టర్",
        "Europe\/Guernsey": "గ్వెర్న్సే",
        "Europe\/Helsinki": "హెల్సింకి",
        "Europe\/Isle_of_Man": "ఐల్ ఆఫ్ మేన్",
        "Europe\/Istanbul": "ఇస్తాంబుల్",
        "Europe\/Jersey": "జెర్సీ",
        "Europe\/Kaliningrad": "కలినిన్‌గ్రద్",
        "Europe\/Kiev": "కీవ్",
        "Europe\/Lisbon": "లిస్బన్",
        "Europe\/Ljubljana": "ల్యూబ్ల్యానా",
        "Europe\/London": "లండన్",
        "Europe\/Luxembourg": "లక్సెంబర్గ్",
        "Europe\/Madrid": "మాడ్రిడ్",
        "Europe\/Malta": "మాల్టా",
        "Europe\/Mariehamn": "మారీయుహమ్",
        "Europe\/Minsk": "మిన్స్క్",
        "Europe\/Monaco": "మొనాకో",
        "Europe\/Moscow": "మాస్కో",
        "Europe\/Oslo": "ఓస్లో",
        "Europe\/Paris": "ప్యారిస్",
        "Europe\/Podgorica": "పోడ్గోరికా",
        "Europe\/Prague": "ప్రాగ్",
        "Europe\/Riga": "రీగా",
        "Europe\/Rome": "రోమ్",
        "Europe\/Samara": "సమార",
        "Europe\/San_Marino": "శాన్ మారినో",
        "Europe\/Sarajevo": "సరాజోవో",
        "Europe\/Simferopol": "సిమ్‌ఫెరోపోల్",
        "Europe\/Skopje": "స్కోప్‌యే",
        "Europe\/Sofia": "సోఫియా",
        "Europe\/Stockholm": "స్టాక్హోమ్",
        "Europe\/Tallinn": "తాల్లిన్",
        "Europe\/Tirane": "టిరేన్",
        "Europe\/Uzhgorod": "ఉజుగోరోడ్",
        "Europe\/Vaduz": "వాడుజ్",
        "Europe\/Vatican": "వాటికన్",
        "Europe\/Vienna": "వియన్నా",
        "Europe\/Vilnius": "విల్నియస్",
        "Europe\/Volgograd": "వోల్గోగ్రాడ్",
        "Europe\/Warsaw": "వార్షా",
        "Europe\/Zagreb": "జాగ్రెబ్",
        "Europe\/Zaporozhye": "జపరోజై",
        "Europe\/Zurich": "జ్యూరిచ్",
        "Indian\/Antananarivo": "అంటానానారివో",
        "Indian\/Chagos": "చాగోస్",
        "Indian\/Christmas": "క్రిస్మస్",
        "Indian\/Cocos": "కోకాస్",
        "Indian\/Comoro": "కొమోరో",
        "Indian\/Kerguelen": "కెర్గ్యూలెన్",
        "Indian\/Mahe": "మాహె",
        "Indian\/Maldives": "మాల్దీవులు",
        "Indian\/Mauritius": "మారిషస్",
        "Indian\/Mayotte": "మయోట్టి",
        "Indian\/Reunion": "రీయూనియన్",
        "Pacific\/Apia": "ఏపియా",
        "Pacific\/Auckland": "ఆక్లాండ్",
        "Pacific\/Chatham": "ఛతం",
        "Pacific\/Easter": "ఈస్టర్",
        "Pacific\/Efate": "ఇఫేట్",
        "Pacific\/Enderbury": "ఎండర్బెరీ",
        "Pacific\/Fakaofo": "ఫాకావ్ఫో",
        "Pacific\/Fiji": "ఫీజీ",
        "Pacific\/Funafuti": "ఫునాఫుటి",
        "Pacific\/Galapagos": "గాలాపాగోస్",
        "Pacific\/Gambier": "గాంబియేర్",
        "Pacific\/Guadalcanal": "గ్వాడల్కెనాల్",
        "Pacific\/Guam": "గ్వామ్",
        "Pacific\/Honolulu": "హోనోలులు",
        "Pacific\/Johnston": "జాన్సటన్",
        "Pacific\/Kiritimati": "కిరీటిమాటి",
        "Pacific\/Kosrae": "కోస్రే",
        "Pacific\/Kwajalein": "క్వాజాలైన్",
        "Pacific\/Majuro": "మజురో",
        "Pacific\/Marquesas": "మార్క్వేసాస్",
        "Pacific\/Midway": "మిడ్వే",
        "Pacific\/Nauru": "నౌరు",
        "Pacific\/Niue": "నియూ",
        "Pacific\/Norfolk": "నోర్ఫోక్",
        "Pacific\/Noumea": "నౌమియా",
        "Pacific\/Pago_Pago": "పాగో పాగో",
        "Pacific\/Palau": "పాలావ్",
        "Pacific\/Pitcairn": "పిట్కెయిర్న్",
        "Pacific\/Ponape": "పోన్‌పై",
        "Pacific\/Port_Moresby": "పోర్ట్ మోరెస్బే",
        "Pacific\/Rarotonga": "రరోటోంగా",
        "Pacific\/Saipan": "సాయ్పాన్",
        "Pacific\/Tahiti": "తహితి",
        "Pacific\/Tarawa": "టరావా",
        "Pacific\/Tongatapu": "టోంగాటాపు",
        "Pacific\/Truk": "చుక్",
        "Pacific\/Wake": "వేక్",
        "Pacific\/Wallis": "వాల్లిస్"
    }
}
