{
    "Version": "2.1.8.9",
    "Names": {
        "Africa\/Abidjan": "อาบีจาน",
        "Africa\/Accra": "อักกรา",
        "Africa\/Addis_Ababa": "แอดดิสอาบาบา",
        "Africa\/Algiers": "แอลเจียร์",
        "Africa\/Asmera": "แอสมารา",
        "Africa\/Bamako": "บามาโก",
        "Africa\/Bangui": "บังกี",
        "Africa\/Banjul": "บันจูล",
        "Africa\/Bissau": "บิสเซา",
        "Africa\/Blantyre": "แบลนไทร์",
        "Africa\/Brazzaville": "บราซซาวิล",
        "Africa\/Bujumbura": "บูจุมบูรา",
        "Africa\/Cairo": "ไคโร",
        "Africa\/Casablanca": "คาสซาบลางก้า",
        "Africa\/Ceuta": "เซวตา",
        "Africa\/Conakry": "โกนากรี",
        "Africa\/Dakar": "ดาการ์",
        "Africa\/Dar_es_Salaam": "ดาร์เอสซาลาม",
        "Africa\/Djibouti": "จิบูตี",
        "Africa\/Douala": "ดูอาลา",
        "Africa\/El_Aaiun": "เอลไอย์อุง",
        "Africa\/Freetown": "ฟรีทาวน์",
        "Africa\/Gaborone": "กาโบโรเน",
        "Africa\/Harare": "ฮาราเร",
        "Africa\/Johannesburg": "โจฮันเนสเบอร์ก",
        "Africa\/Juba": "จูบา",
        "Africa\/Kampala": "คัมพาลา",
        "Africa\/Khartoum": "คาร์ทูม",
        "Africa\/Kigali": "คิกาลี",
        "Africa\/Kinshasa": "กินชาซา",
        "Africa\/Lagos": "ลากอส",
        "Africa\/Libreville": "ลีเบรอวิล",
        "Africa\/Lome": "โลเม",
        "Africa\/Luanda": "ลูอันดา",
        "Africa\/Lubumbashi": "ลูบัมบาชิ",
        "Africa\/Lusaka": "ลูซากา",
        "Africa\/Malabo": "มาลาโบ",
        "Africa\/Maputo": "มาปูโต",
        "Africa\/Maseru": "มาเซรู",
        "Africa\/Mbabane": "อัมบาบาเน",
        "Africa\/Mogadishu": "โมกาดิชู",
        "Africa\/Monrovia": "มันโรเวีย",
        "Africa\/Nairobi": "ไนโรเบีย",
        "Africa\/Ndjamena": "เอ็นจาเมนา",
        "Africa\/Niamey": "นีอาเมย์",
        "Africa\/Nouakchott": "นูแอกชอต",
        "Africa\/Ouagadougou": "วากาดูกู",
        "Africa\/Porto-Novo": "ปอร์โต-โนโว",
        "Africa\/Sao_Tome": "เซาตูเม",
        "Africa\/Tripoli": "ตรีโปลี",
        "Africa\/Tunis": "ตูนิส",
        "Africa\/Windhoek": "วินด์ฮุก",
        "America\/Adak": "เอดัก",
        "America\/Anchorage": "แองเคอเรจ",
        "America\/Anguilla": "แองกิลลา",
        "America\/Antigua": "แอนติกา",
        "America\/Araguaina": "อารากัวนา",
        "America\/Argentina\/La_Rioja": "ลาริโอจา",
        "America\/Argentina\/Rio_Gallegos": "ริโอกาลเลกอส",
        "America\/Argentina\/Salta": "ซัลตา",
        "America\/Argentina\/San_Juan": "ซานฮวน",
        "America\/Argentina\/San_Luis": "ซันลูอิส",
        "America\/Argentina\/Tucuman": "ทูคูแมน",
        "America\/Argentina\/Ushuaia": "อูชูเอีย",
        "America\/Aruba": "อารูบา",
        "America\/Asuncion": "อะซุนซิออง",
        "America\/Bahia": "บาเยีย",
        "America\/Bahia_Banderas": "บาเอียบันเดรัส",
        "America\/Barbados": "บาร์เบโดส",
        "America\/Belem": "เบเลง",
        "America\/Belize": "เบลีซ",
        "America\/Blanc-Sablon": "บลังค์-ซาบลอน",
        "America\/Boa_Vista": "บัววีชตา",
        "America\/Bogota": "โบโกตา",
        "America\/Boise": "บอยซี",
        "America\/Buenos_Aires": "บัวโนสไอเรส",
        "America\/Cambridge_Bay": "อ่าวแคมบริดจ์",
        "America\/Campo_Grande": "กัมปูกรันดี",
        "America\/Cancun": "แคนคุน",
        "America\/Caracas": "คาราคัส",
        "America\/Catamarca": "กาตามาร์กา",
        "America\/Cayenne": "กาแยน",
        "America\/Cayman": "เคย์แมน",
        "America\/Chicago": "ชิคาโก",
        "America\/Chihuahua": "ชีวาวา",
        "America\/Coral_Harbour": "คอรัลฮาร์เบอร์",
        "America\/Cordoba": "คอร์โดบา",
        "America\/Costa_Rica": "คอสตาริกา",
        "America\/Creston": "เครสตัน",
        "America\/Cuiaba": "กุยาบา",
        "America\/Curacao": "คูราเซา",
        "America\/Danmarkshavn": "ดานมาร์กสฮาวน์",
        "America\/Dawson": "ดอว์สัน",
        "America\/Dawson_Creek": "ดอว์สัน ครีก",
        "America\/Denver": "เดนเวอร์",
        "America\/Detroit": "ดีทรอยต์",
        "America\/Dominica": "โดมินิกา",
        "America\/Edmonton": "เอดมันตัน",
        "America\/Eirunepe": "เอรูเนเป",
        "America\/El_Salvador": "เอลซัลวาดอร์",
        "America\/Fortaleza": "ฟอร์ตาเลซา",
        "America\/Glace_Bay": "แกลซเบย์",
        "America\/Godthab": "กอดแธบ",
        "America\/Goose_Bay": "กูสเบย์",
        "America\/Grand_Turk": "แกรนด์เติร์ก",
        "America\/Grenada": "เกรนาดา",
        "America\/Guadeloupe": "กวาเดอลูป",
        "America\/Guatemala": "กัวเตมาลา",
        "America\/Guayaquil": "กัวยากิล",
        "America\/Guyana": "กายอานา",
        "America\/Halifax": "แฮลิแฟกซ์",
        "America\/Havana": "ฮาวานา",
        "America\/Hermosillo": "เอร์โมซีโย",
        "America\/Indiana\/Knox": "นอกซ์, อินดีแอนา",
        "America\/Indiana\/Marengo": "มาเรงโก, อินดีแอนา",
        "America\/Indiana\/Petersburg": "ปีเตอร์สเบิร์ก, อินดีแอนา",
        "America\/Indiana\/Tell_City": "เทลล์ซิตี, อินดีแอนา",
        "America\/Indiana\/Vevay": "วีเวย์, อินดีแอนา",
        "America\/Indiana\/Vincennes": "วินเซนเนส, อินดีแอนา",
        "America\/Indiana\/Winamac": "วินาแมค, อินดีแอนา",
        "America\/Indianapolis": "อินเดียแนโพลิส",
        "America\/Inuvik": "อินูวิก",
        "America\/Iqaluit": "อีกวาลิต",
        "America\/Jamaica": "จาเมกา",
        "America\/Jujuy": "จูจิว",
        "America\/Juneau": "จูโน",
        "America\/Kentucky\/Monticello": "มอนติเซลโล, เคนตักกี",
        "America\/Kralendijk": "คราเลนดิจค์",
        "America\/La_Paz": "ลาปาซ",
        "America\/Lima": "ลิมา",
        "America\/Los_Angeles": "ลอสแองเจลิส",
        "America\/Louisville": "ลูส์วิลล์",
        "America\/Lower_Princes": "โลเวอร์พรินซ์ ควอเตอร์",
        "America\/Maceio": "มาเซโอ",
        "America\/Managua": "มานากัว",
        "America\/Manaus": "มาเนาส์",
        "America\/Marigot": "มาริโกต์",
        "America\/Martinique": "มาร์ตินีก",
        "America\/Matamoros": "มาตาโมรอส",
        "America\/Mazatlan": "มาซาทลาน",
        "America\/Mendoza": "เมนดูซา",
        "America\/Menominee": "เมโนมินี",
        "America\/Merida": "เมรีดา",
        "America\/Metlakatla": "เมทลากาตละ",
        "America\/Mexico_City": "เม็กซิโกซิตี",
        "America\/Miquelon": "มีเกอลง",
        "America\/Moncton": "มองตัน",
        "America\/Monterrey": "มอนเตร์เรย์",
        "America\/Montevideo": "มอนเตวิเดโอ",
        "America\/Montserrat": "มอนเซอร์รัต",
        "America\/Nassau": "แนสซอ",
        "America\/New_York": "นิวยอร์ก",
        "America\/Nipigon": "นิปิกอน",
        "America\/Nome": "นอม",
        "America\/Noronha": "โนรอนฮา",
        "America\/North_Dakota\/Beulah": "โบลาห์, นอร์ทดาโคตา",
        "America\/North_Dakota\/Center": "เซนเตอร์, นอร์ทดาโคตา",
        "America\/North_Dakota\/New_Salem": "นิวเซเลม, นอร์ทดาโคตา",
        "America\/Ojinaga": "โอจินากา",
        "America\/Panama": "ปานามา",
        "America\/Pangnirtung": "พางนีทัง",
        "America\/Paramaribo": "ปารามาริโบ",
        "America\/Phoenix": "ฟินิกซ์",
        "America\/Port-au-Prince": "ปอร์โตแปรงซ์",
        "America\/Port_of_Spain": "พอร์ทออฟสเปน",
        "America\/Porto_Velho": "ปอร์ตูเวลโย",
        "America\/Puerto_Rico": "เปอโตริโก",
        "America\/Rainy_River": "เรนนี่ริเวอร์",
        "America\/Rankin_Inlet": "แรงกินอินเล็ต",
        "America\/Recife": "เรซีเฟ",
        "America\/Regina": "ริไจนา",
        "America\/Resolute": "เรโซลูท",
        "America\/Rio_Branco": "รีโอบรังโก",
        "America\/Santa_Isabel": "ซานตาอิซาเบล",
        "America\/Santarem": "ซันตาเรม",
        "America\/Santiago": "ซันติอาโก",
        "America\/Santo_Domingo": "ซานโต โดมิงโก",
        "America\/Sao_Paulo": "เซาเปาลู",
        "America\/Scoresbysund": "สกอเรสไบซันด์",
        "America\/Sitka": "ซิตกา",
        "America\/St_Barthelemy": "เซนต์บาร์เธเลมี",
        "America\/St_Johns": "เซนต์จอนส์",
        "America\/St_Kitts": "เซนต์คิตส์",
        "America\/St_Lucia": "เซนต์ลูเซีย",
        "America\/St_Thomas": "เซนต์โธมัส",
        "America\/St_Vincent": "เซนต์วินเซนต์",
        "America\/Swift_Current": "สวิฟต์เคอร์เรนต์",
        "America\/Tegucigalpa": "เตกูซิกัลปา",
        "America\/Thule": "ทูเล",
        "America\/Thunder_Bay": "ทันเดอร์เบย์",
        "America\/Tijuana": "ทิฮัวนา",
        "America\/Toronto": "โทรอนโต",
        "America\/Tortola": "ตอร์โตลา",
        "America\/Vancouver": "แวนคูเวอร์",
        "America\/Whitehorse": "ไวต์ฮอร์ส",
        "America\/Winnipeg": "วินนิเพก",
        "America\/Yakutat": "ยากูทัต",
        "America\/Yellowknife": "เยลโลว์ไนฟ์",
        "Antarctica\/Casey": "เคซีย์",
        "Antarctica\/Davis": "ดาวีส์",
        "Antarctica\/DumontDUrville": "ดูมองต์ดูร์วิลล์",
        "Antarctica\/Macquarie": "แมคควอรี",
        "Antarctica\/Mawson": "มาว์ซัน",
        "Antarctica\/McMurdo": "แมคมัวโด",
        "Antarctica\/Palmer": "พาล์เมอร์",
        "Antarctica\/Rothera": "โรเทรา",
        "Antarctica\/Syowa": "เซียวา",
        "Antarctica\/Troll": "โทรล",
        "Antarctica\/Vostok": "วอสต็อค",
        "Arctic\/Longyearbyen": "ลองเยียร์เบียน",
        "Asia\/Aden": "เอเดน",
        "Asia\/Almaty": "อัลมาตี",
        "Asia\/Amman": "อัมมาน",
        "Asia\/Anadyr": "อานาดีร์",
        "Asia\/Aqtau": "อัคตาอู",
        "Asia\/Aqtobe": "อัคโทบี",
        "Asia\/Ashgabat": "อาชกาบัต",
        "Asia\/Baghdad": "แบกแดด",
        "Asia\/Bahrain": "บาห์เรน",
        "Asia\/Baku": "บากู",
        "Asia\/Bangkok": "กรุงเทพ",
        "Asia\/Beirut": "เบรุต",
        "Asia\/Bishkek": "บิชเคก",
        "Asia\/Brunei": "บรูไน",
        "Asia\/Calcutta": "โกลกาตา",
        "Asia\/Choibalsan": "ชอยบาลซาน",
        "Asia\/Chongqing": "ฉงชิ่ง",
        "Asia\/Colombo": "โคลัมโบ",
        "Asia\/Damascus": "ดามัสกัส",
        "Asia\/Dhaka": "ดากา",
        "Asia\/Dili": "ดิลี",
        "Asia\/Dubai": "ดูไบ",
        "Asia\/Dushanbe": "ดูชานเบ",
        "Asia\/Gaza": "กาซา",
        "Asia\/Harbin": "ฮาร์บิน",
        "Asia\/Hebron": "เฮบรอน",
        "Asia\/Hong_Kong": "ฮ่องกง",
        "Asia\/Hovd": "ฮอฟด์",
        "Asia\/Irkutsk": "อีร์คุตสค์",
        "Asia\/Jakarta": "จาการ์ตา",
        "Asia\/Jayapura": "จายาปุระ",
        "Asia\/Jerusalem": "เยรูซาเลม",
        "Asia\/Kabul": "คาบูล",
        "Asia\/Kamchatka": "คามชัตกา",
        "Asia\/Karachi": "การาจี",
        "Asia\/Kashgar": "กัชการ์",
        "Asia\/Katmandu": "กาตมันดุ",
        "Asia\/Khandyga": "ฮันดืยกา",
        "Asia\/Krasnoyarsk": "ครัสโนยาร์สก์",
        "Asia\/Kuala_Lumpur": "กัวลาลัมเปอร์",
        "Asia\/Kuching": "กูชิง",
        "Asia\/Kuwait": "คูเวต",
        "Asia\/Macau": "มาเก๊า",
        "Asia\/Magadan": "มากาดาน",
        "Asia\/Makassar": "มากัสซาร์",
        "Asia\/Manila": "มะนิลา",
        "Asia\/Muscat": "มัสกัต",
        "Asia\/Nicosia": "นิโคเซีย",
        "Asia\/Novokuznetsk": "โนโวคุซเนตสค์",
        "Asia\/Novosibirsk": "โนโวซิบิร์สก์",
        "Asia\/Omsk": "โอมสก์",
        "Asia\/Oral": "ออรัล",
        "Asia\/Phnom_Penh": "พนมเปญ",
        "Asia\/Pontianak": "พอนเทียนัก",
        "Asia\/Pyongyang": "เปียงยาง",
        "Asia\/Qatar": "กาตาร์",
        "Asia\/Qyzylorda": "ไคซีลอร์ดา",
        "Asia\/Rangoon": "ย่างกุ้ง",
        "Asia\/Riyadh": "ริยาร์ด",
        "Asia\/Saigon": "นครโฮจิมินห์",
        "Asia\/Sakhalin": "ซาคาลิน",
        "Asia\/Samarkand": "ซามาร์กานด์",
        "Asia\/Seoul": "โซล",
        "Asia\/Shanghai": "เซี่ยงไฮ้",
        "Asia\/Singapore": "สิงคโปร์",
        "Asia\/Taipei": "ไทเป",
        "Asia\/Tashkent": "ทาชเคนต์",
        "Asia\/Tbilisi": "ทบิลิซิ",
        "Asia\/Tehran": "เตหะราน",
        "Asia\/Thimphu": "ทิมพู",
        "Asia\/Tokyo": "โตเกียว",
        "Asia\/Ulaanbaatar": "อูลานบาตอร์",
        "Asia\/Urumqi": "อุรุมชี",
        "Asia\/Ust-Nera": "อุสต์เนรา",
        "Asia\/Vientiane": "เวียงจันทน์",
        "Asia\/Vladivostok": "วลาดิโวสต็อก",
        "Asia\/Yakutsk": "ยาคุตสค์",
        "Asia\/Yekaterinburg": "ยีคาเตอรินเบิร์ก",
        "Asia\/Yerevan": "เยเรวาน",
        "Atlantic\/Azores": "อาซอเรส",
        "Atlantic\/Bermuda": "เบอร์มิวดา",
        "Atlantic\/Canary": "คะเนรี",
        "Atlantic\/Cape_Verde": "เคปเวิร์ด",
        "Atlantic\/Faeroe": "แฟโร",
        "Atlantic\/Madeira": "มาเดรา",
        "Atlantic\/Reykjavik": "เรคยาวิก",
        "Atlantic\/South_Georgia": "เซาท์ จอร์เจีย",
        "Atlantic\/St_Helena": "เซนต์เฮเลนา",
        "Atlantic\/Stanley": "สแตนลีย์",
        "Australia\/Adelaide": "แอดิเลด",
        "Australia\/Brisbane": "บริสเบน",
        "Australia\/Broken_Hill": "โบรกเคนฮิลล์",
        "Australia\/Currie": "คูร์รี",
        "Australia\/Darwin": "ดาร์วิน",
        "Australia\/Eucla": "ยูคลา",
        "Australia\/Hobart": "โฮบาร์ต",
        "Australia\/Lindeman": "ลินดีแมน",
        "Australia\/Lord_Howe": "ลอร์ดโฮวี",
        "Australia\/Melbourne": "เมลเบิร์น",
        "Australia\/Perth": "เพิิร์ท",
        "Australia\/Sydney": "ซิดนีย์",
        "Etc\/Unknown": "เมืองที่ไม่รู้จัก",
        "Europe\/Amsterdam": "อัมสเตอดัม",
        "Europe\/Andorra": "อันดอร์รา",
        "Europe\/Athens": "เอเธนส์",
        "Europe\/Belgrade": "เบลเกรด",
        "Europe\/Berlin": "เบอร์ลิน",
        "Europe\/Bratislava": "บราติสลาวา",
        "Europe\/Brussels": "บรัสเซลส์",
        "Europe\/Bucharest": "บูคาเรส",
        "Europe\/Budapest": "บูดาเปส",
        "Europe\/Busingen": "บุสซิงเง็น",
        "Europe\/Chisinau": "คีชีเนา",
        "Europe\/Copenhagen": "โคเปนเฮเกน",
        "Europe\/Dublin": "ดับบลิน",
        "Europe\/Gibraltar": "ยิบรอลตาร์",
        "Europe\/Guernsey": "เกิร์นซีย์",
        "Europe\/Helsinki": "เฮลซิงกิ",
        "Europe\/Isle_of_Man": "เกาะแมน",
        "Europe\/Istanbul": "อิสตันบูล",
        "Europe\/Jersey": "เจอร์ซีย์",
        "Europe\/Kaliningrad": "คาลินิงกราด",
        "Europe\/Kiev": "เคียฟ",
        "Europe\/Lisbon": "ลิสบอน",
        "Europe\/Ljubljana": "ลูบลิยานา",
        "Europe\/London": "ลอนดอน",
        "Europe\/Luxembourg": "ลักเซมเบิร์ก",
        "Europe\/Madrid": "มาดริด",
        "Europe\/Malta": "มอลตา",
        "Europe\/Mariehamn": "มารีฮามน์",
        "Europe\/Minsk": "มินสก์",
        "Europe\/Monaco": "โมนาโก",
        "Europe\/Moscow": "มอสโก",
        "Europe\/Oslo": "ออสโล",
        "Europe\/Paris": "ปารีส",
        "Europe\/Podgorica": "พอดกอรีตซา",
        "Europe\/Prague": "ปราก",
        "Europe\/Riga": "ริกา",
        "Europe\/Rome": "โรม",
        "Europe\/Samara": "ซามารา",
        "Europe\/San_Marino": "ซานมารีโน",
        "Europe\/Sarajevo": "ซาราเยโว",
        "Europe\/Simferopol": "ซิมเฟอโรโปล",
        "Europe\/Skopje": "สโกเปีย",
        "Europe\/Sofia": "โซเฟีย",
        "Europe\/Stockholm": "สตอกโฮล์ม",
        "Europe\/Tallinn": "ทาลลินน์",
        "Europe\/Tirane": "ติรานา",
        "Europe\/Uzhgorod": "อัซโกร็อด",
        "Europe\/Vaduz": "วาดุซ",
        "Europe\/Vatican": "วาติกัน",
        "Europe\/Vienna": "เวียนนา",
        "Europe\/Vilnius": "วิลนีอุส",
        "Europe\/Volgograd": "วอลโกกราด",
        "Europe\/Warsaw": "วอร์ซอ",
        "Europe\/Zagreb": "ซาเกร็บ",
        "Europe\/Zaporozhye": "ซาโปโรซี",
        "Europe\/Zurich": "ซูริค",
        "Indian\/Antananarivo": "อันตานานาริโว",
        "Indian\/Chagos": "ชากัส",
        "Indian\/Christmas": "คริสต์มาส",
        "Indian\/Cocos": "โคโคส",
        "Indian\/Comoro": "โคโมโร",
        "Indian\/Kerguelen": "แกร์เกอลอง",
        "Indian\/Mahe": "มาเอ",
        "Indian\/Maldives": "มัลดีฟส์",
        "Indian\/Mauritius": "มอริเชียส",
        "Indian\/Mayotte": "มาโยเต",
        "Indian\/Reunion": "เรอูนียง",
        "Pacific\/Apia": "อาปีอา",
        "Pacific\/Auckland": "โอคแลนด์",
        "Pacific\/Chatham": "แชแทม",
        "Pacific\/Easter": "อีสเตอร์",
        "Pacific\/Efate": "เอฟาเต",
        "Pacific\/Enderbury": "เอนเดอร์เบอร์รี",
        "Pacific\/Fakaofo": "ฟาเคาโฟ",
        "Pacific\/Fiji": "ฟิจิ",
        "Pacific\/Funafuti": "ฟูนะฟูตี",
        "Pacific\/Galapagos": "กาลาปาโกส",
        "Pacific\/Gambier": "แกมเบียร์",
        "Pacific\/Guadalcanal": "กัวดัลคานัล",
        "Pacific\/Guam": "กวม",
        "Pacific\/Honolulu": "โฮโนลูลู",
        "Pacific\/Johnston": "จอห์นสตัน",
        "Pacific\/Kiritimati": "คิริทิมาตี",
        "Pacific\/Kosrae": "คอสแร",
        "Pacific\/Kwajalein": "ควาจาเลน",
        "Pacific\/Majuro": "มาจูโร",
        "Pacific\/Marquesas": "มาร์เควซัส",
        "Pacific\/Midway": "มิดเวย์",
        "Pacific\/Nauru": "นาอูรู",
        "Pacific\/Niue": "นีอูเอ",
        "Pacific\/Norfolk": "นอร์ฟอล์ก",
        "Pacific\/Noumea": "นูเมอา",
        "Pacific\/Pago_Pago": "ปาโก ปาโก",
        "Pacific\/Palau": "ปาเลา",
        "Pacific\/Pitcairn": "พิตแคร์น",
        "Pacific\/Ponape": "โปนาเป",
        "Pacific\/Port_Moresby": "พอร์ตมอร์สบี",
        "Pacific\/Rarotonga": "ราโรตองกา",
        "Pacific\/Saipan": "ไซปัน",
        "Pacific\/Tahiti": "ทาฮิติ",
        "Pacific\/Tarawa": "ตาระวา",
        "Pacific\/Tongatapu": "ตองกาตาปู",
        "Pacific\/Truk": "ทรัก",
        "Pacific\/Wake": "เวก",
        "Pacific\/Wallis": "วาลลิส"
    }
}
