{
    "Version": "36",
    "Names": {
        "Africa\/Abidjan": "ኮት ዲቯር (Abidjan)",
        "Africa\/Accra": "ጋና (Accra)",
        "Africa\/Addis_Ababa": "ኢትዮጵያ (Addis Ababa)",
        "Africa\/Algiers": "አልጄሪያ (Algiers)",
        "Africa\/Asmera": "ኤርትራ (Asmara)",
        "Africa\/Bamako": "ማሊ (Bamako)",
        "Africa\/Bangui": "ማእከላይ ኣፍሪቃ ሪፓብሊክ (Bangui)",
        "Africa\/Banjul": "ጋምቢያ (Banjul)",
        "Africa\/Bissau": "ቢሳዎ (Bissau)",
        "Africa\/Blantyre": "ማላዊ (Blantyre)",
        "Africa\/Brazzaville": "ኮንጎ ሪፓብሊክ (Brazzaville)",
        "Africa\/Bujumbura": "ብሩንዲ (Bujumbura)",
        "Africa\/Cairo": "ግብጽ (Cairo)",
        "Africa\/Casablanca": "ሞሮኮ (Casablanca)",
        "Africa\/Ceuta": "ስፔን (Ceuta)",
        "Africa\/Conakry": "ጊኒ (Conakry)",
        "Africa\/Dakar": "ሴኔጋል (Dakar)",
        "Africa\/Dar_es_Salaam": "ታንዛኒያ (Dar es Salaam)",
        "Africa\/Djibouti": "ጂቡቲ (Djibouti)",
        "Africa\/Douala": "ካሜሩን (Douala)",
        "Africa\/El_Aaiun": "ምዕራባዊ ሳህራ (El Aaiun)",
        "Africa\/Freetown": "ሴራሊዮን (Freetown)",
        "Africa\/Gaborone": "ቦትስዋና (Gaborone)",
        "Africa\/Harare": "ዚምቧቤ (Harare)",
        "Africa\/Johannesburg": "ደቡብ አፍሪካ (Johannesburg)",
        "Africa\/Juba": "ደቡብ ሱዳን (Juba)",
        "Africa\/Kampala": "ዩጋንዳ (Kampala)",
        "Africa\/Khartoum": "ሱዳን (Khartoum)",
        "Africa\/Kigali": "ሩዋንዳ (Kigali)",
        "Africa\/Kinshasa": "ኮንጎ (Kinshasa)",
        "Africa\/Lagos": "ናይጄሪያ (Lagos)",
        "Africa\/Libreville": "ጋቦን (Libreville)",
        "Africa\/Lome": "ቶጐ (Lome)",
        "Africa\/Luanda": "አንጐላ (Luanda)",
        "Africa\/Lubumbashi": "ኮንጎ (Lubumbashi)",
        "Africa\/Lusaka": "ዛምቢያ (Lusaka)",
        "Africa\/Malabo": "ኢኳቶሪያል ጊኒ (Malabo)",
        "Africa\/Maputo": "ሞዛምቢክ (Maputo)",
        "Africa\/Maseru": "ሌሶቶ (Maseru)",
        "Africa\/Mbabane": "ሱዋዚላንድ (Mbabane)",
        "Africa\/Mogadishu": "ሱማሌ (Mogadishu)",
        "Africa\/Monrovia": "ላይቤሪያ (Monrovia)",
        "Africa\/Nairobi": "ኬንያ (Nairobi)",
        "Africa\/Ndjamena": "ጫድ (Ndjamena)",
        "Africa\/Niamey": "ኒጀር (Niamey)",
        "Africa\/Nouakchott": "ሞሪቴኒያ (Nouakchott)",
        "Africa\/Ouagadougou": "ቡርኪና ፋሶ (Ouagadougou)",
        "Africa\/Porto-Novo": "ቤኒን (Porto-Novo)",
        "Africa\/Sao_Tome": "ሳኦ ቶሜን ፕሪንሲፔን (Sao Tome)",
        "Africa\/Tripoli": "ሊቢያ (Tripoli)",
        "Africa\/Tunis": "ቱኒዚያ (Tunis)",
        "Africa\/Windhoek": "ናሚቢያ (Windhoek)",
        "America\/Adak": "አሜሪካ (Adak)",
        "America\/Anchorage": "አሜሪካ (Anchorage)",
        "America\/Anguilla": "አንጉኢላ (Anguilla)",
        "America\/Antigua": "ኣንቲጓን ባሩዳን (Antigua)",
        "America\/Araguaina": "ብራዚል (Araguaina)",
        "America\/Argentina\/La_Rioja": "አርጀንቲና (La Rioja)",
        "America\/Argentina\/Rio_Gallegos": "አርጀንቲና (Rio Gallegos)",
        "America\/Argentina\/Salta": "አርጀንቲና (Salta)",
        "America\/Argentina\/San_Juan": "አርጀንቲና (San Juan)",
        "America\/Argentina\/San_Luis": "አርጀንቲና (San Luis)",
        "America\/Argentina\/Tucuman": "አርጀንቲና (Tucuman)",
        "America\/Argentina\/Ushuaia": "አርጀንቲና (Ushuaia)",
        "America\/Aruba": "አሩባ (Aruba)",
        "America\/Asuncion": "ፓራጓይ (Asuncion)",
        "America\/Bahia": "ብራዚል (Bahia)",
        "America\/Bahia_Banderas": "ሜክሲኮ (Bahia Banderas)",
        "America\/Barbados": "ባርቤዶስ (Barbados)",
        "America\/Belem": "ብራዚል (Belem)",
        "America\/Belize": "ቤሊዘ (Belize)",
        "America\/Blanc-Sablon": "ካናዳ (Blanc-Sablon)",
        "America\/Boa_Vista": "ብራዚል (Boa Vista)",
        "America\/Bogota": "ኮሎምቢያ (Bogota)",
        "America\/Boise": "አሜሪካ (Boise)",
        "America\/Buenos_Aires": "አርጀንቲና (Buenos Aires)",
        "America\/Cambridge_Bay": "ካናዳ (Cambridge Bay)",
        "America\/Campo_Grande": "ብራዚል (Campo Grande)",
        "America\/Cancun": "ሜክሲኮ (Cancun)",
        "America\/Caracas": "ቬንዙዌላ (Caracas)",
        "America\/Catamarca": "አርጀንቲና (Catamarca)",
        "America\/Cayenne": "ናይ ፈረንሳይ ጉይና (Cayenne)",
        "America\/Cayman": "ካይማን ደሴቶች (Cayman)",
        "America\/Chicago": "አሜሪካ (Chicago)",
        "America\/Chihuahua": "ሜክሲኮ (Chihuahua)",
        "America\/Coral_Harbour": "ካናዳ (Atikokan)",
        "America\/Cordoba": "አርጀንቲና (Cordoba)",
        "America\/Costa_Rica": "ኮስታ ሪካ (Costa Rica)",
        "America\/Creston": "ካናዳ (Creston)",
        "America\/Cuiaba": "ብራዚል (Cuiaba)",
        "America\/Curacao": "ኩራካዎ (Curacao)",
        "America\/Danmarkshavn": "ግሪንላንድ (Danmarkshavn)",
        "America\/Dawson": "ካናዳ (Dawson)",
        "America\/Dawson_Creek": "ካናዳ (Dawson Creek)",
        "America\/Denver": "አሜሪካ (Denver)",
        "America\/Detroit": "አሜሪካ (Detroit)",
        "America\/Dominica": "ዶሚኒካ (Dominica)",
        "America\/Edmonton": "ካናዳ (Edmonton)",
        "America\/Eirunepe": "ብራዚል (Eirunepe)",
        "America\/El_Salvador": "ኤል ሳልቫዶር (El Salvador)",
        "America\/Fort_Nelson": "ካናዳ (Fort Nelson)",
        "America\/Fortaleza": "ብራዚል (Fortaleza)",
        "America\/Glace_Bay": "ካናዳ (Glace Bay)",
        "America\/Godthab": "ግሪንላንድ (Nuuk)",
        "America\/Goose_Bay": "ካናዳ (Goose Bay)",
        "America\/Grand_Turk": "ደሴታት ቱርክን ካይኮስን (Grand Turk)",
        "America\/Grenada": "ግሬናዳ (Grenada)",
        "America\/Guadeloupe": "ጉዋደሉፕ (Guadeloupe)",
        "America\/Guatemala": "ጉዋቲማላ (Guatemala)",
        "America\/Guayaquil": "ኢኳዶር (Guayaquil)",
        "America\/Guyana": "ጉያና (Guyana)",
        "America\/Halifax": "ካናዳ (Halifax)",
        "America\/Havana": "ኩባ (Havana)",
        "America\/Hermosillo": "ሜክሲኮ (Hermosillo)",
        "America\/Indiana\/Knox": "አሜሪካ (Knox, Indiana)",
        "America\/Indiana\/Marengo": "አሜሪካ (Marengo, Indiana)",
        "America\/Indiana\/Petersburg": "አሜሪካ (Petersburg, Indiana)",
        "America\/Indiana\/Tell_City": "አሜሪካ (Tell City, Indiana)",
        "America\/Indiana\/Vevay": "አሜሪካ (Vevay, Indiana)",
        "America\/Indiana\/Vincennes": "አሜሪካ (Vincennes, Indiana)",
        "America\/Indiana\/Winamac": "አሜሪካ (Winamac, Indiana)",
        "America\/Indianapolis": "አሜሪካ (Indianapolis)",
        "America\/Inuvik": "ካናዳ (Inuvik)",
        "America\/Iqaluit": "ካናዳ (Iqaluit)",
        "America\/Jamaica": "ጃማይካ (Jamaica)",
        "America\/Jujuy": "አርጀንቲና (Jujuy)",
        "America\/Juneau": "አሜሪካ (Juneau)",
        "America\/Kentucky\/Monticello": "አሜሪካ (Monticello, Kentucky)",
        "America\/Kralendijk": "ካሪቢያን ኔዘርላንድስ (Kralendijk)",
        "America\/La_Paz": "ቦሊቪያ (La Paz)",
        "America\/Lima": "ፔሩ (Lima)",
        "America\/Los_Angeles": "አሜሪካ (Los Angeles)",
        "America\/Louisville": "አሜሪካ (Louisville)",
        "America\/Lower_Princes": "ሲንት ማርቲን (Lower Prince’s Quarter)",
        "America\/Maceio": "ብራዚል (Maceio)",
        "America\/Managua": "ኒካራጓ (Managua)",
        "America\/Manaus": "ብራዚል (Manaus)",
        "America\/Marigot": "ሴንት ማርቲን (Marigot)",
        "America\/Martinique": "ማርቲኒክ (Martinique)",
        "America\/Matamoros": "ሜክሲኮ (Matamoros)",
        "America\/Mazatlan": "ሜክሲኮ (Mazatlan)",
        "America\/Mendoza": "አርጀንቲና (Mendoza)",
        "America\/Menominee": "አሜሪካ (Menominee)",
        "America\/Merida": "ሜክሲኮ (Merida)",
        "America\/Metlakatla": "አሜሪካ (Metlakatla)",
        "America\/Mexico_City": "ሜክሲኮ (Mexico City)",
        "America\/Miquelon": "ቅዱስ ፒዬርን ሚኩኤሎን (Miquelon)",
        "America\/Moncton": "ካናዳ (Moncton)",
        "America\/Monterrey": "ሜክሲኮ (Monterrey)",
        "America\/Montevideo": "ኡራጓይ (Montevideo)",
        "America\/Montreal": "ካናዳ (Montreal)",
        "America\/Montserrat": "ሞንትሴራት (Montserrat)",
        "America\/Nassau": "ባሃማስ (Nassau)",
        "America\/New_York": "አሜሪካ (New York)",
        "America\/Nipigon": "ካናዳ (Nipigon)",
        "America\/Nome": "አሜሪካ (Nome)",
        "America\/Noronha": "ብራዚል (Noronha)",
        "America\/North_Dakota\/Beulah": "አሜሪካ (Beulah, North Dakota)",
        "America\/North_Dakota\/Center": "አሜሪካ (Center, North Dakota)",
        "America\/North_Dakota\/New_Salem": "አሜሪካ (New Salem, North Dakota)",
        "America\/Ojinaga": "ሜክሲኮ (Ojinaga)",
        "America\/Panama": "ፓናማ (Panama)",
        "America\/Pangnirtung": "ካናዳ (Pangnirtung)",
        "America\/Paramaribo": "ሱሪናም (Paramaribo)",
        "America\/Phoenix": "አሜሪካ (Phoenix)",
        "America\/Port-au-Prince": "ሀይቲ (Port-au-Prince)",
        "America\/Port_of_Spain": "ትሪኒዳድን ቶባጎን (Port of Spain)",
        "America\/Porto_Velho": "ብራዚል (Porto Velho)",
        "America\/Puerto_Rico": "ፖርታ ሪኮ (Puerto Rico)",
        "America\/Punta_Arenas": "ቺሊ (Punta Arenas)",
        "America\/Rainy_River": "ካናዳ (Rainy River)",
        "America\/Rankin_Inlet": "ካናዳ (Rankin Inlet)",
        "America\/Recife": "ብራዚል (Recife)",
        "America\/Regina": "ካናዳ (Regina)",
        "America\/Resolute": "ካናዳ (Resolute)",
        "America\/Rio_Branco": "ብራዚል (Rio Branco)",
        "America\/Santa_Isabel": "ሜክሲኮ (Santa Isabel)",
        "America\/Santarem": "ብራዚል (Santarem)",
        "America\/Santiago": "ቺሊ (Santiago)",
        "America\/Santo_Domingo": "ዶመኒካ ሪፓብሊክ (Santo Domingo)",
        "America\/Sao_Paulo": "ብራዚል (Sao Paulo)",
        "America\/Scoresbysund": "ግሪንላንድ (Ittoqqortoormiit)",
        "America\/Sitka": "አሜሪካ (Sitka)",
        "America\/St_Barthelemy": "ቅዱስ ባርተለሚይ (St. Barthelemy)",
        "America\/St_Johns": "ካናዳ (St. John’s)",
        "America\/St_Kitts": "ቅዱስ ኪትስን ኔቪስን (St. Kitts)",
        "America\/St_Lucia": "ሴንት ሉቺያ (St. Lucia)",
        "America\/St_Thomas": "ቨርጂን ደሴታት ኣሜሪካ (St. Thomas)",
        "America\/St_Vincent": "ቅዱስ ቪንሴንትን ግሬናዲንስን (St. Vincent)",
        "America\/Swift_Current": "ካናዳ (Swift Current)",
        "America\/Tegucigalpa": "ሆንዱራስ (Tegucigalpa)",
        "America\/Thule": "ግሪንላንድ (Thule)",
        "America\/Thunder_Bay": "ካናዳ (Thunder Bay)",
        "America\/Tijuana": "ሜክሲኮ (Tijuana)",
        "America\/Toronto": "ካናዳ (Toronto)",
        "America\/Tortola": "ቨርጂን ደሴታት እንግሊዝ (Tortola)",
        "America\/Vancouver": "ካናዳ (Vancouver)",
        "America\/Whitehorse": "ካናዳ (Whitehorse)",
        "America\/Winnipeg": "ካናዳ (Winnipeg)",
        "America\/Yakutat": "አሜሪካ (Yakutat)",
        "America\/Yellowknife": "ካናዳ (Yellowknife)",
        "Antarctica\/Casey": "አንታርክቲካ (Casey)",
        "Antarctica\/Davis": "አንታርክቲካ (Davis)",
        "Antarctica\/DumontDUrville": "አንታርክቲካ (Dumont d’Urville)",
        "Antarctica\/Macquarie": "አውስትሬሊያ (Macquarie)",
        "Antarctica\/Mawson": "አንታርክቲካ (Mawson)",
        "Antarctica\/McMurdo": "አንታርክቲካ (McMurdo)",
        "Antarctica\/Palmer": "አንታርክቲካ (Palmer)",
        "Antarctica\/Rothera": "አንታርክቲካ (Rothera)",
        "Antarctica\/Syowa": "አንታርክቲካ (Syowa)",
        "Antarctica\/Troll": "Troll",
        "Antarctica\/Vostok": "አንታርክቲካ (Vostok)",
        "Arctic\/Longyearbyen": "ስቫልባርድን ዣን ማየን ደሴታት (Longyearbyen)",
        "Asia\/Aden": "የመን (Aden)",
        "Asia\/Almaty": "ካዛኪስታን (Almaty)",
        "Asia\/Amman": "ጆርዳን (Amman)",
        "Asia\/Anadyr": "ራሺያ (Anadyr)",
        "Asia\/Aqtau": "ካዛኪስታን (Aqtau)",
        "Asia\/Aqtobe": "ካዛኪስታን (Aqtobe)",
        "Asia\/Ashgabat": "ቱርክሜኒስታን (Ashgabat)",
        "Asia\/Atyrau": "ካዛኪስታን (Atyrau)",
        "Asia\/Baghdad": "ኢራቅ (Baghdad)",
        "Asia\/Bahrain": "ባህሬን (Bahrain)",
        "Asia\/Baku": "አዘርባጃን (Baku)",
        "Asia\/Bangkok": "ታይላንድ (Bangkok)",
        "Asia\/Barnaul": "ራሺያ (Barnaul)",
        "Asia\/Beirut": "ሊባኖስ (Beirut)",
        "Asia\/Bishkek": "ኪርጂስታን (Bishkek)",
        "Asia\/Brunei": "ብሩኒ (Brunei)",
        "Asia\/Calcutta": "ህንዲ (Kolkata)",
        "Asia\/Chita": "ራሺያ (Chita)",
        "Asia\/Choibalsan": "ሞንጎሊያ (Choibalsan)",
        "Asia\/Colombo": "ሲሪላንካ (Colombo)",
        "Asia\/Damascus": "ሲሪያ (Damascus)",
        "Asia\/Dhaka": "ባንግላዲሽ (Dhaka)",
        "Asia\/Dili": "ምብራቕ ቲሞር (Dili)",
        "Asia\/Dubai": "ሕቡራት ኢማራት ዓረብ (Dubai)",
        "Asia\/Dushanbe": "ታጃኪስታን (Dushanbe)",
        "Asia\/Famagusta": "ሳይፕረስ (Famagusta)",
        "Asia\/Gaza": "ምምሕዳር ፍልስጤም (Gaza)",
        "Asia\/Hebron": "ምምሕዳር ፍልስጤም (Hebron)",
        "Asia\/Hong_Kong": "ሆንግ ኮንግ (Hong Kong)",
        "Asia\/Hovd": "ሞንጎሊያ (Hovd)",
        "Asia\/Irkutsk": "ራሺያ (Irkutsk)",
        "Asia\/Jakarta": "ኢንዶኔዢያ (Jakarta)",
        "Asia\/Jayapura": "ኢንዶኔዢያ (Jayapura)",
        "Asia\/Jerusalem": "እስራኤል (Jerusalem)",
        "Asia\/Kabul": "አፍጋኒስታን (Kabul)",
        "Asia\/Kamchatka": "ራሺያ (Kamchatka)",
        "Asia\/Karachi": "ፓኪስታን (Karachi)",
        "Asia\/Katmandu": "ኔፓል (Kathmandu)",
        "Asia\/Khandyga": "ራሺያ (Khandyga)",
        "Asia\/Krasnoyarsk": "ራሺያ (Krasnoyarsk)",
        "Asia\/Kuala_Lumpur": "ማሌዢያ (Kuala Lumpur)",
        "Asia\/Kuching": "ማሌዢያ (Kuching)",
        "Asia\/Kuwait": "ክዌት (Kuwait)",
        "Asia\/Macau": "ማካዎ (Macau)",
        "Asia\/Magadan": "ራሺያ (Magadan)",
        "Asia\/Makassar": "ኢንዶኔዢያ (Makassar)",
        "Asia\/Manila": "ፊሊፒንስ (Manila)",
        "Asia\/Muscat": "ኦማን (Muscat)",
        "Asia\/Nicosia": "ሳይፕረስ (Nicosia)",
        "Asia\/Novokuznetsk": "ራሺያ (Novokuznetsk)",
        "Asia\/Novosibirsk": "ራሺያ (Novosibirsk)",
        "Asia\/Omsk": "ራሺያ (Omsk)",
        "Asia\/Oral": "ካዛኪስታን (Oral)",
        "Asia\/Phnom_Penh": "ካምቦዲያ (Phnom Penh)",
        "Asia\/Pontianak": "ኢንዶኔዢያ (Pontianak)",
        "Asia\/Pyongyang": "ሰሜን ኮሪያ (Pyongyang)",
        "Asia\/Qatar": "ቀጠር (Qatar)",
        "Asia\/Qostanay": "ካዛኪስታን (Qostanay)",
        "Asia\/Qyzylorda": "ካዛኪስታን (Qyzylorda)",
        "Asia\/Rangoon": "ማያንማር (Rangoon)",
        "Asia\/Riyadh": "ስዑዲ ዓረብ (Riyadh)",
        "Asia\/Saigon": "ቬትናም (Ho Chi Minh)",
        "Asia\/Sakhalin": "ራሺያ (Sakhalin)",
        "Asia\/Samarkand": "ዩዝበኪስታን (Samarkand)",
        "Asia\/Seoul": "ደቡብ ኮሪያ (Seoul)",
        "Asia\/Shanghai": "ቻይና (Shanghai)",
        "Asia\/Singapore": "ሲንጋፖር (Singapore)",
        "Asia\/Srednekolymsk": "ራሺያ (Srednekolymsk)",
        "Asia\/Taipei": "ታይዋን (Taipei)",
        "Asia\/Tashkent": "ዩዝበኪስታን (Tashkent)",
        "Asia\/Tbilisi": "ጆርጂያ (Tbilisi)",
        "Asia\/Tehran": "ኢራን (Tehran)",
        "Asia\/Thimphu": "ቡህታን (Thimphu)",
        "Asia\/Tokyo": "ጃፓን (Tokyo)",
        "Asia\/Tomsk": "ራሺያ (Tomsk)",
        "Asia\/Ulaanbaatar": "ሞንጎሊያ (Ulaanbaatar)",
        "Asia\/Urumqi": "ቻይና (Urumqi)",
        "Asia\/Ust-Nera": "ራሺያ (Ust-Nera)",
        "Asia\/Vientiane": "ላኦስ (Vientiane)",
        "Asia\/Vladivostok": "ራሺያ (Vladivostok)",
        "Asia\/Yakutsk": "ራሺያ (Yakutsk)",
        "Asia\/Yekaterinburg": "ራሺያ (Yekaterinburg)",
        "Asia\/Yerevan": "አርሜኒያ (Yerevan)",
        "Atlantic\/Azores": "ፖርቱጋል (Azores)",
        "Atlantic\/Bermuda": "ቤርሙዳ (Bermuda)",
        "Atlantic\/Canary": "ስፔን (Canary)",
        "Atlantic\/Cape_Verde": "ኬፕ ቬርዴ (Cape Verde)",
        "Atlantic\/Faeroe": "ደሴታት ፋራኦ (Faroe)",
        "Atlantic\/Madeira": "ፖርቱጋል (Madeira)",
        "Atlantic\/Reykjavik": "አይስላንድ (Reykjavik)",
        "Atlantic\/South_Georgia": "ደሴታት ደቡብ ጆርጂያን ደቡድ ሳንድዊችን (South Georgia)",
        "Atlantic\/St_Helena": "ሴንት ሄለና (St. Helena)",
        "Atlantic\/Stanley": "ደሴታት ፎክላንድ (Stanley)",
        "Australia\/Adelaide": "አውስትሬሊያ (Adelaide)",
        "Australia\/Brisbane": "አውስትሬሊያ (Brisbane)",
        "Australia\/Broken_Hill": "አውስትሬሊያ (Broken Hill)",
        "Australia\/Currie": "አውስትሬሊያ (Currie)",
        "Australia\/Darwin": "አውስትሬሊያ (Darwin)",
        "Australia\/Eucla": "አውስትሬሊያ (Eucla)",
        "Australia\/Hobart": "አውስትሬሊያ (Hobart)",
        "Australia\/Lindeman": "አውስትሬሊያ (Lindeman)",
        "Australia\/Lord_Howe": "አውስትሬሊያ (Lord Howe)",
        "Australia\/Melbourne": "አውስትሬሊያ (Melbourne)",
        "Australia\/Perth": "አውስትሬሊያ (Perth)",
        "Australia\/Sydney": "አውስትሬሊያ (Sydney)",
        "Europe\/Amsterdam": "ኔዘርላንድስ (Amsterdam)",
        "Europe\/Andorra": "አንዶራ (Andorra)",
        "Europe\/Astrakhan": "ራሺያ (Astrakhan)",
        "Europe\/Athens": "ግሪክ (Athens)",
        "Europe\/Belgrade": "ሰርቢያ (Belgrade)",
        "Europe\/Berlin": "ጀርመን (Berlin)",
        "Europe\/Bratislava": "ስሎቫኪያ (Bratislava)",
        "Europe\/Brussels": "ቤልጄም (Brussels)",
        "Europe\/Bucharest": "ሮሜኒያ (Bucharest)",
        "Europe\/Budapest": "ሀንጋሪ (Budapest)",
        "Europe\/Busingen": "ጀርመን (Busingen)",
        "Europe\/Chisinau": "ሞልዶቫ (Chisinau)",
        "Europe\/Copenhagen": "ዴንማርክ (Copenhagen)",
        "Europe\/Dublin": "አየርላንድ (Dublin)",
        "Europe\/Gibraltar": "ጊብራልታር (Gibraltar)",
        "Europe\/Guernsey": "ገርንሲ (Guernsey)",
        "Europe\/Helsinki": "ፊንላንድ (Helsinki)",
        "Europe\/Isle_of_Man": "አይል ኦፍ ማን (Isle of Man)",
        "Europe\/Istanbul": "ቱርክ (Istanbul)",
        "Europe\/Jersey": "ጀርሲ (Jersey)",
        "Europe\/Kaliningrad": "ራሺያ (Kaliningrad)",
        "Europe\/Kiev": "ዩክሬን (Kiev)",
        "Europe\/Kirov": "ራሺያ (Kirov)",
        "Europe\/Lisbon": "ፖርቱጋል (Lisbon)",
        "Europe\/Ljubljana": "ስሎቬኒያ (Ljubljana)",
        "Europe\/London": "እንግሊዝ (London)",
        "Europe\/Luxembourg": "ሉክሰምበርግ (Luxembourg)",
        "Europe\/Madrid": "ስፔን (Madrid)",
        "Europe\/Malta": "ማልታ (Malta)",
        "Europe\/Mariehamn": "ደሴታት ኣላንድ (Mariehamn)",
        "Europe\/Minsk": "ቤላሩስ (Minsk)",
        "Europe\/Monaco": "ሞናኮ (Monaco)",
        "Europe\/Moscow": "ራሺያ (Moscow)",
        "Europe\/Oslo": "ኖርዌ (Oslo)",
        "Europe\/Paris": "ፈረንሳይ (Paris)",
        "Europe\/Podgorica": "ሞንቴኔግሮ (Podgorica)",
        "Europe\/Prague": "ቼክ ሪፓብሊክ (Prague)",
        "Europe\/Riga": "ላትቪያ (Riga)",
        "Europe\/Rome": "ጣሊያን (Rome)",
        "Europe\/Samara": "ራሺያ (Samara)",
        "Europe\/San_Marino": "ሳን ማሪኖ (San Marino)",
        "Europe\/Sarajevo": "ቦዝንያን ሄርዘጎቪናን (Sarajevo)",
        "Europe\/Saratov": "ራሺያ (Saratov)",
        "Europe\/Simferopol": "ዩክሬን (Simferopol)",
        "Europe\/Skopje": "ሰሜን መቆዶንያ (Skopje)",
        "Europe\/Sofia": "ቡልጌሪያ (Sofia)",
        "Europe\/Stockholm": "ስዊድን (Stockholm)",
        "Europe\/Tallinn": "ኤስቶኒያ (Tallinn)",
        "Europe\/Tirane": "አልባኒያ (Tirane)",
        "Europe\/Ulyanovsk": "ራሺያ (Ulyanovsk)",
        "Europe\/Uzhgorod": "ዩክሬን (Uzhgorod)",
        "Europe\/Vaduz": "ሊችተንስታይን (Vaduz)",
        "Europe\/Vatican": "ቫቲካን (Vatican)",
        "Europe\/Vienna": "ኦስትሪያ (Vienna)",
        "Europe\/Vilnius": "ሊቱዌኒያ (Vilnius)",
        "Europe\/Volgograd": "ራሺያ (Volgograd)",
        "Europe\/Warsaw": "ፖላንድ (Warsaw)",
        "Europe\/Zagreb": "ክሮኤሽያ (Zagreb)",
        "Europe\/Zaporozhye": "ዩክሬን (Zaporozhye)",
        "Europe\/Zurich": "ስዊዘርላንድ (Zurich)",
        "Indian\/Antananarivo": "ማዳጋስካር (Antananarivo)",
        "Indian\/Chagos": "ናይ ብሪጣንያ ህንዳዊ ውቅያኖስ ግዝኣት (Chagos)",
        "Indian\/Christmas": "ደሴታት ክሪስትማስ (Christmas)",
        "Indian\/Cocos": "ኮኮስ ኬሊንግ ደሴቶች (Cocos)",
        "Indian\/Comoro": "ኮሞሮስ (Comoro)",
        "Indian\/Kerguelen": "ናይ ፈረንሳይ ደቡባዊ ግዝኣታት (Kerguelen)",
        "Indian\/Mahe": "ሲሼልስ (Mahe)",
        "Indian\/Maldives": "ማልዲቭስ (Maldives)",
        "Indian\/Mauritius": "ማሩሸስ (Mauritius)",
        "Indian\/Mayotte": "ሜይኦቴ (Mayotte)",
        "Indian\/Reunion": "ሪዩኒየን (Reunion)",
        "Pacific\/Apia": "ሳሞአ (Apia)",
        "Pacific\/Auckland": "ኒው ዚላንድ (Auckland)",
        "Pacific\/Bougainville": "ፓፑዋ ኒው ጊኒ (Bougainville)",
        "Pacific\/Chatham": "ኒው ዚላንድ (Chatham)",
        "Pacific\/Easter": "ቺሊ (Easter)",
        "Pacific\/Efate": "ቫኑአቱ (Efate)",
        "Pacific\/Enderbury": "ኪሪባቲ (Enderbury)",
        "Pacific\/Fakaofo": "ቶክላው (Fakaofo)",
        "Pacific\/Fiji": "ፊጂ (Fiji)",
        "Pacific\/Funafuti": "ቱቫሉ (Funafuti)",
        "Pacific\/Galapagos": "ኢኳዶር (Galapagos)",
        "Pacific\/Gambier": "ናይ ፈረንሳይ ፖሊነዝያ (Gambier)",
        "Pacific\/Guadalcanal": "ሰሎሞን ደሴት (Guadalcanal)",
        "Pacific\/Guam": "ጉዋም (Guam)",
        "Pacific\/Honolulu": "አሜሪካ (Honolulu)",
        "Pacific\/Johnston": "ናይ ኣሜሪካ ፍንትት ዝበሉ ደሴታት (Johnston)",
        "Pacific\/Kiritimati": "ኪሪባቲ (Kiritimati)",
        "Pacific\/Kosrae": "ሚክሮኔዢያ (Kosrae)",
        "Pacific\/Kwajalein": "ማርሻል አይላንድ (Kwajalein)",
        "Pacific\/Majuro": "ማርሻል አይላንድ (Majuro)",
        "Pacific\/Marquesas": "ናይ ፈረንሳይ ፖሊነዝያ (Marquesas)",
        "Pacific\/Midway": "ናይ ኣሜሪካ ፍንትት ዝበሉ ደሴታት (Midway)",
        "Pacific\/Nauru": "ናኡሩ (Nauru)",
        "Pacific\/Niue": "ኒኡይ (Niue)",
        "Pacific\/Norfolk": "ኖርፎልክ ደሴት (Norfolk)",
        "Pacific\/Noumea": "ኒው ካሌዶኒያ (Noumea)",
        "Pacific\/Pago_Pago": "ናይ ኣሜሪካ ሳሞኣ (Pago Pago)",
        "Pacific\/Palau": "ፓላው (Palau)",
        "Pacific\/Pitcairn": "ፒትካኢርን (Pitcairn)",
        "Pacific\/Ponape": "ሚክሮኔዢያ (Pohnpei)",
        "Pacific\/Port_Moresby": "ፓፑዋ ኒው ጊኒ (Port Moresby)",
        "Pacific\/Rarotonga": "ደሴታት ኩክ (Rarotonga)",
        "Pacific\/Saipan": "ደሴታት ሰሜናዊ ማሪያና (Saipan)",
        "Pacific\/Tahiti": "ናይ ፈረንሳይ ፖሊነዝያ (Tahiti)",
        "Pacific\/Tarawa": "ኪሪባቲ (Tarawa)",
        "Pacific\/Tongatapu": "ቶንጋ (Tongatapu)",
        "Pacific\/Truk": "ሚክሮኔዢያ (Chuuk)",
        "Pacific\/Wake": "ናይ ኣሜሪካ ፍንትት ዝበሉ ደሴታት (Wake)",
        "Pacific\/Wallis": "ዋሊስን ፉቱናን (Wallis)"
    },
    "Meta": []
}
