{
    "Version": "2.1.8.9",
    "Names": {
        "Africa\/Abidjan": "عابدجان",
        "Africa\/Accra": "اکّرا",
        "Africa\/Addis_Ababa": "عدیس ابابا",
        "Africa\/Algiers": "الجیئرس",
        "Africa\/Asmera": "اسمارا",
        "Africa\/Bamako": "بماکو",
        "Africa\/Bangui": "بنگوئی",
        "Africa\/Banjul": "بنجول",
        "Africa\/Bissau": "بِساؤ",
        "Africa\/Blantyre": "بلینٹائر",
        "Africa\/Brazzaville": "برازاویلے",
        "Africa\/Bujumbura": "بجمبرا",
        "Africa\/Cairo": "قاہرہ",
        "Africa\/Casablanca": "کیسا بلانکا",
        "Africa\/Ceuta": "سیوٹا",
        "Africa\/Conakry": "کونکری",
        "Africa\/Dakar": "ڈکار",
        "Africa\/Dar_es_Salaam": "دار السلام",
        "Africa\/Djibouti": "جبوتی",
        "Africa\/Douala": "ڈوآلا",
        "Africa\/El_Aaiun": "العیون",
        "Africa\/Freetown": "فری ٹاؤن",
        "Africa\/Gaborone": "گبرون",
        "Africa\/Harare": "ہرارے",
        "Africa\/Johannesburg": "جوہانسبرگ",
        "Africa\/Juba": "جوبا",
        "Africa\/Kampala": "کیمپالا",
        "Africa\/Khartoum": "خرطوم",
        "Africa\/Kigali": "کگالی",
        "Africa\/Kinshasa": "کنشاسا",
        "Africa\/Lagos": "لاگوس",
        "Africa\/Libreville": "لبرے ویلے",
        "Africa\/Lome": "لوم",
        "Africa\/Luanda": "لوانڈا",
        "Africa\/Lubumbashi": "لوبمباشی",
        "Africa\/Lusaka": "لیوساکا",
        "Africa\/Malabo": "ملابو",
        "Africa\/Maputo": "مپوٹو",
        "Africa\/Maseru": "مسیرو",
        "Africa\/Mbabane": "مبابین",
        "Africa\/Mogadishu": "موگادیشو",
        "Africa\/Monrovia": "مونروویا",
        "Africa\/Nairobi": "نیروبی",
        "Africa\/Ndjamena": "اینجامینا",
        "Africa\/Niamey": "نیامی",
        "Africa\/Nouakchott": "نواکشوط",
        "Africa\/Ouagadougou": "اؤگاڈؤگوو",
        "Africa\/Porto-Novo": "پورٹو نووو",
        "Africa\/Sao_Tome": "ساؤ ٹوم",
        "Africa\/Tripoli": "ٹریپولی",
        "Africa\/Tunis": "تیونس",
        "Africa\/Windhoek": "ونڈہوک",
        "America\/Adak": "اداک",
        "America\/Anchorage": "اینکریج",
        "America\/Anguilla": "انگویلا",
        "America\/Antigua": "انٹیگوا",
        "America\/Araguaina": "اراگویانا",
        "America\/Argentina\/La_Rioja": "لا ریئوجا",
        "America\/Argentina\/Rio_Gallegos": "ریو گالیگوس",
        "America\/Argentina\/Salta": "سالٹا",
        "America\/Argentina\/San_Juan": "سان جوآن",
        "America\/Argentina\/San_Luis": "سان لوئس",
        "America\/Argentina\/Tucuman": "ٹوکومین",
        "America\/Argentina\/Ushuaia": "اوشوآئیا",
        "America\/Aruba": "اروبا",
        "America\/Asuncion": "اسنسیئن",
        "America\/Bahia": "باہیا",
        "America\/Bahia_Banderas": "بہیا بندراز",
        "America\/Barbados": "باربادوس",
        "America\/Belem": "بیلیم",
        "America\/Belize": "بیلائز",
        "America\/Blanc-Sablon": "بلانک سبلون",
        "America\/Boa_Vista": "بوآ وسٹا",
        "America\/Bogota": "بگوٹا",
        "America\/Boise": "بوائس",
        "America\/Buenos_Aires": "بیونس آئرس",
        "America\/Cambridge_Bay": "کیمبرج کی کھاڑی",
        "America\/Campo_Grande": "کیمپو گرینڈ",
        "America\/Cancun": "کنکیون",
        "America\/Caracas": "کراکاس",
        "America\/Catamarca": "کیٹامارکا",
        "America\/Cayenne": "کیینّی",
        "America\/Cayman": "کیمین",
        "America\/Chicago": "شکاگو",
        "America\/Chihuahua": "چیہوآہوآ",
        "America\/Coral_Harbour": "اٹیکوکن",
        "America\/Cordoba": "کورڈوبا",
        "America\/Costa_Rica": "کوسٹا ریکا",
        "America\/Creston": "کریسٹون",
        "America\/Cuiaba": "کوئیابا",
        "America\/Curacao": "کیوراکاؤ",
        "America\/Danmarkshavn": "ڈنمارک شاون",
        "America\/Dawson": "ڈاؤسن",
        "America\/Dawson_Creek": "ڈاؤسن کریک",
        "America\/Denver": "ڈینور",
        "America\/Detroit": "ڈیٹرائٹ",
        "America\/Dominica": "ڈومنیکا",
        "America\/Edmonton": "ایڈمونٹن",
        "America\/Eirunepe": "ایرونیپ",
        "America\/El_Salvador": "ال سلواڈور",
        "America\/Fortaleza": "فورٹالیزا",
        "America\/Glace_Bay": "گلیس کی کھاڑی",
        "America\/Godthab": "گاڈتھیب",
        "America\/Goose_Bay": "گوس کی کھاڑی",
        "America\/Grand_Turk": "عظیم ترک",
        "America\/Grenada": "غرناطہ",
        "America\/Guadeloupe": "گواڈیلوپ",
        "America\/Guatemala": "گواٹے مالا",
        "America\/Guayaquil": "گوآیاکوئل",
        "America\/Guyana": "گیانا",
        "America\/Halifax": "ہیلیفیکس",
        "America\/Havana": "ہوانا",
        "America\/Hermosillo": "ہرموسیلو",
        "America\/Indiana\/Knox": "کنوکس، انڈیانا",
        "America\/Indiana\/Marengo": "مرینگو، انڈیانا",
        "America\/Indiana\/Petersburg": "پیٹرزبرگ، انڈیانا",
        "America\/Indiana\/Tell_City": "ٹیل سٹی، انڈیانا",
        "America\/Indiana\/Vevay": "ویوے، انڈیانا",
        "America\/Indiana\/Vincennes": "ونسینیز، انڈیانا",
        "America\/Indiana\/Winamac": "وینامیک، انڈیانا",
        "America\/Indianapolis": "انڈیاناپولس",
        "America\/Inuvik": "انووِک",
        "America\/Iqaluit": "ایکالوئٹ",
        "America\/Jamaica": "جمائیکا",
        "America\/Jujuy": "جوجوئی",
        "America\/Juneau": "جونیئو",
        "America\/Kentucky\/Monticello": "مونٹیسیلو، کینٹوکی",
        "America\/Kralendijk": "کرالینڈیجک",
        "America\/La_Paz": "لا پاز",
        "America\/Lima": "لیما",
        "America\/Los_Angeles": "لاس اینجلس",
        "America\/Louisville": "لوئس ویلے",
        "America\/Lower_Princes": "لوور پرنسس کوارٹر",
        "America\/Maceio": "میسیئو",
        "America\/Managua": "مناگوآ",
        "America\/Manaus": "مناؤس",
        "America\/Marigot": "میریگوٹ",
        "America\/Martinique": "مارٹینک",
        "America\/Matamoros": "میٹاموروس",
        "America\/Mazatlan": "میزٹلان",
        "America\/Mendoza": "مینڈوزا",
        "America\/Menominee": "مینومینی",
        "America\/Merida": "میریڈا",
        "America\/Metlakatla": "میٹلا کاٹلا",
        "America\/Mexico_City": "میکسیکو سٹی",
        "America\/Miquelon": "میکلیئون",
        "America\/Moncton": "مونکٹن",
        "America\/Monterrey": "مونٹیری",
        "America\/Montevideo": "مونٹی ویڈیو",
        "America\/Montserrat": "مونٹسیراٹ",
        "America\/Nassau": "نساؤ",
        "America\/New_York": "نیو یارک",
        "America\/Nipigon": "نپیگون",
        "America\/Nome": "نوم",
        "America\/Noronha": "نورونہا",
        "America\/North_Dakota\/Beulah": "بیولاہ، شمالی ڈکوٹا",
        "America\/North_Dakota\/Center": "وسط، شمالی ڈکوٹا",
        "America\/North_Dakota\/New_Salem": "نیو سلیم، شمالی ڈکوٹا",
        "America\/Ojinaga": "اوجیناگا",
        "America\/Panama": "پنامہ",
        "America\/Pangnirtung": "پینگنِرٹنگ",
        "America\/Paramaribo": "پراماریبو",
        "America\/Phoenix": "فینکس",
        "America\/Port-au-Prince": "پورٹ او پرنس",
        "America\/Port_of_Spain": "پورٹ آف اسپین",
        "America\/Porto_Velho": "پورٹو ویلہو",
        "America\/Puerto_Rico": "پیورٹو ریکو",
        "America\/Rainy_River": "رینی ریور",
        "America\/Rankin_Inlet": "رینکن انلیٹ",
        "America\/Recife": "ریسائف",
        "America\/Regina": "ریجینا",
        "America\/Resolute": "ریزولیوٹ",
        "America\/Rio_Branco": "ریئو برینکو",
        "America\/Santa_Isabel": "سانتا ایزابیل",
        "America\/Santarem": "سنٹارین",
        "America\/Santiago": "سنٹیاگو",
        "America\/Santo_Domingo": "سانتو ڈومنگو",
        "America\/Sao_Paulo": "ساؤ پالو",
        "America\/Scoresbysund": "اسکورز بائی سنڈ",
        "America\/Sitka": "سیٹکا",
        "America\/St_Barthelemy": "سینٹ برتھیلمی",
        "America\/St_Johns": "سینٹ جانز",
        "America\/St_Kitts": "سینٹ کٹس",
        "America\/St_Lucia": "سینٹ لوسیا",
        "America\/St_Thomas": "سینٹ تھامس",
        "America\/St_Vincent": "سینٹ ونسنٹ",
        "America\/Swift_Current": "سوِفٹ کرنٹ",
        "America\/Tegucigalpa": "ٹیگوسیگالپے",
        "America\/Thule": "تھولو",
        "America\/Thunder_Bay": "تھنڈر بے",
        "America\/Tijuana": "تیجوآنا",
        "America\/Toronto": "ٹورنٹو",
        "America\/Tortola": "ٹورٹولا",
        "America\/Vancouver": "وینکوور",
        "America\/Whitehorse": "وہائٹ ہارس",
        "America\/Winnipeg": "ونّیپیگ",
        "America\/Yakutat": "یکوٹیٹ",
        "America\/Yellowknife": "ایلو نائف",
        "Antarctica\/Casey": "کیسی",
        "Antarctica\/Davis": "ڈیوس",
        "Antarctica\/DumontDUrville": "ڈومونٹ ڈی ارویلے",
        "Antarctica\/Macquarie": "میکواری",
        "Antarctica\/Mawson": "ماؤسن",
        "Antarctica\/McMurdo": "میک مرڈو",
        "Antarctica\/Palmer": "پلمیر",
        "Antarctica\/Rothera": "روتھیرا",
        "Antarctica\/Syowa": "سیووا",
        "Antarctica\/Troll": "ٹرول",
        "Antarctica\/Vostok": "ووستوک",
        "Arctic\/Longyearbyen": "لانگ ایئر بین",
        "Asia\/Aden": "عدن",
        "Asia\/Almaty": "الماٹی",
        "Asia\/Amman": "امّان",
        "Asia\/Anadyr": "انیدر",
        "Asia\/Aqtau": "اکتاؤ",
        "Asia\/Aqtobe": "اکٹوب",
        "Asia\/Ashgabat": "اشغبت",
        "Asia\/Baghdad": "بغداد",
        "Asia\/Bahrain": "بحرین",
        "Asia\/Baku": "باکو",
        "Asia\/Bangkok": "بنکاک",
        "Asia\/Beirut": "بیروت",
        "Asia\/Bishkek": "بشکیک",
        "Asia\/Brunei": "برونئی",
        "Asia\/Calcutta": "کولکاتا",
        "Asia\/Choibalsan": "چوئبالسان",
        "Asia\/Chongqing": "چانگ کنگ",
        "Asia\/Colombo": "کولمبو",
        "Asia\/Damascus": "دمشق",
        "Asia\/Dhaka": "ڈھاکہ",
        "Asia\/Dili": "ڈلی",
        "Asia\/Dubai": "دوبئی",
        "Asia\/Dushanbe": "دوشانبے",
        "Asia\/Gaza": "غزہ",
        "Asia\/Harbin": "ہربِن",
        "Asia\/Hebron": "ہیبرون",
        "Asia\/Hong_Kong": "ہانگ کانگ",
        "Asia\/Hovd": "ہووارڈ",
        "Asia\/Irkutsk": "ارکتسک",
        "Asia\/Jakarta": "جکارتہ",
        "Asia\/Jayapura": "جے پورہ",
        "Asia\/Jerusalem": "یروشلم",
        "Asia\/Kabul": "کابل",
        "Asia\/Kamchatka": "کیمچٹکا",
        "Asia\/Karachi": "کراچی",
        "Asia\/Kashgar": "کاشغر",
        "Asia\/Katmandu": "کاٹھمنڈو",
        "Asia\/Khandyga": "خندیگا",
        "Asia\/Krasnoyarsk": "کریسنویارسک",
        "Asia\/Kuala_Lumpur": "کوالا لمپور",
        "Asia\/Kuching": "کیوچنگ",
        "Asia\/Kuwait": "کویت",
        "Asia\/Macau": "مکاؤ",
        "Asia\/Magadan": "میگیدن",
        "Asia\/Makassar": "مکاسر",
        "Asia\/Manila": "منیلا",
        "Asia\/Muscat": "مسقط",
        "Asia\/Nicosia": "نکوسیا",
        "Asia\/Novokuznetsk": "نوووکیوزنیسک",
        "Asia\/Novosibirsk": "نوووسِبِرسک",
        "Asia\/Omsk": "اومسک",
        "Asia\/Oral": "زبانی",
        "Asia\/Phnom_Penh": "پنوم پن",
        "Asia\/Pontianak": "پونٹیانک",
        "Asia\/Pyongyang": "پیونگ یانگ",
        "Asia\/Qatar": "قطر",
        "Asia\/Qyzylorda": "کیزیلورڈا",
        "Asia\/Rangoon": "رنگون",
        "Asia\/Riyadh": "ریاض",
        "Asia\/Saigon": "ہو چی منہ سٹی",
        "Asia\/Sakhalin": "سخالین",
        "Asia\/Samarkand": "سمرقند",
        "Asia\/Seoul": "سیئول",
        "Asia\/Shanghai": "شنگھائی",
        "Asia\/Singapore": "سنگاپور",
        "Asia\/Taipei": "تائپے",
        "Asia\/Tashkent": "تاشقند",
        "Asia\/Tbilisi": "طبلیسی",
        "Asia\/Tehran": "تہران",
        "Asia\/Thimphu": "تھمپو",
        "Asia\/Tokyo": "ٹوکیو",
        "Asia\/Ulaanbaatar": "اولان باتار",
        "Asia\/Urumqi": "یورومکی",
        "Asia\/Ust-Nera": "Ust-Nera",
        "Asia\/Vientiane": "وینٹیانا",
        "Asia\/Vladivostok": "ولادی ووستک",
        "Asia\/Yakutsk": "یکوتسک",
        "Asia\/Yekaterinburg": "یکاٹیرِنبرگ",
        "Asia\/Yerevan": "یریوان",
        "Atlantic\/Azores": "ازوریس",
        "Atlantic\/Bermuda": "برمودا",
        "Atlantic\/Canary": "کینری",
        "Atlantic\/Cape_Verde": "کیپ ورڈی",
        "Atlantic\/Faeroe": "فروئی",
        "Atlantic\/Madeira": "مڈیئرا",
        "Atlantic\/Reykjavik": "ریکجاوک",
        "Atlantic\/South_Georgia": "جنوبی جارجیا",
        "Atlantic\/St_Helena": "سینٹ ہیلینا",
        "Atlantic\/Stanley": "اسٹینلے",
        "Australia\/Adelaide": "اڈیلائڈ",
        "Australia\/Brisbane": "برسبین",
        "Australia\/Broken_Hill": "بروکن ہِل",
        "Australia\/Currie": "کیوری",
        "Australia\/Darwin": "ڈارون",
        "Australia\/Eucla": "ایوکلا",
        "Australia\/Hobart": "ہوبارٹ",
        "Australia\/Lindeman": "لِنڈمین",
        "Australia\/Lord_Howe": "لارڈ ہووے",
        "Australia\/Melbourne": "ملبورن",
        "Australia\/Perth": "پرتھ",
        "Australia\/Sydney": "سڈنی",
        "Etc\/Unknown": "نامعلوم شہر",
        "Europe\/Amsterdam": "ایمسٹرڈم",
        "Europe\/Andorra": "انڈورا",
        "Europe\/Athens": "ایتھنز",
        "Europe\/Belgrade": "بلغراد",
        "Europe\/Berlin": "برلن",
        "Europe\/Bratislava": "بریٹِسلاوا",
        "Europe\/Brussels": "برسلز",
        "Europe\/Bucharest": "بخارسٹ",
        "Europe\/Budapest": "بدھاپیسٹ",
        "Europe\/Busingen": "بزنجن",
        "Europe\/Chisinau": "چیسیناؤ",
        "Europe\/Copenhagen": "کوپن ہیگن",
        "Europe\/Dublin": "ڈبلن",
        "Europe\/Gibraltar": "جبل الطارق",
        "Europe\/Guernsey": "گرنزی",
        "Europe\/Helsinki": "ہیلسنکی",
        "Europe\/Isle_of_Man": "آئل آف مین",
        "Europe\/Istanbul": "استنبول",
        "Europe\/Jersey": "جرسی",
        "Europe\/Kaliningrad": "كالينينغراد",
        "Europe\/Kiev": "کیوو",
        "Europe\/Lisbon": "لسبن",
        "Europe\/Ljubljana": "لیوبلیانا",
        "Europe\/London": "لندن",
        "Europe\/Luxembourg": "لگژمبرگ",
        "Europe\/Madrid": "میڈرڈ",
        "Europe\/Malta": "مالٹا",
        "Europe\/Mariehamn": "میریہام",
        "Europe\/Minsk": "مِنسک",
        "Europe\/Monaco": "موناکو",
        "Europe\/Moscow": "ماسکو",
        "Europe\/Oslo": "اوسلو",
        "Europe\/Paris": "پیرس",
        "Europe\/Podgorica": "پوڈگورسیا",
        "Europe\/Prague": "پراگ",
        "Europe\/Riga": "ریگا",
        "Europe\/Rome": "روم",
        "Europe\/Samara": "سمارا",
        "Europe\/San_Marino": "سان ماریانو",
        "Europe\/Sarajevo": "سراجیوو",
        "Europe\/Simferopol": "سمفروپول",
        "Europe\/Skopje": "اسکوپجے",
        "Europe\/Sofia": "صوفیہ",
        "Europe\/Stockholm": "اسٹاک ہوم",
        "Europe\/Tallinn": "ٹالن",
        "Europe\/Tirane": "ٹیرانی",
        "Europe\/Uzhgorod": "ازگوروڈ",
        "Europe\/Vaduz": "ویڈوز",
        "Europe\/Vatican": "واٹیکن",
        "Europe\/Vienna": "ویانا",
        "Europe\/Vilnius": "وِلنیئس",
        "Europe\/Volgograd": "وولگوگراد",
        "Europe\/Warsaw": "وارسا",
        "Europe\/Zagreb": "زیگریب",
        "Europe\/Zaporozhye": "زیپوروزائی",
        "Europe\/Zurich": "زیورخ",
        "Indian\/Antananarivo": "انٹاناناریوو",
        "Indian\/Chagos": "چاگوس",
        "Indian\/Christmas": "کرسمس",
        "Indian\/Cocos": "کوکوس",
        "Indian\/Comoro": "کومورو",
        "Indian\/Kerguelen": "کرگیولین",
        "Indian\/Mahe": "ماہی",
        "Indian\/Maldives": "مالدیپ",
        "Indian\/Mauritius": "ماریشس",
        "Indian\/Mayotte": "مایوٹ",
        "Indian\/Reunion": "ری یونین",
        "Pacific\/Apia": "اپیا",
        "Pacific\/Auckland": "آکلینڈ",
        "Pacific\/Chatham": "چیتھم",
        "Pacific\/Easter": "ایسٹر",
        "Pacific\/Efate": "ایفیٹ",
        "Pacific\/Enderbury": "اینڈربری",
        "Pacific\/Fakaofo": "فکاؤفو",
        "Pacific\/Fiji": "فجی",
        "Pacific\/Funafuti": "فیونافیوٹی",
        "Pacific\/Galapagos": "گیلاپیگوس",
        "Pacific\/Gambier": "گامبیئر",
        "Pacific\/Guadalcanal": "گواڈل کینال",
        "Pacific\/Guam": "گوآم",
        "Pacific\/Honolulu": "ہونولولو",
        "Pacific\/Johnston": "جانسٹن",
        "Pacific\/Kiritimati": "کریتیماٹی",
        "Pacific\/Kosrae": "کوسرائی",
        "Pacific\/Kwajalein": "کواجیلین",
        "Pacific\/Majuro": "مجورو",
        "Pacific\/Marquesas": "مارکیساس",
        "Pacific\/Midway": "مڈوے",
        "Pacific\/Nauru": "ناؤرو",
        "Pacific\/Niue": "نیئو",
        "Pacific\/Norfolk": "نورفوک",
        "Pacific\/Noumea": "نؤمیا",
        "Pacific\/Pago_Pago": "پاگو پاگو",
        "Pacific\/Palau": "پلاؤ",
        "Pacific\/Pitcairn": "پٹکائرن",
        "Pacific\/Ponape": "پونپیئی",
        "Pacific\/Port_Moresby": "پورٹ موریسبی",
        "Pacific\/Rarotonga": "راروٹونگا",
        "Pacific\/Saipan": "سائپین",
        "Pacific\/Tahiti": "تاہیتی",
        "Pacific\/Tarawa": "ٹراوا",
        "Pacific\/Tongatapu": "ٹونگاٹاپو",
        "Pacific\/Truk": "چیوک",
        "Pacific\/Wake": "ویک",
        "Pacific\/Wallis": "ولّیس"
    }
}
