{
    "Names": {
        "Africa\/Abidjan": "Greenwich Mean Time (Abidjan)",
        "Africa\/Accra": "Greenwich Mean Time (Accra)",
        "Africa\/Addis_Ababa": "East Africa Time (Addis Ababa)",
        "Africa\/Algiers": "Àkókò Àárin Europe (Algiers)",
        "Africa\/Asmera": "East Africa Time (Asmara)",
        "Africa\/Bamako": "Greenwich Mean Time (Bamako)",
        "Africa\/Bangui": "West Africa Time (Bangui)",
        "Africa\/Banjul": "Greenwich Mean Time (Banjul)",
        "Africa\/Bissau": "Greenwich Mean Time (Bissau)",
        "Africa\/Blantyre": "Central Africa Time (Blantyre)",
        "Africa\/Brazzaville": "West Africa Time (Brazzaville)",
        "Africa\/Bujumbura": "Central Africa Time (Bujumbura)",
        "Africa\/Cairo": "Àkókò Ìhà Ìlà Oòrùn Europe (Cairo)",
        "Africa\/Casablanca": "Àkókò Ìwọ Oòrùn Europe (Casablanca)",
        "Africa\/Ceuta": "Àkókò Àárin Europe (Ceuta)",
        "Africa\/Conakry": "Greenwich Mean Time (Conakry)",
        "Africa\/Dakar": "Greenwich Mean Time (Dakar)",
        "Africa\/Dar_es_Salaam": "East Africa Time (Dar es Salaam)",
        "Africa\/Djibouti": "East Africa Time (Djibouti)",
        "Africa\/Douala": "West Africa Time (Douala)",
        "Africa\/El_Aaiun": "Àkókò Ìwọ Oòrùn Europe (El Aaiun)",
        "Africa\/Freetown": "Greenwich Mean Time (Freetown)",
        "Africa\/Gaborone": "Central Africa Time (Gaborone)",
        "Africa\/Harare": "Central Africa Time (Harare)",
        "Africa\/Johannesburg": "South Africa Standard Time (Johannesburg)",
        "Africa\/Juba": "East Africa Time (Juba)",
        "Africa\/Kampala": "East Africa Time (Kampala)",
        "Africa\/Khartoum": "Central Africa Time (Khartoum)",
        "Africa\/Kigali": "Central Africa Time (Kigali)",
        "Africa\/Kinshasa": "West Africa Time (Kinshasa)",
        "Africa\/Lagos": "West Africa Time (Lagos)",
        "Africa\/Libreville": "West Africa Time (Libreville)",
        "Africa\/Lome": "Greenwich Mean Time (Lome)",
        "Africa\/Luanda": "West Africa Time (Luanda)",
        "Africa\/Lubumbashi": "Central Africa Time (Lubumbashi)",
        "Africa\/Lusaka": "Central Africa Time (Lusaka)",
        "Africa\/Malabo": "West Africa Time (Malabo)",
        "Africa\/Maputo": "Central Africa Time (Maputo)",
        "Africa\/Maseru": "South Africa Standard Time (Maseru)",
        "Africa\/Mbabane": "South Africa Standard Time (Mbabane)",
        "Africa\/Mogadishu": "East Africa Time (Mogadishu)",
        "Africa\/Monrovia": "Greenwich Mean Time (Monrovia)",
        "Africa\/Nairobi": "East Africa Time (Nairobi)",
        "Africa\/Ndjamena": "West Africa Time (Ndjamena)",
        "Africa\/Niamey": "West Africa Time (Niamey)",
        "Africa\/Nouakchott": "Greenwich Mean Time (Nouakchott)",
        "Africa\/Ouagadougou": "Greenwich Mean Time (Ouagadougou)",
        "Africa\/Porto-Novo": "West Africa Time (Porto-Novo)",
        "Africa\/Sao_Tome": "Greenwich Mean Time (Sao Tome)",
        "Africa\/Tripoli": "Àkókò Ìhà Ìlà Oòrùn Europe (Tripoli)",
        "Africa\/Tunis": "Àkókò Àárin Europe (Tunis)",
        "Africa\/Windhoek": "Central Africa Time (Windhoek)",
        "America\/Adak": "Àkókò Hawaii-Aleutian (Adak)",
        "America\/Anchorage": "Alaska Time (Anchorage)",
        "America\/Anguilla": "Àkókò Àtìláńtíìkì (Anguilla)",
        "America\/Antigua": "Àkókò Àtìláńtíìkì (Antigua)",
        "America\/Araguaina": "Brasilia Time (Araguaina)",
        "America\/Argentina\/La_Rioja": "Argentina Time (La Rioja)",
        "America\/Argentina\/Rio_Gallegos": "Argentina Time (Rio Gallegos)",
        "America\/Argentina\/Salta": "Argentina Time (Salta)",
        "America\/Argentina\/San_Juan": "Argentina Time (San Juan)",
        "America\/Argentina\/San_Luis": "Argentina Time (San Luis)",
        "America\/Argentina\/Tucuman": "Argentina Time (Tucuman)",
        "America\/Argentina\/Ushuaia": "Argentina Time (Ushuaia)",
        "America\/Aruba": "Àkókò Àtìláńtíìkì (Aruba)",
        "America\/Asuncion": "Paraguay Time (Asuncion)",
        "America\/Bahia": "Brasilia Time (Bahia)",
        "America\/Bahia_Banderas": "àkókò àárín gbùngbùn (Bahia Banderas)",
        "America\/Barbados": "Àkókò Àtìláńtíìkì (Barbados)",
        "America\/Belem": "Brasilia Time (Belem)",
        "America\/Belize": "àkókò àárín gbùngbùn (Belize)",
        "America\/Blanc-Sablon": "Àkókò Àtìláńtíìkì (Blanc-Sablon)",
        "America\/Boa_Vista": "Amazon Time (Boa Vista)",
        "America\/Bogota": "Colombia Time (Bogota)",
        "America\/Boise": "Àkókò òkè (Boise)",
        "America\/Buenos_Aires": "Argentina Time (Buenos Aires)",
        "America\/Cambridge_Bay": "Àkókò òkè (Cambridge Bay)",
        "America\/Campo_Grande": "Amazon Time (Campo Grande)",
        "America\/Cancun": "Àkókò ìhà ìlà oòrùn (Cancun)",
        "America\/Caracas": "Venezuela Time (Caracas)",
        "America\/Catamarca": "Argentina Time (Catamarca)",
        "America\/Cayenne": "French Guiana Time (Cayenne)",
        "America\/Cayman": "Àkókò ìhà ìlà oòrùn (Cayman)",
        "America\/Chicago": "àkókò àárín gbùngbùn (Chicago)",
        "America\/Chihuahua": "Àkókò Pásífíìkì Mẹ́ṣíkò (Chihuahua)",
        "America\/Coral_Harbour": "Àkókò ìhà ìlà oòrùn (Atikokan)",
        "America\/Cordoba": "Argentina Time (Cordoba)",
        "America\/Costa_Rica": "àkókò àárín gbùngbùn (Costa Rica)",
        "America\/Creston": "Àkókò òkè (Creston)",
        "America\/Cuiaba": "Amazon Time (Cuiaba)",
        "America\/Curacao": "Àkókò Àtìláńtíìkì (Curacao)",
        "America\/Danmarkshavn": "Greenwich Mean Time (Danmarkshavn)",
        "America\/Dawson": "Àkókò Pàsífíìkì (Dawson)",
        "America\/Dawson_Creek": "Àkókò òkè (Dawson Creek)",
        "America\/Denver": "Àkókò òkè (Denver)",
        "America\/Detroit": "Àkókò ìhà ìlà oòrùn (Detroit)",
        "America\/Dominica": "Àkókò Àtìláńtíìkì (Dominica)",
        "America\/Edmonton": "Àkókò òkè (Edmonton)",
        "America\/Eirunepe": "Ìgbà Orilẹ̀-èdè Bàràsílì (Eirunepe)",
        "America\/El_Salvador": "àkókò àárín gbùngbùn (El Salvador)",
        "America\/Fort_Nelson": "Àkókò òkè (Fort Nelson)",
        "America\/Fortaleza": "Brasilia Time (Fortaleza)",
        "America\/Glace_Bay": "Àkókò Àtìláńtíìkì (Glace Bay)",
        "America\/Godthab": "Àkókò Ìwọ̀ oorùn Greenland (Nuuk)",
        "America\/Goose_Bay": "Àkókò Àtìláńtíìkì (Goose Bay)",
        "America\/Grand_Turk": "Àkókò ìhà ìlà oòrùn (Grand Turk)",
        "America\/Grenada": "Àkókò Àtìláńtíìkì (Grenada)",
        "America\/Guadeloupe": "Àkókò Àtìláńtíìkì (Guadeloupe)",
        "America\/Guatemala": "àkókò àárín gbùngbùn (Guatemala)",
        "America\/Guayaquil": "Ecuador Time (Guayaquil)",
        "America\/Guyana": "Guyana Time",
        "America\/Halifax": "Àkókò Àtìláńtíìkì (Halifax)",
        "America\/Havana": "Àkókò Kúbà (Havana)",
        "America\/Hermosillo": "Àkókò Pásífíìkì Mẹ́ṣíkò (Hermosillo)",
        "America\/Indiana\/Knox": "àkókò àárín gbùngbùn (Knox, Indiana)",
        "America\/Indiana\/Marengo": "Àkókò ìhà ìlà oòrùn (Marengo, Indiana)",
        "America\/Indiana\/Petersburg": "Àkókò ìhà ìlà oòrùn (Petersburg, Indiana)",
        "America\/Indiana\/Tell_City": "àkókò àárín gbùngbùn (Tell City, Indiana)",
        "America\/Indiana\/Vevay": "Àkókò ìhà ìlà oòrùn (Vevay, Indiana)",
        "America\/Indiana\/Vincennes": "Àkókò ìhà ìlà oòrùn (Vincennes, Indiana)",
        "America\/Indiana\/Winamac": "Àkókò ìhà ìlà oòrùn (Winamac, Indiana)",
        "America\/Indianapolis": "Àkókò ìhà ìlà oòrùn (Indianapolis)",
        "America\/Inuvik": "Àkókò òkè (Inuvik)",
        "America\/Iqaluit": "Àkókò ìhà ìlà oòrùn (Iqaluit)",
        "America\/Jamaica": "Àkókò ìhà ìlà oòrùn (Jamaica)",
        "America\/Jujuy": "Argentina Time (Jujuy)",
        "America\/Juneau": "Alaska Time (Juneau)",
        "America\/Kentucky\/Monticello": "Àkókò ìhà ìlà oòrùn (Monticello, Kentucky)",
        "America\/Kralendijk": "Àkókò Àtìláńtíìkì (Kralendijk)",
        "America\/La_Paz": "Bolivia Time (La Paz)",
        "America\/Lima": "Peru Time (Lima)",
        "America\/Los_Angeles": "Àkókò Pàsífíìkì (Los Angeles)",
        "America\/Louisville": "Àkókò ìhà ìlà oòrùn (Louisville)",
        "America\/Lower_Princes": "Àkókò Àtìláńtíìkì (Lower Prince’s Quarter)",
        "America\/Maceio": "Brasilia Time (Maceio)",
        "America\/Managua": "àkókò àárín gbùngbùn (Managua)",
        "America\/Manaus": "Amazon Time (Manaus)",
        "America\/Marigot": "Àkókò Àtìláńtíìkì (Marigot)",
        "America\/Martinique": "Àkókò Àtìláńtíìkì (Martinique)",
        "America\/Matamoros": "àkókò àárín gbùngbùn (Matamoros)",
        "America\/Mazatlan": "Àkókò Pásífíìkì Mẹ́ṣíkò (Mazatlan)",
        "America\/Mendoza": "Argentina Time (Mendoza)",
        "America\/Menominee": "àkókò àárín gbùngbùn (Menominee)",
        "America\/Merida": "àkókò àárín gbùngbùn (Merida)",
        "America\/Metlakatla": "Alaska Time (Metlakatla)",
        "America\/Mexico_City": "àkókò àárín gbùngbùn (Mexico City)",
        "America\/Miquelon": "Àkókò Pierre & Miquelon",
        "America\/Moncton": "Àkókò Àtìláńtíìkì (Moncton)",
        "America\/Monterrey": "àkókò àárín gbùngbùn (Monterrey)",
        "America\/Montevideo": "Uruguay Time (Montevideo)",
        "America\/Montreal": "Ìgbà Orílẹ́ède Kánádà (Montreal)",
        "America\/Montserrat": "Àkókò Àtìláńtíìkì (Montserrat)",
        "America\/Nassau": "Àkókò ìhà ìlà oòrùn (Nassau)",
        "America\/New_York": "Àkókò ìhà ìlà oòrùn (New York)",
        "America\/Nipigon": "Àkókò ìhà ìlà oòrùn (Nipigon)",
        "America\/Nome": "Alaska Time (Nome)",
        "America\/Noronha": "Fernando de Noronha Time",
        "America\/North_Dakota\/Beulah": "àkókò àárín gbùngbùn (Beulah, North Dakota)",
        "America\/North_Dakota\/Center": "àkókò àárín gbùngbùn (Center, North Dakota)",
        "America\/North_Dakota\/New_Salem": "àkókò àárín gbùngbùn (New Salem, North Dakota)",
        "America\/Ojinaga": "Àkókò òkè (Ojinaga)",
        "America\/Panama": "Àkókò ìhà ìlà oòrùn (Panama)",
        "America\/Pangnirtung": "Àkókò ìhà ìlà oòrùn (Pangnirtung)",
        "America\/Paramaribo": "Suriname Time (Paramaribo)",
        "America\/Phoenix": "Àkókò òkè (Phoenix)",
        "America\/Port-au-Prince": "Àkókò ìhà ìlà oòrùn (Port-au-Prince)",
        "America\/Port_of_Spain": "Àkókò Àtìláńtíìkì (Port of Spain)",
        "America\/Porto_Velho": "Amazon Time (Porto Velho)",
        "America\/Puerto_Rico": "Àkókò Àtìláńtíìkì (Puerto Rico)",
        "America\/Punta_Arenas": "Chile Time (Punta Arenas)",
        "America\/Rainy_River": "àkókò àárín gbùngbùn (Rainy River)",
        "America\/Rankin_Inlet": "àkókò àárín gbùngbùn (Rankin Inlet)",
        "America\/Recife": "Brasilia Time (Recife)",
        "America\/Regina": "àkókò àárín gbùngbùn (Regina)",
        "America\/Resolute": "àkókò àárín gbùngbùn (Resolute)",
        "America\/Rio_Branco": "Ìgbà Orilẹ̀-èdè Bàràsílì (Rio Branco)",
        "America\/Santa_Isabel": "Àkókò Apá Ìwọ̀ Oorùn Mẹ́ṣíkò (Santa Isabel)",
        "America\/Santarem": "Brasilia Time (Santarem)",
        "America\/Santiago": "Chile Time (Santiago)",
        "America\/Santo_Domingo": "Àkókò Àtìláńtíìkì (Santo Domingo)",
        "America\/Sao_Paulo": "Brasilia Time (Sao Paulo)",
        "America\/Scoresbysund": "Àkókò Ìlà oorùn Greenland (Ittoqqortoormiit)",
        "America\/Sitka": "Alaska Time (Sitka)",
        "America\/St_Barthelemy": "Àkókò Àtìláńtíìkì (St. Barthelemy)",
        "America\/St_Johns": "Àkókò Newfoundland (St. John’s)",
        "America\/St_Kitts": "Àkókò Àtìláńtíìkì (St. Kitts)",
        "America\/St_Lucia": "Àkókò Àtìláńtíìkì (St. Lucia)",
        "America\/St_Thomas": "Àkókò Àtìláńtíìkì (St. Thomas)",
        "America\/St_Vincent": "Àkókò Àtìláńtíìkì (St. Vincent)",
        "America\/Swift_Current": "àkókò àárín gbùngbùn (Swift Current)",
        "America\/Tegucigalpa": "àkókò àárín gbùngbùn (Tegucigalpa)",
        "America\/Thule": "Àkókò Àtìláńtíìkì (Thule)",
        "America\/Thunder_Bay": "Àkókò ìhà ìlà oòrùn (Thunder Bay)",
        "America\/Tijuana": "Àkókò Pàsífíìkì (Tijuana)",
        "America\/Toronto": "Àkókò ìhà ìlà oòrùn (Toronto)",
        "America\/Tortola": "Àkókò Àtìláńtíìkì (Tortola)",
        "America\/Vancouver": "Àkókò Pàsífíìkì (Vancouver)",
        "America\/Whitehorse": "Àkókò Pàsífíìkì (Whitehorse)",
        "America\/Winnipeg": "àkókò àárín gbùngbùn (Winnipeg)",
        "America\/Yakutat": "Alaska Time (Yakutat)",
        "America\/Yellowknife": "Àkókò òkè (Yellowknife)",
        "Antarctica\/Casey": "Western Australia Time (Casey)",
        "Antarctica\/Davis": "Davis Time",
        "Antarctica\/DumontDUrville": "Dumont-d’Urville Time",
        "Antarctica\/Macquarie": "Macquarie Island Time",
        "Antarctica\/Mawson": "Mawson Time",
        "Antarctica\/McMurdo": "New Zealand Time (McMurdo)",
        "Antarctica\/Palmer": "Chile Time (Palmer)",
        "Antarctica\/Rothera": "Rothera Time",
        "Antarctica\/Syowa": "Syowa Time",
        "Antarctica\/Troll": "Greenwich Mean Time (Troll)",
        "Antarctica\/Vostok": "Vostok Time",
        "Arctic\/Longyearbyen": "Àkókò Àárin Europe (Longyearbyen)",
        "Asia\/Aden": "Arabian Time (Aden)",
        "Asia\/Almaty": "East Kazakhstan Time (Almaty)",
        "Asia\/Amman": "Àkókò Ìhà Ìlà Oòrùn Europe (Amman)",
        "Asia\/Anadyr": "Ìgbà Orílẹ́ède Rọṣia (Anadyr)",
        "Asia\/Aqtau": "West Kazakhstan Time (Aqtau)",
        "Asia\/Aqtobe": "West Kazakhstan Time (Aqtobe)",
        "Asia\/Ashgabat": "Turkmenistan Time (Ashgabat)",
        "Asia\/Atyrau": "West Kazakhstan Time (Atyrau)",
        "Asia\/Baghdad": "Arabian Time (Baghdad)",
        "Asia\/Bahrain": "Arabian Time (Bahrain)",
        "Asia\/Baku": "Azerbaijan Time (Baku)",
        "Asia\/Bangkok": "Àkókò Indochina (Bangkok)",
        "Asia\/Barnaul": "Ìgbà Orílẹ́ède Rọṣia (Barnaul)",
        "Asia\/Beirut": "Àkókò Ìhà Ìlà Oòrùn Europe (Beirut)",
        "Asia\/Bishkek": "Kyrgyzstan Time (Bishkek)",
        "Asia\/Brunei": "Brunei Darussalam Time",
        "Asia\/Calcutta": "India Standard Time (Kolkata)",
        "Asia\/Chita": "Yakutsk Time (Chita)",
        "Asia\/Choibalsan": "Ulaanbaatar Time (Choibalsan)",
        "Asia\/Colombo": "India Standard Time (Colombo)",
        "Asia\/Damascus": "Àkókò Ìhà Ìlà Oòrùn Europe (Damascus)",
        "Asia\/Dhaka": "Bangladesh Time (Dhaka)",
        "Asia\/Dili": "Àkókò Ìlà oorùn Timor (Dili)",
        "Asia\/Dubai": "Gulf Standard Time [translation hint: translate as just \"Gulf Time\"] (Dubai)",
        "Asia\/Dushanbe": "Tajikistan Time (Dushanbe)",
        "Asia\/Famagusta": "Àkókò Ìhà Ìlà Oòrùn Europe (Famagusta)",
        "Asia\/Gaza": "Àkókò Ìhà Ìlà Oòrùn Europe (Gaza)",
        "Asia\/Hebron": "Àkókò Ìhà Ìlà Oòrùn Europe (Hebron)",
        "Asia\/Hong_Kong": "Hong Kong Time",
        "Asia\/Hovd": "Hovd Time",
        "Asia\/Irkutsk": "Irkutsk Time",
        "Asia\/Jakarta": "Àkókò Ìwọ̀ oorùn Indonesia (Jakarta)",
        "Asia\/Jayapura": "Eastern Indonesia Time (Jayapura)",
        "Asia\/Jerusalem": "Israel Time (Jerusalem)",
        "Asia\/Kabul": "Afghanistan Time (Kabul)",
        "Asia\/Kamchatka": "Ìgbà Orílẹ́ède Rọṣia (Kamchatka)",
        "Asia\/Karachi": "Pakistan Time (Karachi)",
        "Asia\/Katmandu": "Nepal Time (Kathmandu)",
        "Asia\/Khandyga": "Yakutsk Time (Khandyga)",
        "Asia\/Krasnoyarsk": "Krasnoyarsk Time",
        "Asia\/Kuala_Lumpur": "Malaysia Time (Kuala Lumpur)",
        "Asia\/Kuching": "Malaysia Time (Kuching)",
        "Asia\/Kuwait": "Arabian Time (Kuwait)",
        "Asia\/Macau": "Àkókò Ṣáínà (Macao)",
        "Asia\/Magadan": "Magadan Time",
        "Asia\/Makassar": "Àkókò Ààrin Gbùngbùn Indonesia (Makassar)",
        "Asia\/Manila": "Philippine Time (Manila)",
        "Asia\/Muscat": "Gulf Standard Time [translation hint: translate as just \"Gulf Time\"] (Muscat)",
        "Asia\/Nicosia": "Àkókò Ìhà Ìlà Oòrùn Europe (Nicosia)",
        "Asia\/Novokuznetsk": "Krasnoyarsk Time (Novokuznetsk)",
        "Asia\/Novosibirsk": "Novosibirsk Time",
        "Asia\/Omsk": "Omsk Time",
        "Asia\/Oral": "West Kazakhstan Time (Oral)",
        "Asia\/Phnom_Penh": "Àkókò Indochina (Phnom Penh)",
        "Asia\/Pontianak": "Àkókò Ìwọ̀ oorùn Indonesia (Pontianak)",
        "Asia\/Pyongyang": "Korean Time (Pyongyang)",
        "Asia\/Qatar": "Arabian Time (Qatar)",
        "Asia\/Qostanay": "East Kazakhstan Time (Qostanay)",
        "Asia\/Qyzylorda": "West Kazakhstan Time (Qyzylorda)",
        "Asia\/Rangoon": "Myanmar Time (Yangon)",
        "Asia\/Riyadh": "Arabian Time (Riyadh)",
        "Asia\/Saigon": "Àkókò Indochina (Ho Chi Minh)",
        "Asia\/Sakhalin": "Sakhalin Time",
        "Asia\/Samarkand": "Uzbekistan Time (Samarkand)",
        "Asia\/Seoul": "Korean Time (Seoul)",
        "Asia\/Shanghai": "Àkókò Ṣáínà (Shanghai)",
        "Asia\/Singapore": "Singapore Standard Time",
        "Asia\/Srednekolymsk": "Magadan Time (Srednekolymsk)",
        "Asia\/Taipei": "Taipei Time",
        "Asia\/Tashkent": "Uzbekistan Time (Tashkent)",
        "Asia\/Tbilisi": "Georgia Time (Tbilisi)",
        "Asia\/Tehran": "Iran Time (Tehran)",
        "Asia\/Thimphu": "Bhutan Time (Thimphu)",
        "Asia\/Tokyo": "Japan Time (Tokyo)",
        "Asia\/Tomsk": "Ìgbà Orílẹ́ède Rọṣia (Tomsk)",
        "Asia\/Ulaanbaatar": "Ulaanbaatar Time",
        "Asia\/Urumqi": "Ìgbà Orilẹ̀-èdè Ṣáínà (Urumqi)",
        "Asia\/Ust-Nera": "Vladivostok Time (Ust-Nera)",
        "Asia\/Vientiane": "Àkókò Indochina (Vientiane)",
        "Asia\/Vladivostok": "Vladivostok Time",
        "Asia\/Yakutsk": "Yakutsk Time",
        "Asia\/Yekaterinburg": "Yekaterinburg Time",
        "Asia\/Yerevan": "Armenia Time (Yerevan)",
        "Atlantic\/Azores": "Azores Time",
        "Atlantic\/Bermuda": "Àkókò Àtìláńtíìkì (Bermuda)",
        "Atlantic\/Canary": "Àkókò Ìwọ Oòrùn Europe (Canary)",
        "Atlantic\/Cape_Verde": "Cape Verde Time",
        "Atlantic\/Faeroe": "Àkókò Ìwọ Oòrùn Europe (Faroe)",
        "Atlantic\/Madeira": "Àkókò Ìwọ Oòrùn Europe (Madeira)",
        "Atlantic\/Reykjavik": "Greenwich Mean Time (Reykjavik)",
        "Atlantic\/South_Georgia": "South Georgia Time",
        "Atlantic\/St_Helena": "Greenwich Mean Time (St. Helena)",
        "Atlantic\/Stanley": "Falkland Islands Time (Stanley)",
        "Australia\/Adelaide": "Central Australia Time (Adelaide)",
        "Australia\/Brisbane": "Eastern Australia Time (Brisbane)",
        "Australia\/Broken_Hill": "Central Australia Time (Broken Hill)",
        "Australia\/Currie": "Eastern Australia Time (Currie)",
        "Australia\/Darwin": "Central Australia Time (Darwin)",
        "Australia\/Eucla": "Australian Central Western Time (Eucla)",
        "Australia\/Hobart": "Eastern Australia Time (Hobart)",
        "Australia\/Lindeman": "Eastern Australia Time (Lindeman)",
        "Australia\/Lord_Howe": "Lord Howe Time",
        "Australia\/Melbourne": "Eastern Australia Time (Melbourne)",
        "Australia\/Perth": "Western Australia Time (Perth)",
        "Australia\/Sydney": "Eastern Australia Time (Sydney)",
        "CST6CDT": "àkókò àárín gbùngbùn",
        "EST5EDT": "Àkókò ìhà ìlà oòrùn",
        "Etc\/GMT": "Greenwich Mean Time",
        "Etc\/UTC": "Àpapọ̀ Àkókò Àgbáyé",
        "Europe\/Amsterdam": "Àkókò Àárin Europe (Amsterdam)",
        "Europe\/Andorra": "Àkókò Àárin Europe (Andorra)",
        "Europe\/Astrakhan": "Moscow Time (Astrakhan)",
        "Europe\/Athens": "Àkókò Ìhà Ìlà Oòrùn Europe (Athens)",
        "Europe\/Belgrade": "Àkókò Àárin Europe (Belgrade)",
        "Europe\/Berlin": "Àkókò Àárin Europe (Berlin)",
        "Europe\/Bratislava": "Àkókò Àárin Europe (Bratislava)",
        "Europe\/Brussels": "Àkókò Àárin Europe (Brussels)",
        "Europe\/Bucharest": "Àkókò Ìhà Ìlà Oòrùn Europe (Bucharest)",
        "Europe\/Budapest": "Àkókò Àárin Europe (Budapest)",
        "Europe\/Busingen": "Àkókò Àárin Europe (Busingen)",
        "Europe\/Chisinau": "Àkókò Ìhà Ìlà Oòrùn Europe (Chisinau)",
        "Europe\/Copenhagen": "Àkókò Àárin Europe (Copenhagen)",
        "Europe\/Dublin": "Greenwich Mean Time (Dublin)",
        "Europe\/Gibraltar": "Àkókò Àárin Europe (Gibraltar)",
        "Europe\/Guernsey": "Greenwich Mean Time (Guernsey)",
        "Europe\/Helsinki": "Àkókò Ìhà Ìlà Oòrùn Europe (Helsinki)",
        "Europe\/Isle_of_Man": "Greenwich Mean Time (Isle of Man)",
        "Europe\/Istanbul": "Ìgbà Orílẹ́ède Tọọki (Istanbul)",
        "Europe\/Jersey": "Greenwich Mean Time (Jersey)",
        "Europe\/Kaliningrad": "Àkókò Ìhà Ìlà Oòrùn Europe (Kaliningrad)",
        "Europe\/Kiev": "Àkókò Ìhà Ìlà Oòrùn Europe (Kiev)",
        "Europe\/Kirov": "Ìgbà Orílẹ́ède Rọṣia (Kirov)",
        "Europe\/Lisbon": "Àkókò Ìwọ Oòrùn Europe (Lisbon)",
        "Europe\/Ljubljana": "Àkókò Àárin Europe (Ljubljana)",
        "Europe\/London": "Greenwich Mean Time (London)",
        "Europe\/Luxembourg": "Àkókò Àárin Europe (Luxembourg)",
        "Europe\/Madrid": "Àkókò Àárin Europe (Madrid)",
        "Europe\/Malta": "Àkókò Àárin Europe (Malta)",
        "Europe\/Mariehamn": "Àkókò Ìhà Ìlà Oòrùn Europe (Mariehamn)",
        "Europe\/Minsk": "Moscow Time (Minsk)",
        "Europe\/Monaco": "Àkókò Àárin Europe (Monaco)",
        "Europe\/Moscow": "Moscow Time",
        "Europe\/Oslo": "Àkókò Àárin Europe (Oslo)",
        "Europe\/Paris": "Àkókò Àárin Europe (Paris)",
        "Europe\/Podgorica": "Àkókò Àárin Europe (Podgorica)",
        "Europe\/Prague": "Àkókò Àárin Europe (Prague)",
        "Europe\/Riga": "Àkókò Ìhà Ìlà Oòrùn Europe (Riga)",
        "Europe\/Rome": "Àkókò Àárin Europe (Rome)",
        "Europe\/Samara": "Ìgbà Orílẹ́ède Rọṣia (Samara)",
        "Europe\/San_Marino": "Àkókò Àárin Europe (San Marino)",
        "Europe\/Sarajevo": "Àkókò Àárin Europe (Sarajevo)",
        "Europe\/Saratov": "Moscow Time (Saratov)",
        "Europe\/Simferopol": "Moscow Time (Simferopol)",
        "Europe\/Skopje": "Àkókò Àárin Europe (Skopje)",
        "Europe\/Sofia": "Àkókò Ìhà Ìlà Oòrùn Europe (Sofia)",
        "Europe\/Stockholm": "Àkókò Àárin Europe (Stockholm)",
        "Europe\/Tallinn": "Àkókò Ìhà Ìlà Oòrùn Europe (Tallinn)",
        "Europe\/Tirane": "Àkókò Àárin Europe (Tirane)",
        "Europe\/Ulyanovsk": "Moscow Time (Ulyanovsk)",
        "Europe\/Uzhgorod": "Àkókò Ìhà Ìlà Oòrùn Europe (Uzhgorod)",
        "Europe\/Vaduz": "Àkókò Àárin Europe (Vaduz)",
        "Europe\/Vatican": "Àkókò Àárin Europe (Vatican)",
        "Europe\/Vienna": "Àkókò Àárin Europe (Vienna)",
        "Europe\/Vilnius": "Àkókò Ìhà Ìlà Oòrùn Europe (Vilnius)",
        "Europe\/Volgograd": "Volgograd Time",
        "Europe\/Warsaw": "Àkókò Àárin Europe (Warsaw)",
        "Europe\/Zagreb": "Àkókò Àárin Europe (Zagreb)",
        "Europe\/Zaporozhye": "Àkókò Ìhà Ìlà Oòrùn Europe (Zaporozhye)",
        "Europe\/Zurich": "Àkókò Àárin Europe (Zurich)",
        "Indian\/Antananarivo": "East Africa Time (Antananarivo)",
        "Indian\/Chagos": "Indian Ocean Time (Chagos)",
        "Indian\/Christmas": "Christmas Island Time",
        "Indian\/Cocos": "Cocos Islands Time",
        "Indian\/Comoro": "East Africa Time (Comoro)",
        "Indian\/Kerguelen": "French Southern & Antarctic Time (Kerguelen)",
        "Indian\/Mahe": "Seychelles Time (Mahe)",
        "Indian\/Maldives": "Maldives Time",
        "Indian\/Mauritius": "Mauritius Time",
        "Indian\/Mayotte": "East Africa Time (Mayotte)",
        "Indian\/Reunion": "Réunion Time (Reunion)",
        "MST7MDT": "Àkókò òkè",
        "PST8PDT": "Àkókò Pàsífíìkì",
        "Pacific\/Apia": "Apia Time",
        "Pacific\/Auckland": "New Zealand Time (Auckland)",
        "Pacific\/Bougainville": "Papua New Guinea Time (Bougainville)",
        "Pacific\/Chatham": "Chatham Time",
        "Pacific\/Easter": "Easter Island Time",
        "Pacific\/Efate": "Vanuatu Time (Efate)",
        "Pacific\/Enderbury": "Phoenix Islands Time (Enderbury)",
        "Pacific\/Fakaofo": "Tokelau Time (Fakaofo)",
        "Pacific\/Fiji": "Fiji Time",
        "Pacific\/Funafuti": "Tuvalu Time (Funafuti)",
        "Pacific\/Galapagos": "Galapagos Time",
        "Pacific\/Gambier": "Gambier Time",
        "Pacific\/Guadalcanal": "Solomon Islands Time (Guadalcanal)",
        "Pacific\/Guam": "Chamorro Standard Time (Guam)",
        "Pacific\/Honolulu": "Àkókò Hawaii-Aleutian (Honolulu)",
        "Pacific\/Johnston": "Àkókò Hawaii-Aleutian (Johnston)",
        "Pacific\/Kiritimati": "Line Islands Time (Kiritimati)",
        "Pacific\/Kosrae": "Kosrae Time",
        "Pacific\/Kwajalein": "Marshall Islands Time (Kwajalein)",
        "Pacific\/Majuro": "Marshall Islands Time (Majuro)",
        "Pacific\/Marquesas": "Marquesas Time",
        "Pacific\/Midway": "Samoa Time (Midway)",
        "Pacific\/Nauru": "Nauru Time",
        "Pacific\/Niue": "Niue Time",
        "Pacific\/Norfolk": "Norfolk Island Time",
        "Pacific\/Noumea": "New Caledonia Time (Noumea)",
        "Pacific\/Pago_Pago": "Samoa Time (Pago Pago)",
        "Pacific\/Palau": "Palau Time",
        "Pacific\/Pitcairn": "Pitcairn Time",
        "Pacific\/Ponape": "Ponape Time (Pohnpei)",
        "Pacific\/Port_Moresby": "Papua New Guinea Time (Port Moresby)",
        "Pacific\/Rarotonga": "Cook Islands Time (Rarotonga)",
        "Pacific\/Saipan": "Chamorro Standard Time (Saipan)",
        "Pacific\/Tahiti": "Tahiti Time",
        "Pacific\/Tarawa": "Gilbert Islands Time (Tarawa)",
        "Pacific\/Tongatapu": "Tonga Time (Tongatapu)",
        "Pacific\/Truk": "Chuuk Time",
        "Pacific\/Wake": "Wake Island Time",
        "Pacific\/Wallis": "Wallis & Futuna Time"
    },
    "Meta": {
        "GmtFormat": "WAT%s"
    }
}
