{
    "Version": "2.1.8.95",
    "Names": {
        "Africa\/Abidjan": "阿比讓",
        "Africa\/Accra": "阿克拉",
        "Africa\/Addis_Ababa": "阿迪斯阿貝巴",
        "Africa\/Algiers": "阿爾及爾",
        "Africa\/Asmera": "阿斯瑪拉",
        "Africa\/Bamako": "巴馬科",
        "Africa\/Bangui": "班吉",
        "Africa\/Banjul": "班竹",
        "Africa\/Bissau": "比紹",
        "Africa\/Blantyre": "布蘭太爾",
        "Africa\/Brazzaville": "布拉柴維爾",
        "Africa\/Bujumbura": "布松布拉",
        "Africa\/Cairo": "開羅",
        "Africa\/Casablanca": "卡薩布蘭卡",
        "Africa\/Ceuta": "休達",
        "Africa\/Conakry": "柯那克里",
        "Africa\/Dakar": "達喀爾",
        "Africa\/Dar_es_Salaam": "沙蘭港",
        "Africa\/Djibouti": "吉布地",
        "Africa\/Douala": "杜阿拉",
        "Africa\/El_Aaiun": "阿尤恩",
        "Africa\/Freetown": "自由城",
        "Africa\/Gaborone": "嘉柏隆里",
        "Africa\/Harare": "哈拉雷",
        "Africa\/Johannesburg": "約翰尼斯堡",
        "Africa\/Juba": "朱巴",
        "Africa\/Kampala": "坎帕拉",
        "Africa\/Khartoum": "喀土穆",
        "Africa\/Kigali": "基加利",
        "Africa\/Kinshasa": "金夏沙",
        "Africa\/Lagos": "拉哥斯",
        "Africa\/Libreville": "自由市",
        "Africa\/Lome": "洛美",
        "Africa\/Luanda": "羅安達",
        "Africa\/Lubumbashi": "盧本巴希",
        "Africa\/Lusaka": "路沙卡",
        "Africa\/Malabo": "馬拉博",
        "Africa\/Maputo": "馬普托",
        "Africa\/Maseru": "馬賽魯",
        "Africa\/Mbabane": "墨巴本",
        "Africa\/Mogadishu": "摩加迪休",
        "Africa\/Monrovia": "蒙羅維亞",
        "Africa\/Nairobi": "奈洛比",
        "Africa\/Ndjamena": "恩賈梅納",
        "Africa\/Niamey": "尼亞美",
        "Africa\/Nouakchott": "諾克少",
        "Africa\/Ouagadougou": "瓦加杜古",
        "Africa\/Porto-Novo": "波多諾佛",
        "Africa\/Sao_Tome": "聖多美",
        "Africa\/Tripoli": "的黎波里",
        "Africa\/Tunis": "突尼斯",
        "Africa\/Windhoek": "溫得和克",
        "America\/Adak": "艾達克",
        "America\/Anchorage": "安克拉治",
        "America\/Anguilla": "安吉拉",
        "America\/Antigua": "安地卡",
        "America\/Araguaina": "阿拉圭那",
        "America\/Argentina\/La_Rioja": "拉略哈",
        "America\/Argentina\/Rio_Gallegos": "里奧加耶戈斯",
        "America\/Argentina\/Salta": "薩爾塔",
        "America\/Argentina\/San_Juan": "聖胡安",
        "America\/Argentina\/San_Luis": "聖路易",
        "America\/Argentina\/Tucuman": "吐庫曼",
        "America\/Argentina\/Ushuaia": "烏斯懷亞",
        "America\/Aruba": "阿路巴",
        "America\/Asuncion": "亞松森",
        "America\/Bahia": "巴伊阿",
        "America\/Bahia_Banderas": "巴伊亞班德拉斯",
        "America\/Barbados": "巴貝多",
        "America\/Belem": "貝倫",
        "America\/Belize": "貝里斯",
        "America\/Blanc-Sablon": "白朗薩布隆",
        "America\/Boa_Vista": "保維斯塔",
        "America\/Bogota": "波哥大",
        "America\/Boise": "波夕",
        "America\/Buenos_Aires": "布宜諾斯艾利斯",
        "America\/Cambridge_Bay": "劍橋灣",
        "America\/Campo_Grande": "格蘭場",
        "America\/Cancun": "坎昆",
        "America\/Caracas": "卡拉卡斯",
        "America\/Catamarca": "卡塔馬卡",
        "America\/Cayenne": "開雲",
        "America\/Cayman": "開曼群島",
        "America\/Chicago": "芝加哥",
        "America\/Chihuahua": "奇華華",
        "America\/Coral_Harbour": "阿蒂科肯",
        "America\/Cordoba": "哥多華",
        "America\/Costa_Rica": "哥斯大黎加",
        "America\/Creston": "克雷斯頓",
        "America\/Cuiaba": "古雅巴",
        "America\/Curacao": "庫拉索",
        "America\/Danmarkshavn": "丹馬沙文",
        "America\/Dawson": "道森",
        "America\/Dawson_Creek": "道森克里克",
        "America\/Denver": "丹佛",
        "America\/Detroit": "底特律",
        "America\/Dominica": "多明尼加",
        "America\/Edmonton": "艾德蒙吞",
        "America\/Eirunepe": "艾魯內佩",
        "America\/El_Salvador": "薩爾瓦多",
        "America\/Fortaleza": "福塔力莎",
        "America\/Glace_Bay": "格雷斯貝",
        "America\/Godthab": "努克",
        "America\/Goose_Bay": "鵝灣",
        "America\/Grand_Turk": "大特克島",
        "America\/Grenada": "格瑞納達",
        "America\/Guadeloupe": "瓜地洛普",
        "America\/Guatemala": "瓜地馬拉",
        "America\/Guayaquil": "瓜亞基爾",
        "America\/Guyana": "蓋亞那",
        "America\/Halifax": "哈里法克斯",
        "America\/Havana": "哈瓦那",
        "America\/Hermosillo": "埃莫西約",
        "America\/Indiana\/Knox": "印第安那州諾克斯",
        "America\/Indiana\/Marengo": "印第安那州馬倫哥",
        "America\/Indiana\/Petersburg": "印第安那州彼得堡",
        "America\/Indiana\/Tell_City": "印第安那州泰爾城",
        "America\/Indiana\/Vevay": "印第安那州維威",
        "America\/Indiana\/Vincennes": "印第安那州溫森斯",
        "America\/Indiana\/Winamac": "印第安那州威納馬克",
        "America\/Indianapolis": "印第安那波里斯",
        "America\/Inuvik": "伊奴維克",
        "America\/Iqaluit": "伊魁特",
        "America\/Jamaica": "牙買加",
        "America\/Jujuy": "胡胡伊",
        "America\/Juneau": "朱諾",
        "America\/Kentucky\/Monticello": "肯塔基州蒙地卻羅",
        "America\/Kralendijk": "克拉倫代克",
        "America\/La_Paz": "拉巴斯",
        "America\/Lima": "利馬",
        "America\/Los_Angeles": "洛杉磯",
        "America\/Louisville": "路易斯維爾",
        "America\/Lower_Princes": "下太子區",
        "America\/Maceio": "馬瑟歐",
        "America\/Managua": "馬拿瓜",
        "America\/Manaus": "瑪瑙斯",
        "America\/Marigot": "馬里戈特",
        "America\/Martinique": "馬丁尼克",
        "America\/Matamoros": "馬塔莫羅斯",
        "America\/Mazatlan": "馬薩特蘭",
        "America\/Mendoza": "門多薩",
        "America\/Menominee": "美諾米尼",
        "America\/Merida": "梅里達",
        "America\/Metlakatla": "梅特拉卡特拉",
        "America\/Mexico_City": "墨西哥市",
        "America\/Miquelon": "密啟崙",
        "America\/Moncton": "蒙克頓",
        "America\/Monterrey": "蒙特瑞",
        "America\/Montevideo": "蒙特維多",
        "America\/Montserrat": "蒙哲臘",
        "America\/Nassau": "拿索",
        "America\/New_York": "紐約",
        "America\/Nipigon": "尼皮岡",
        "America\/Nome": "諾姆",
        "America\/Noronha": "諾倫哈",
        "America\/North_Dakota\/Beulah": "北達科他州布由拉",
        "America\/North_Dakota\/Center": "北達科他州中心",
        "America\/North_Dakota\/New_Salem": "北達科他州紐沙倫",
        "America\/Ojinaga": "奧希納加",
        "America\/Panama": "巴拿馬",
        "America\/Pangnirtung": "潘尼爾東",
        "America\/Paramaribo": "巴拉馬利波",
        "America\/Phoenix": "鳳凰城",
        "America\/Port-au-Prince": "太子港",
        "America\/Port_of_Spain": "西班牙港",
        "America\/Porto_Velho": "維留港",
        "America\/Puerto_Rico": "波多黎各",
        "America\/Rainy_River": "雨河鎮",
        "America\/Rankin_Inlet": "蘭今灣",
        "America\/Recife": "雷西非",
        "America\/Regina": "里賈納",
        "America\/Resolute": "羅斯魯特",
        "America\/Rio_Branco": "里約布蘭",
        "America\/Santa_Isabel": "聖伊薩貝爾",
        "America\/Santarem": "聖塔倫",
        "America\/Santiago": "聖地牙哥",
        "America\/Santo_Domingo": "聖多明哥",
        "America\/Sao_Paulo": "聖保羅",
        "America\/Scoresbysund": "伊托科爾托米特",
        "America\/Sitka": "錫特卡",
        "America\/St_Barthelemy": "聖巴托洛繆島",
        "America\/St_Johns": "聖約翰",
        "America\/St_Kitts": "聖基茨",
        "America\/St_Lucia": "聖露西亞",
        "America\/St_Thomas": "聖托馬斯",
        "America\/St_Vincent": "聖文森",
        "America\/Swift_Current": "斯威夫特卡倫特",
        "America\/Tegucigalpa": "德古斯加巴",
        "America\/Thule": "杜里",
        "America\/Thunder_Bay": "珊德灣",
        "America\/Tijuana": "提華納",
        "America\/Toronto": "多倫多",
        "America\/Tortola": "托爾托拉",
        "America\/Vancouver": "溫哥華",
        "America\/Whitehorse": "懷特霍斯",
        "America\/Winnipeg": "溫尼伯",
        "America\/Yakutat": "雅庫塔",
        "America\/Yellowknife": "耶洛奈夫",
        "Antarctica\/Casey": "凱西",
        "Antarctica\/Davis": "戴維斯",
        "Antarctica\/DumontDUrville": "杜蒙杜比爾",
        "Antarctica\/Macquarie": "麥覺理",
        "Antarctica\/Mawson": "莫森",
        "Antarctica\/McMurdo": "麥克默多",
        "Antarctica\/Palmer": "帕麥",
        "Antarctica\/Rothera": "羅瑟拉",
        "Antarctica\/Syowa": "昭和基地",
        "Antarctica\/Troll": "綽爾",
        "Antarctica\/Vostok": "沃斯托克",
        "Arctic\/Longyearbyen": "隆意耳拜恩",
        "Asia\/Aden": "亞丁",
        "Asia\/Almaty": "阿拉木圖",
        "Asia\/Amman": "安曼",
        "Asia\/Anadyr": "阿那底",
        "Asia\/Aqtau": "阿克套",
        "Asia\/Aqtobe": "阿克托比",
        "Asia\/Ashgabat": "阿什哈巴特",
        "Asia\/Baghdad": "巴格達",
        "Asia\/Bahrain": "巴林",
        "Asia\/Baku": "巴庫",
        "Asia\/Bangkok": "曼谷",
        "Asia\/Beirut": "貝魯特",
        "Asia\/Bishkek": "比什凱克",
        "Asia\/Brunei": "汶萊",
        "Asia\/Calcutta": "加爾各答",
        "Asia\/Choibalsan": "喬巴山",
        "Asia\/Chongqing": "重慶",
        "Asia\/Colombo": "可倫坡",
        "Asia\/Damascus": "大馬士革",
        "Asia\/Dhaka": "達卡",
        "Asia\/Dili": "帝力",
        "Asia\/Dubai": "杜拜",
        "Asia\/Dushanbe": "杜桑貝",
        "Asia\/Gaza": "加薩",
        "Asia\/Harbin": "哈爾濱",
        "Asia\/Hebron": "赫布隆",
        "Asia\/Hong_Kong": "中華人民共和國香港特別行政區",
        "Asia\/Hovd": "科布多",
        "Asia\/Irkutsk": "伊爾庫次克",
        "Asia\/Jakarta": "雅加達",
        "Asia\/Jayapura": "加亞布拉",
        "Asia\/Jerusalem": "耶路撒冷",
        "Asia\/Kabul": "喀布爾",
        "Asia\/Kamchatka": "堪察加",
        "Asia\/Karachi": "喀拉蚩",
        "Asia\/Kashgar": "喀什米爾",
        "Asia\/Katmandu": "加德滿都",
        "Asia\/Khandyga": "堪地加",
        "Asia\/Krasnoyarsk": "克拉斯諾亞爾斯克",
        "Asia\/Kuala_Lumpur": "吉隆坡",
        "Asia\/Kuching": "古晉",
        "Asia\/Kuwait": "科威特",
        "Asia\/Macau": "中華人民共和國澳門特別行政區",
        "Asia\/Magadan": "馬加丹",
        "Asia\/Makassar": "馬卡沙爾",
        "Asia\/Manila": "馬尼拉",
        "Asia\/Muscat": "馬斯喀特",
        "Asia\/Nicosia": "尼古西亞",
        "Asia\/Novokuznetsk": "新庫茲涅茨克",
        "Asia\/Novosibirsk": "新西伯利亞",
        "Asia\/Omsk": "鄂木斯克",
        "Asia\/Oral": "烏拉爾",
        "Asia\/Phnom_Penh": "金邊",
        "Asia\/Pontianak": "坤甸",
        "Asia\/Pyongyang": "平壤",
        "Asia\/Qatar": "卡達",
        "Asia\/Qyzylorda": "克孜勒奧爾達",
        "Asia\/Rangoon": "仰光",
        "Asia\/Riyadh": "利雅德",
        "Asia\/Saigon": "胡志明市",
        "Asia\/Sakhalin": "庫頁島",
        "Asia\/Samarkand": "撒馬爾罕",
        "Asia\/Seoul": "首爾",
        "Asia\/Shanghai": "上海",
        "Asia\/Singapore": "新加坡",
        "Asia\/Taipei": "台北",
        "Asia\/Tashkent": "塔什干",
        "Asia\/Tbilisi": "第比利斯",
        "Asia\/Tehran": "德黑蘭",
        "Asia\/Thimphu": "廷布",
        "Asia\/Tokyo": "東京",
        "Asia\/Ulaanbaatar": "烏蘭巴托",
        "Asia\/Urumqi": "烏魯木齊",
        "Asia\/Ust-Nera": "烏斯內拉",
        "Asia\/Vientiane": "永珍",
        "Asia\/Vladivostok": "海參崴",
        "Asia\/Yakutsk": "雅庫次克",
        "Asia\/Yekaterinburg": "葉卡捷林堡",
        "Asia\/Yerevan": "葉里溫",
        "Atlantic\/Azores": "亞速爾群島",
        "Atlantic\/Bermuda": "百慕達",
        "Atlantic\/Canary": "加納利",
        "Atlantic\/Cape_Verde": "維德角",
        "Atlantic\/Faeroe": "法羅群島",
        "Atlantic\/Madeira": "馬得拉群島",
        "Atlantic\/Reykjavik": "雷克雅維克",
        "Atlantic\/South_Georgia": "南喬治亞",
        "Atlantic\/St_Helena": "聖赫勒拿島",
        "Atlantic\/Stanley": "史坦利",
        "Australia\/Adelaide": "阿得雷德",
        "Australia\/Brisbane": "布利斯班",
        "Australia\/Broken_Hill": "布羅肯希爾",
        "Australia\/Currie": "克黎",
        "Australia\/Darwin": "達爾文",
        "Australia\/Eucla": "尤克拉",
        "Australia\/Hobart": "荷巴特",
        "Australia\/Lindeman": "林德曼",
        "Australia\/Lord_Howe": "豪勳爵島",
        "Australia\/Melbourne": "墨爾本",
        "Australia\/Perth": "伯斯",
        "Australia\/Sydney": "雪梨",
        "Etc\/Unknown": "未知城市",
        "Europe\/Amsterdam": "阿姆斯特丹",
        "Europe\/Andorra": "安道爾",
        "Europe\/Athens": "雅典",
        "Europe\/Belgrade": "貝爾格勒",
        "Europe\/Berlin": "柏林",
        "Europe\/Bratislava": "布拉提斯拉瓦",
        "Europe\/Brussels": "布魯塞爾",
        "Europe\/Bucharest": "布加勒斯特",
        "Europe\/Budapest": "布達佩斯",
        "Europe\/Busingen": "布辛根",
        "Europe\/Chisinau": "奇西瑙",
        "Europe\/Copenhagen": "哥本哈根",
        "Europe\/Dublin": "都柏林",
        "Europe\/Gibraltar": "直布羅陀",
        "Europe\/Guernsey": "根息島",
        "Europe\/Helsinki": "赫爾辛基",
        "Europe\/Isle_of_Man": "曼島",
        "Europe\/Istanbul": "伊斯坦堡",
        "Europe\/Jersey": "澤西島",
        "Europe\/Kaliningrad": "加里寧格勒",
        "Europe\/Kiev": "基輔",
        "Europe\/Lisbon": "里斯本",
        "Europe\/Ljubljana": "盧比安納",
        "Europe\/London": "倫敦",
        "Europe\/Luxembourg": "盧森堡",
        "Europe\/Madrid": "馬德里",
        "Europe\/Malta": "馬爾他",
        "Europe\/Mariehamn": "瑪麗港",
        "Europe\/Minsk": "明斯克",
        "Europe\/Monaco": "摩納哥",
        "Europe\/Moscow": "莫斯科",
        "Europe\/Oslo": "奧斯陸",
        "Europe\/Paris": "巴黎",
        "Europe\/Podgorica": "波多里察",
        "Europe\/Prague": "布拉格",
        "Europe\/Riga": "里加",
        "Europe\/Rome": "羅馬",
        "Europe\/Samara": "沙馬拉",
        "Europe\/San_Marino": "聖馬利諾",
        "Europe\/Sarajevo": "塞拉耶佛",
        "Europe\/Simferopol": "辛非洛浦",
        "Europe\/Skopje": "史高比耶",
        "Europe\/Sofia": "索菲亞",
        "Europe\/Stockholm": "斯德哥爾摩",
        "Europe\/Tallinn": "塔林",
        "Europe\/Tirane": "地拉那",
        "Europe\/Uzhgorod": "烏茲哥洛",
        "Europe\/Vaduz": "瓦都茲",
        "Europe\/Vatican": "梵蒂岡",
        "Europe\/Vienna": "維也納",
        "Europe\/Vilnius": "維爾紐斯",
        "Europe\/Volgograd": "伏爾加格勒",
        "Europe\/Warsaw": "華沙",
        "Europe\/Zagreb": "札格雷布",
        "Europe\/Zaporozhye": "札波羅結",
        "Europe\/Zurich": "蘇黎世",
        "Indian\/Antananarivo": "安塔那那利佛",
        "Indian\/Chagos": "查戈斯",
        "Indian\/Christmas": "聖誕島",
        "Indian\/Cocos": "科科斯群島",
        "Indian\/Comoro": "科摩羅群島",
        "Indian\/Kerguelen": "凱爾蓋朗島",
        "Indian\/Mahe": "馬埃島",
        "Indian\/Maldives": "馬爾地夫",
        "Indian\/Mauritius": "模里西斯",
        "Indian\/Mayotte": "馬約特島",
        "Indian\/Reunion": "留尼旺島",
        "Pacific\/Apia": "阿皮亞",
        "Pacific\/Auckland": "奧克蘭",
        "Pacific\/Chatham": "查坦",
        "Pacific\/Easter": "復活島",
        "Pacific\/Efate": "埃法特",
        "Pacific\/Enderbury": "恩得伯理島",
        "Pacific\/Fakaofo": "法考福",
        "Pacific\/Fiji": "斐濟",
        "Pacific\/Funafuti": "富那富提",
        "Pacific\/Galapagos": "加拉巴哥群島",
        "Pacific\/Gambier": "甘比爾群島",
        "Pacific\/Guadalcanal": "瓜達康納爾島",
        "Pacific\/Guam": "關島",
        "Pacific\/Honolulu": "檀香山",
        "Pacific\/Johnston": "強斯頓",
        "Pacific\/Kiritimati": "基里地馬地島",
        "Pacific\/Kosrae": "科斯瑞",
        "Pacific\/Kwajalein": "瓜加林島",
        "Pacific\/Majuro": "馬朱諾",
        "Pacific\/Marquesas": "馬可薩斯島",
        "Pacific\/Midway": "中途島",
        "Pacific\/Nauru": "諾魯",
        "Pacific\/Niue": "紐埃島",
        "Pacific\/Norfolk": "諾福克",
        "Pacific\/Noumea": "諾美亞",
        "Pacific\/Pago_Pago": "巴哥巴哥",
        "Pacific\/Palau": "帛琉",
        "Pacific\/Pitcairn": "皮特肯群島",
        "Pacific\/Ponape": "波納佩",
        "Pacific\/Port_Moresby": "莫士比港",
        "Pacific\/Rarotonga": "拉羅湯加",
        "Pacific\/Saipan": "塞班",
        "Pacific\/Tahiti": "大溪地",
        "Pacific\/Tarawa": "塔拉瓦",
        "Pacific\/Tongatapu": "東加塔布島",
        "Pacific\/Truk": "楚克",
        "Pacific\/Wake": "威克",
        "Pacific\/Wallis": "瓦利斯"
    }
}
